entry_time,exit_time,entry,exit,sl,tp,pnl,exit_hit,risk,reward
2025-08-09 21:46:00+00:00,2025-08-10 08:08:00+00:00,3387.8430749999998,3380.3789650000003,3382.07,3399.389224999999,-2.1005004843678363,sl,5.773074999999608,11.546149999999216
2025-08-10 11:44:00+00:00,2025-08-10 13:50:00+00:00,3389.1237149999997,3384.22704,3385.92,3395.531144999999,-1.7213261371788562,sl,3.2037149999996473,6.4074299999992945
2025-08-10 15:12:00+00:00,2025-08-10 17:17:00+00:00,3389.1037049999995,3382.417945,3384.11,3399.0911149999984,-1.9846159458659929,sl,4.993704999999409,9.987409999998818
2025-08-10 18:25:00+00:00,2025-08-10 20:51:00+00:00,3390.664485,3386.156075,3387.85,3396.2934549999995,-1.6631957991693254,sl,2.814484999999877,5.628969999999754
2025-08-10 22:01:00+00:00,2025-08-10 22:11:00+00:00,3393.3958499999994,3383.3075000000003,3385.0,3410.1875499999983,-2.483125534122894,sl,8.395849999999427,16.791699999998855
2025-08-10 22:57:00+00:00,2025-08-10 23:57:00+00:00,3388.8135599999996,3381.158575,3382.85,3400.740679999999,-2.1262014065677057,sl,5.963559999999688,11.927119999999377
2025-08-11 00:24:00+00:00,2025-08-11 00:37:00+00:00,3383.6309699999997,3376.5708700000005,3378.26,3394.3729099999987,-2.0397626791660883,sl,5.370969999999488,10.741939999998976
2025-08-11 01:50:00+00:00,2025-08-11 02:17:00+00:00,3372.5554349999998,3365.37647,3367.06,3383.5463049999994,-2.0603438971816206,sl,5.495434999999816,10.990869999999632
2025-08-11 02:23:00+00:00,2025-08-11 06:25:00+00:00,3373.4758949999996,3364.89671,3366.58,3387.267684999999,-2.266619903985163,sl,6.895894999999655,13.79178999999931
2025-08-11 06:50:00+00:00,2025-08-11 06:59:00+00:00,3366.8025599999996,3360.5788700000003,3362.26,3375.8876799999985,-1.9198010653181359,sl,4.542559999999412,9.085119999998824
2025-08-11 08:23:00+00:00,2025-08-11 09:09:00+00:00,3360.55944,3352.9726750000004,3354.65,3372.37832,-2.123333050631972,sl,5.909439999999904,11.818879999999808
2025-08-11 10:07:00+00:00,2025-08-11 11:47:00+00:00,3354.6464849999998,3343.317505,3344.99,3373.9594549999997,-2.680819512566815,sl,9.656484999999975,19.31296999999995
2025-08-11 12:01:00+00:00,2025-08-11 12:30:00+00:00,3351.7550399999996,3341.56838,3343.24,3368.785119999999,-2.5117433850816644,sl,8.515039999999772,17.030079999999543
2025-08-11 13:43:00+00:00,2025-08-11 14:32:00+00:00,3352.3953599999995,3345.90621,3347.58,3362.0260799999987,-1.9614254078580418,sl,4.8153599999996,9.6307199999992
2025-08-11 15:29:00+00:00,2025-08-11 16:31:00+00:00,3348.5034149999997,3341.3384950000004,3343.01,3359.4902449999986,-2.0626666281417503,sl,5.493414999999459,10.986829999998918
2025-08-11 17:22:00+00:00,2025-08-11 17:37:00+00:00,3342.580455,3346.8071243174995,3339.63,3348.481364999999,-0.36721780196492293,tp,2.9504549999996925,5.900909999999385
2025-08-11 18:28:00+00:00,2025-08-11 20:03:00+00:00,3361.2998099999995,3348.5848700000006,3350.26,3383.379429999998,-2.880213774383743,sl,11.039809999999306,22.079619999998613
2025-08-11 22:01:00+00:00,2025-08-12 00:15:00+00:00,3341.64999,3345.836215015,3338.72,3347.50997,-0.3729472807062272,tp,2.929990000000089,5.859980000000178
2025-08-12 00:34:00+00:00,2025-08-12 01:36:00+00:00,3352.0751999999998,3345.796265,3347.47,3361.2855999999997,-1.928799923783573,sl,4.605199999999968,9.210399999999936
2025-08-12 01:48:00+00:00,2025-08-12 03:33:00+00:00,3352.93563,3345.496415,3347.17,3364.4668899999997,-2.1003948892024704,sl,5.765629999999874,11.531259999999747
2025-08-12 04:27:00+00:00,2025-08-12 06:05:00+00:00,3350.05419,3343.8672300000003,3345.54,3359.0825699999996,-1.914922552485786,sl,4.514189999999871,9.028379999999743
2025-08-12 07:02:00+00:00,2025-08-12 11:20:00+00:00,3344.9816549999996,3337.660335,3339.33,3356.284964999999,-2.0846403821297343,sl,5.651654999999664,11.303309999999328
2025-08-12 11:33:00+00:00,2025-08-12 11:36:00+00:00,3345.1917599999997,3337.580375,3339.25,3357.075279999999,-2.1272600174609315,sl,5.941759999999704,11.883519999999407
2025-08-12 11:40:00+00:00,2025-08-12 14:11:00+00:00,3345.1217249999995,3337.580375,3339.25,3356.8651749999985,-2.116419013203592,sl,5.871724999999515,11.74344999999903
2025-08-12 17:22:00+00:00,2025-08-12 17:26:00+00:00,3347.582955,3342.7278,3344.4,3353.9488649999994,-1.7162399646654545,sl,3.1829549999997653,6.3659099999995306
2025-08-12 18:59:00+00:00,2025-08-12 19:05:00+00:00,3345.89211,3342.0381450000004,3343.71,3350.2563299999993,-1.5675801912262444,sl,2.1821099999997386,4.364219999999477
2025-08-12 20:50:00+00:00,2025-08-12 21:06:00+00:00,3344.9016149999998,3340.38897,3342.06,3350.5848449999994,-1.6653640974962503,sl,2.8416149999998197,5.683229999999639
2025-08-12 22:04:00+00:00,2025-08-13 00:00:00+00:00,3344.49141,3338.6298500000003,3340.3,3352.87423,-1.8655694679041757,sl,4.191409999999905,8.38281999999981
2025-08-13 01:11:00+00:00,2025-08-13 01:24:00+00:00,3341.1897599999998,3334.39197,3336.06,3351.4492799999994,-2.005282544140382,sl,5.129759999999806,10.259519999999611
2025-08-13 01:35:00+00:00,2025-08-13 07:30:00+00:00,3340.9096199999994,3348.9335555699986,3336.06,3350.6088599999985,0.19853360588185154,tp,4.849619999999504,9.699239999999008
2025-08-13 08:33:00+00:00,2025-08-14 00:23:00+00:00,3348.77355,3357.341139675,3343.65,3359.0206499999995,0.27637130171857605,tp,5.1235499999997955,10.247099999999591
2025-08-14 01:50:00+00:00,2025-08-14 02:51:00+00:00,3360.53943,3352.40296,3354.08,3373.4582899999996,-2.197019257554673,sl,6.459429999999884,12.918859999999768
2025-08-14 03:53:00+00:00,2025-08-14 06:04:00+00:00,3351.4648949999996,3347.04564,3348.72,3356.9546849999992,-1.6489992727668792,sl,2.744894999999815,5.48978999999963
2025-08-14 06:43:00+00:00,2025-08-14 07:41:00+00:00,3351.4648949999996,3346.9157050000003,3348.59,3357.2146849999986,-1.6679754000663067,sl,2.8748949999994693,5.749789999998939
2025-08-14 08:25:00+00:00,2025-08-14 12:30:00+00:00,3344.5414349999996,3337.0206550000003,3338.69,3356.244304999999,-2.110163445653026,sl,5.851434999999583,11.702869999999166
2025-08-14 12:44:00+00:00,2025-08-14 13:25:00+00:00,3342.45039,3333.3424950000003,3335.01,3357.3311699999995,-2.3460863980915447,sl,7.440389999999752,14.880779999999504
2025-08-14 14:33:00+00:00,2025-08-14 14:41:00+00:00,3340.679505,3335.3315000000002,3337.0,3348.038515,-1.7877742062490611,sl,3.679505000000063,7.359010000000126
2025-08-14 15:49:00+00:00,2025-08-14 16:09:00+00:00,3337.0977149999994,3330.343995,3332.01,3347.273144999998,-1.99728920805314,sl,5.087714999999207,10.175429999998414
2025-08-14 16:47:00+00:00,2025-08-17 23:17:00+00:00,3330.5944649999997,3322.9377,3324.6,3342.583394999999,-2.133336308775944,sl,5.994464999999764,11.988929999999527
2025-08-18 00:15:00+00:00,2025-08-18 04:07:00+00:00,3331.7250299999996,3348.1002024549994,3322.7,3349.775089999999,1.4445525138701534,tp,9.025029999999788,18.050059999999576
2025-08-18 04:32:00+00:00,2025-08-18 05:15:00+00:00,3351.685005,3374.5468974924997,3339.41,3376.2350149999997,2.3901538561605324,tp,12.275004999999965,24.55000999999993
2025-08-18 05:54:00+00:00,2025-08-18 08:14:00+00:00,3345.45189,3339.999165,3341.67,3353.0156699999993,-1.8017954005440182,sl,3.7818899999997484,7.563779999999497
2025-08-18 08:47:00+00:00,2025-08-18 12:57:00+00:00,3347.2727999999997,3338.719805,3340.39,3361.0383999999995,-2.260440312938632,sl,6.882799999999861,13.765599999999722
2025-08-18 13:25:00+00:00,2025-08-18 13:34:00+00:00,3341.14974,3336.1710800000005,3337.84,3347.769219999999,-1.7317374538962582,sl,3.3097399999996924,6.619479999999385
2025-08-18 14:35:00+00:00,2025-08-18 14:54:00+00:00,3336.717525,3330.3639850000004,3332.03,3346.0925749999997,-1.9367148259808895,sl,4.687524999999823,9.375049999999646
2025-08-18 15:22:00+00:00,2025-08-18 16:02:00+00:00,3334.176255,3329.764285,3331.43,3339.668765,-1.648388385216667,sl,2.746255000000019,5.492510000000038
2025-08-18 17:01:00+00:00,2025-08-18 17:02:00+00:00,3334.796565,3326.585875,3328.25,3347.8896950000003,-2.212578390959492,sl,6.5465650000001006,13.093130000000201
2025-08-18 17:47:00+00:00,2025-08-18 18:00:00+00:00,3333.175755,3328.3849750000004,3330.05,3339.4272650000003,-1.7042594672256797,sl,3.1257550000000265,6.251510000000053
2025-08-18 19:41:00+00:00,2025-08-19 00:00:00+00:00,3332.9156249999996,3328.205065,3329.87,3339.006874999999,-1.6920975262725833,sl,3.0456249999997453,6.091249999999491
2025-08-19 00:08:00+00:00,2025-08-19 13:10:00+00:00,3334.0661999999998,3324.8467450000003,3326.51,3349.178599999999,-2.3614709135705096,sl,7.556199999999535,15.11239999999907
2025-08-19 13:32:00+00:00,2025-08-19 13:58:00+00:00,3331.6549949999994,3339.274512507498,3327.01,3340.944984999998,0.14114488172578732,tp,4.644994999999199,9.289989999998397
2025-08-19 15:38:00+00:00,2025-08-19 15:42:00+00:00,3325.0516949999997,3319.51941,3321.18,3332.7950849999993,-1.8154758864321388,sl,3.871694999999818,7.743389999999636
2025-08-19 17:44:00+00:00,2025-08-19 17:45:00+00:00,3318.788565,3315.4314550000004,3317.09,3322.185694999999,-1.4921686173383062,sl,1.6985649999996895,3.397129999999379
2025-08-19 17:50:00+00:00,2025-08-19 17:50:00+00:00,3317.97816,3315.4314550000004,3317.09,3319.75448,-1.3711450029138892,sl,0.8881599999999708,1.7763199999999415
2025-08-19 18:17:00+00:00,2025-08-19 19:58:00+00:00,3319.3388399999994,3313.3924750000006,3315.05,3327.916519999998,-1.877788069756639,sl,4.288839999999254,8.577679999998509
2025-08-19 21:14:00+00:00,2025-08-19 22:11:00+00:00,3317.01768,3312.9926750000004,3314.65,3321.7530399999996,-1.5913756758161353,sl,2.3676799999998366,4.735359999999673
2025-08-19 22:30:00+00:00,2025-08-19 23:03:00+00:00,3317.41788,3312.9926750000004,3314.65,3322.9536399999997,-1.6507427972648743,sl,2.7678799999998773,5.535759999999755
2025-08-20 00:17:00+00:00,2025-08-20 01:05:00+00:00,3315.5569499999997,3309.40447,3311.06,3324.550849999999,-1.9085858419603285,sl,4.496949999999742,8.993899999999485
2025-08-20 01:20:00+00:00,2025-08-20 02:03:00+00:00,3313.906125,3305.5763850000003,3307.23,3327.258375,-2.233669961433306,sl,6.676124999999956,13.352249999999913
2025-08-20 02:54:00+00:00,2025-08-20 12:07:00+00:00,3310.0241849999998,3324.8692887224993,3301.77,3326.5325549999993,1.2279077593506698,tp,8.25418499999978,16.50836999999956
2025-08-20 12:17:00+00:00,2025-08-22 14:30:00+00:00,3328.98366,3350.3949445099997,3317.44,3352.0709799999995,2.1910069887513375,tp,11.543659999999818,23.087319999999636
2025-08-22 14:48:00+00:00,2025-08-25 21:03:00+00:00,3361.349835,3343.1475900000005,3344.82,3394.4095049999996,-3.669406193932259,sl,16.52983499999982,33.05966999999964
2025-08-25 22:10:00+00:00,2025-08-27 16:49:00+00:00,3352.245285,3383.0434870725003,3336.0,3384.735855,3.5533997044094447,tp,16.245284999999967,32.490569999999934
2025-08-27 18:00:00+00:00,2025-08-27 18:09:00+00:00,3386.2522799999997,3381.22854,3382.92,3392.916839999999,-1.7243560692797195,sl,3.3322799999996278,6.6645599999992555
2025-08-27 18:28:00+00:00,2025-08-28 01:22:00+00:00,3386.6024549999997,3380.2090500000004,3381.9,3396.007364999999,-1.9240248808332088,sl,4.702454999999645,9.40490999999929
2025-08-28 02:47:00+00:00,2025-08-28 04:14:00+00:00,3385.2917999999995,3378.6498300000003,3380.34,3395.1953999999982,-1.9603233853219062,sl,4.951799999999366,9.903599999998733
2025-08-28 04:33:00+00:00,2025-08-28 08:34:00+00:00,3382.9406249999997,3391.1254640624993,3378.0,3392.821874999999,0.2063974054948038,tp,4.940624999999727,9.881249999999454
2025-08-28 10:34:00+00:00,2025-08-28 10:39:00+00:00,3395.17674,3389.8942050000005,3391.59,3402.3502199999994,-1.759175900450534,sl,3.586739999999736,7.173479999999472
2025-08-28 10:46:00+00:00,2025-08-28 12:10:00+00:00,3394.6864949999995,3400.4384152574985,3390.96,3402.1394849999983,-0.15206987461810828,tp,3.7264949999994315,7.452989999998863
2025-08-28 13:16:00+00:00,2025-08-28 14:09:00+00:00,3397.0977,3405.18965345,3392.2,3406.8931,0.18786069200047895,tp,4.897699999999986,9.795399999999972
2025-08-28 14:41:00+00:00,2025-08-28 15:21:00+00:00,3409.4438699999996,3402.27801,3403.98,3420.371609999999,-2.028726096085943,sl,5.463869999999588,10.927739999999176
2025-08-28 15:56:00+00:00,2025-08-28 17:28:00+00:00,3407.592945,3413.8710455825,3403.6,3415.578835,-0.07889119984582138,tp,3.9929449999999633,7.985889999999927
2025-08-28 17:54:00+00:00,2025-08-28 23:50:00+00:00,3419.18874,3413.8822050000003,3415.59,3426.38622,-1.7565638304084406,sl,3.598739999999907,7.197479999999814
2025-08-29 02:41:00+00:00,2025-08-29 03:15:00+00:00,3416.00715,3411.27351,3412.98,3422.0614499999997,-1.6740906353386849,sl,3.0271499999998923,6.054299999999785
2025-08-29 03:27:00+00:00,2025-08-29 04:03:00+00:00,3416.20725,3411.27351,3412.98,3422.6617499999998,-1.7027073586811676,sl,3.2272499999999127,6.454499999999825
2025-08-29 05:08:00+00:00,2025-08-29 05:14:00+00:00,3415.4468699999998,3410.23403,3411.94,3422.460609999999,-1.7429408671458082,sl,3.506869999999708,7.013739999999416
2025-08-29 06:02:00+00:00,2025-08-29 06:43:00+00:00,3414.856575,3410.3339800000003,3412.04,3420.4897249999995,-1.6429303893576814,sl,2.8165749999998297,5.6331499999996595
2025-08-29 07:04:00+00:00,2025-08-29 07:17:00+00:00,3415.04667,3409.33448,3411.04,3423.0600100000006,-1.8146399671879043,sl,4.006670000000213,8.013340000000426
2025-08-29 07:56:00+00:00,2025-08-29 08:02:00+00:00,3413.9261099999994,3422.6861308349985,3408.69,3424.398329999998,0.2784492539809439,tp,5.236109999999371,10.472219999998742
2025-08-29 09:23:00+00:00,2025-08-29 09:36:00+00:00,3413.48589,3406.9856550000004,3408.69,3423.0776699999997,-1.9287236526037876,sl,4.795889999999872,9.591779999999744
2025-08-29 09:49:00+00:00,2025-08-29 09:59:00+00:00,3413.475885,3406.9856550000004,3408.69,3423.0476549999994,-1.926903166538652,sl,4.78588499999978,9.57176999999956
2025-08-29 10:40:00+00:00,2025-08-29 11:11:00+00:00,3411.494895,3406.35597,3408.06,3418.3646849999996,-1.7315729345791468,sl,3.4348949999998695,6.869789999999739
2025-08-29 11:33:00+00:00,2025-08-29 13:36:00+00:00,3413.275785,3421.9955013225,3408.06,3423.7073549999996,0.27271398407573344,tp,5.215784999999869,10.431569999999738
2025-08-29 13:53:00+00:00,2025-08-29 16:01:00+00:00,3430.21425,3451.696038625,3418.61,3453.4227499999997,2.1024965470532653,tp,11.604249999999865,23.20849999999973
2025-08-29 16:38:00+00:00,2025-08-29 18:11:00+00:00,3454.0161449999996,3447.2755,3449.0,3464.048434999999,-1.9514228226932437,sl,5.016144999999597,10.032289999999193
2025-08-29 18:40:00+00:00,2025-08-30 10:04:00+00:00,3452.8955849999998,3464.9933916224995,3445.98,3466.7267549999992,0.7410599652941817,tp,6.915584999999737,13.831169999999474
2025-08-30 11:34:00+00:00,2025-08-30 11:53:00+00:00,3460.1592149999997,3455.33147,3457.06,3466.357644999999,-1.6766337771838749,sl,3.099214999999731,6.198429999999462
2025-08-30 12:03:00+00:00,2025-08-30 16:09:00+00:00,3462.05016,3454.5718500000003,3456.3,3473.550479999999,-2.0537570922922175,sl,5.750159999999596,11.500319999999192
2025-08-30 19:14:00+00:00,2025-08-31 03:38:00+00:00,3462.9506099999994,3457.220525,3458.95,3470.9518299999986,-1.8039958662445505,sl,4.000609999999597,8.001219999999194
2025-08-31 04:04:00+00:00,2025-08-31 08:28:00+00:00,3464.3913299999995,3456.940665,3458.67,3475.8339899999983,-2.048299030943694,sl,5.721329999999398,11.442659999998796
2025-08-31 09:35:00+00:00,2025-08-31 13:10:00+00:00,3463.9711199999997,3457.180545,3458.91,3474.0933599999994,-1.95402887429326,sl,5.061119999999846,10.122239999999692
2025-08-31 13:57:00+00:00,2025-08-31 14:31:00+00:00,3465.61194,3461.6083300000005,3463.34,3470.155819999999,-1.5566835927900864,sl,2.2719399999996313,4.5438799999992625
2025-08-31 14:48:00+00:00,2025-08-31 19:30:00+00:00,3467.55291,3461.3384650000003,3463.07,3476.5187299999993,-1.8704287070188546,sl,4.48290999999972,8.96581999999944
2025-08-31 19:42:00+00:00,2025-08-31 22:00:00+00:00,3466.3723199999995,3461.22852,3462.96,3473.1969599999984,-1.7181409202289077,sl,3.412319999999454,6.824639999998908
2025-08-31 22:36:00+00:00,2025-09-01 00:15:00+00:00,3465.61194,3454.5718500000003,3456.3,3484.235819999999,-2.556428868811012,sl,9.311939999999595,18.62387999999919
2025-09-01 00:29:00+00:00,2025-09-01 01:09:00+00:00,3460.7094899999997,3453.2725,3455.0,3472.128469999999,-2.0450518097781933,sl,5.709489999999732,11.418979999999465
2025-09-01 01:42:00+00:00,2025-09-01 02:07:00+00:00,3459.0986849999995,3473.2985369724984,3451.13,3475.036054999998,1.0358991331757652,tp,7.968684999999368,15.937369999998737
2025-09-01 02:37:00+00:00,2025-09-02 00:37:00+00:00,3481.549905,3505.296190142499,3468.8,3507.049714999999,2.373725845956056,tp,12.749904999999671,25.499809999999343
2025-09-02 00:56:00+00:00,2025-09-02 01:17:00+00:00,3512.1451949999996,3525.671867207499,3504.5,3527.435584999999,0.9112632162622782,tp,7.645194999999603,15.290389999999206
2025-09-02 01:40:00+00:00,2025-09-02 02:11:00+00:00,3531.514875,3524.27698,3526.04,3542.4646249999996,-1.9965103371396542,sl,5.474874999999884,10.949749999999767
2025-09-02 03:41:00+00:00,2025-09-02 05:24:00+00:00,3518.65845,3512.2929750000003,3514.05,3527.8753499999993,-1.877639840306676,sl,4.608449999999721,9.216899999999441
2025-09-02 07:06:00+00:00,2025-09-02 07:24:00+00:00,3503.160705,3493.75225,3495.5,3518.4821149999993,-2.3091049626965905,sl,7.66070499999978,15.32140999999956
2025-09-02 07:44:00+00:00,2025-09-02 07:44:00+00:00,3500.819535,3509.9427556975,3495.38,3511.698605,0.29746405941770593,tp,5.439534999999978,10.879069999999956
2025-09-02 08:43:00+00:00,2025-09-02 08:56:00+00:00,3498.08817,3488.464895,3490.21,3513.84451,-2.340795885675779,sl,7.878169999999955,15.75633999999991
2025-09-02 09:26:00+00:00,2025-09-02 12:43:00+00:00,3497.6379449999995,3488.464895,3490.21,3512.4938349999984,-2.2770353754971393,sl,7.427944999999454,14.855889999998908
2025-09-02 13:31:00+00:00,2025-09-02 14:42:00+00:00,3502.0701599999998,3516.771214759999,3493.84,3518.530479999999,1.080904265433721,tp,8.230159999999614,16.46031999999923
2025-09-02 15:06:00+00:00,2025-09-03 12:57:00+00:00,3528.52338,3565.06671493,3509.36,3566.85014,4.113029978578856,tp,19.16337999999996,38.32675999999992
2025-09-03 13:29:00+00:00,2025-09-03 13:33:00+00:00,3574.3862999999997,3566.725745,3568.51,3586.1388999999986,-2.0415671994990614,sl,5.876299999999446,11.752599999998893
2025-09-03 13:55:00+00:00,2025-09-03 16:59:00+00:00,3569.72397,3580.6806740450006,3563.35,3582.47191,0.5255728423003696,tp,6.373970000000099,12.747940000000199
2025-09-03 17:47:00+00:00,2025-09-03 18:32:00+00:00,3588.2832449999996,3580.119045,3581.91,3601.029734999999,-2.106283916765651,sl,6.37324499999977,12.74648999999954
2025-09-03 18:58:00+00:00,2025-09-03 19:01:00+00:00,3584.1911999999998,3578.6697700000004,3580.46,3591.653599999999,-1.7440944040672703,sl,3.731199999999717,7.462399999999434
2025-09-03 20:18:00+00:00,2025-09-03 20:48:00+00:00,3577.22772,3571.923145,3573.71,3584.2631599999995,-1.71542139331993,sl,3.5177199999998265,7.035439999999653
2025-09-03 21:54:00+00:00,2025-09-03 23:07:00+00:00,3575.34678,3570.5138500000003,3572.3,3581.440339999999,-1.650582767472736,sl,3.0467799999996714,6.093559999999343
2025-09-03 23:57:00+00:00,2025-09-03 23:57:00+00:00,3574.9665899999995,3571.55333,3573.34,3578.2197699999983,-1.45496526208148,sl,1.6265899999993962,3.2531799999987925
2025-09-04 00:23:00+00:00,2025-09-04 01:22:00+00:00,3575.917065,3567.2954600000003,3569.08,3589.5911950000004,-2.17123639107528,sl,6.837065000000166,13.674130000000332
2025-09-04 04:05:00+00:00,2025-09-04 05:20:00+00:00,3546.21222,3538.23,3540.0,3558.6366599999997,-2.0920024392842906,sl,6.212219999999888,12.424439999999777
2025-09-04 06:27:00+00:00,2025-09-05 12:30:00+00:00,3545.7619949999994,3565.982102007498,3534.76,3567.7659849999977,1.8199374594065074,tp,11.00199499999917,22.00398999999834
2025-09-05 13:43:00+00:00,2025-09-05 14:39:00+00:00,3584.601405,3575.7812150000004,3577.57,3598.6642149999993,-2.195074803289347,sl,7.031404999999722,14.062809999999445
2025-09-05 14:57:00+00:00,2025-09-06 16:28:00+00:00,3589.303755,3622.0993093675,3572.0,3623.9112649999997,3.5088260793007495,tp,17.30375499999991,34.60750999999982
2025-09-06 16:31:00+00:00,2025-09-06 19:40:00+00:00,3625.5818849999996,3611.91314,3613.72,3649.305654999999,-2.8395793367872617,sl,11.861884999999802,23.723769999999604
2025-09-06 19:57:00+00:00,2025-09-06 20:30:00+00:00,3623.69094,3617.3004450000003,3619.11,3632.8528199999996,-1.8519217199597675,sl,4.580939999999828,9.161879999999655
2025-09-06 20:35:00+00:00,2025-09-06 21:45:00+00:00,3623.8109999999997,3618.32993,3620.14,3631.1529999999993,-1.728144510072223,sl,3.6709999999998217,7.3419999999996435
2025-09-06 23:34:00+00:00,2025-09-06 23:53:00+00:00,3618.10815,3625.590747775,3613.46,3627.40445,0.03249415030453495,tp,4.648149999999987,9.296299999999974
2025-09-07 02:12:00+00:00,2025-09-07 02:56:00+00:00,3625.601895,3620.42888,3622.24,3632.325685,-1.685707298473519,sl,3.361895000000004,6.723790000000008
2025-09-07 04:15:00+00:00,2025-09-07 04:29:00+00:00,3621.4898399999997,3614.192,3616.0,3632.469519999999,-1.9746187816319747,sl,5.489839999999731,10.979679999999462
2025-09-07 05:04:00+00:00,2025-09-07 07:21:00+00:00,3620.90955,3614.661765,3616.47,3629.78865,-1.8318624031804964,sl,4.439550000000054,8.879100000000108
2025-09-07 07:56:00+00:00,2025-09-07 08:06:00+00:00,3619.4888399999995,3613.15252,3614.96,3628.5465199999985,-1.8438730229345133,sl,4.528839999999491,9.057679999998982
2025-09-07 08:26:00+00:00,2025-09-07 10:38:00+00:00,3620.939565,3611.923135,3613.73,3635.3586950000004,-2.2068022537244554,sl,7.2095650000001115,14.419130000000223
2025-09-07 11:15:00+00:00,2025-09-07 18:29:00+00:00,3618.898545,3612.7827050000005,3614.59,3627.5156349999997,-1.8133305931569839,sl,4.308544999999867,8.617089999999735
2025-09-07 19:31:00+00:00,2025-09-07 19:45:00+00:00,3618.678435,3611.7932,3613.6,3628.8353049999996,-1.917455571257766,sl,5.0784349999998994,10.156869999999799
2025-09-07 21:01:00+00:00,2025-09-07 21:23:00+00:00,3618.878535,3611.143525,3612.95,3630.735605,-2.0323177507315986,sl,5.928535000000011,11.857070000000022
2025-09-07 23:45:00+00:00,2025-09-08 00:03:00+00:00,3603.2307149999997,3596.2609700000003,3598.06,3613.572144999999,-1.9322020737713663,sl,5.1707149999997455,10.341429999999491
2025-09-08 00:45:00+00:00,2025-09-08 00:48:00+00:00,3599.3187599999997,3593.82219,3595.62,3606.716279999999,-1.731985217178499,sl,3.6987599999997656,7.397519999999531
2025-09-08 00:53:00+00:00,2025-09-08 01:10:00+00:00,3599.5288649999998,3593.82219,3595.62,3607.3465949999995,-1.760277444781088,sl,3.908864999999878,7.817729999999756
2025-09-08 02:00:00+00:00,2025-09-08 03:11:00+00:00,3599.77899,3592.672765,3594.47,3610.39697,-1.9506456309277893,sl,5.308989999999994,10.617979999999989
2025-09-08 03:26:00+00:00,2025-09-08 03:26:00+00:00,3598.0881449999997,3595.031585,3596.83,3600.6044349999993,-1.3986550064060577,sl,1.2581449999997858,2.5162899999995716
2025-09-08 05:01:00+00:00,2025-09-08 07:04:00+00:00,3594.25623,3603.5260256550005,3588.72,3605.3286900000003,0.2830047798935872,tp,5.53623000000016,11.07246000000032
2025-09-08 07:40:00+00:00,2025-09-08 13:46:00+00:00,3621.659925,3637.3401951125,3612.91,3639.159775,1.141544082528506,tp,8.749925000000076,17.49985000000015
2025-09-08 14:10:00+00:00,2025-09-08 22:34:00+00:00,3643.9410599999997,3632.9626100000005,3634.78,3662.2631799999986,-2.459756743776189,sl,9.161059999999452,18.322119999998904
2025-09-08 23:05:00+00:00,2025-09-09 00:17:00+00:00,3638.2182,3644.2515627,3634.29,3646.0745999999995,-0.1685292836180291,tp,3.9281999999998334,7.856399999999667
2025-09-09 00:53:00+00:00,2025-09-09 01:59:00+00:00,3648.68343,3655.421664855,3644.4,3657.25029,-0.07612681624874673,tp,4.283429999999953,8.566859999999906
2025-09-09 02:03:00+00:00,2025-09-09 02:45:00+00:00,3656.70744,3666.548128840001,3650.87,3668.3823200000006,0.3379258244207468,tp,5.837440000000242,11.674880000000485
2025-09-09 04:11:00+00:00,2025-09-09 06:09:00+00:00,3658.958565,3651.763205,3653.59,3669.6956949999994,-1.9460823264534945,sl,5.368564999999762,10.737129999999524
2025-09-09 06:42:00+00:00,2025-09-09 15:15:00+00:00,3658.8184949999995,3644.5168300000005,3646.34,3683.7754849999983,-2.8979833960026022,sl,12.478494999999384,24.95698999999877
2025-09-09 15:33:00+00:00,2025-09-09 20:56:00+00:00,3654.196185,3637.2704550000003,3639.09,3684.408554999999,-3.251518634313078,sl,15.106184999999641,30.212369999999282
2025-09-09 22:51:00+00:00,2025-09-10 00:51:00+00:00,3641.329755,3630.973605,3632.79,3658.4092650000007,-2.3744580850254,sl,8.539755000000241,17.079510000000482
2025-09-10 01:35:00+00:00,2025-09-10 06:20:00+00:00,3636.9175499999997,3648.707383674999,3630.11,3650.5326499999987,0.607281738659622,tp,6.807549999999537,13.615099999999074
2025-09-10 06:45:00+00:00,2025-09-10 07:01:00+00:00,3650.2542149999995,3643.4973400000003,3645.32,3660.122644999998,-1.8875768414994571,sl,4.934214999999313,9.868429999998625
2025-09-10 07:05:00+00:00,2025-09-10 12:30:00+00:00,3650.6744249999997,3660.552083362499,3644.82,3662.383274999999,0.34467128348742615,tp,5.854424999999537,11.708849999999074
2025-09-10 13:19:00+00:00,2025-09-10 15:10:00+00:00,3651.955065,3642.69774,3644.52,3666.8251950000003,-2.222225890224676,sl,7.435065000000122,14.870130000000245
2025-09-10 15:38:00+00:00,2025-09-10 19:34:00+00:00,3649.20369,3636.36091,3638.18,3671.25107,-2.7038043131184426,sl,11.023689999999988,22.047379999999976
2025-09-10 19:57:00+00:00,2025-09-11 02:25:00+00:00,3645.10164,3634.851665,3636.67,3661.9649199999994,-2.356763530156919,sl,8.431639999999788,16.863279999999577
2025-09-11 02:52:00+00:00,2025-09-11 03:09:00+00:00,3639.1986899999997,3632.3829,3634.2,3649.1960699999995,-1.8965542599244358,sl,4.998689999999897,9.997379999999794
2025-09-11 04:04:00+00:00,2025-09-11 04:30:00+00:00,3635.827005,3629.92413,3631.74,3644.0010150000007,-1.7741660330841507,sl,4.0870050000003175,8.174010000000635
2025-09-11 06:28:00+00:00,2025-09-11 06:59:00+00:00,3631.7049449999995,3625.276455,3627.09,3640.934834999998,-1.8455573767097624,sl,4.614944999999352,9.229889999998704
2025-09-11 07:38:00+00:00,2025-09-11 09:01:00+00:00,3627.59289,3620.2289800000003,3622.04,3638.6986699999998,-1.9723303773715544,sl,5.552889999999934,11.105779999999868
2025-09-11 09:33:00+00:00,2025-09-11 12:31:00+00:00,3620.7794849999996,3632.3413757724984,3614.09,3634.1584549999984,0.5825862958431245,tp,6.689484999999422,13.378969999998844
2025-09-11 13:43:00+00:00,2025-09-12 04:21:00+00:00,3629.1436649999996,3648.8256695024993,3618.39,3650.650994999999,1.6733766523639075,tp,10.753664999999728,21.507329999999456
2025-09-12 05:06:00+00:00,2025-09-12 05:29:00+00:00,3655.356765,3649.864155,3651.69,3662.690295,-1.7144139299889312,sl,3.666764999999941,7.333529999999882
2025-09-12 07:05:00+00:00,2025-09-12 08:11:00+00:00,3651.8149949999997,3644.8466650000005,3646.67,3662.104984999999,-1.9124751970046674,sl,5.144994999999653,10.289989999999307
2025-09-12 08:44:00+00:00,2025-09-12 08:49:00+00:00,3647.08263,3640.1889950000004,3642.01,3657.227889999999,-1.903297246917719,sl,5.072629999999663,10.145259999999325
2025-09-12 09:23:00+00:00,2025-09-12 22:43:00+00:00,3646.7724749999998,3637.30044,3639.12,3662.0774249999995,-2.248683142787244,sl,7.652474999999868,15.304949999999735
2025-09-13 00:55:00+00:00,2025-09-13 01:06:00+00:00,3642.5003399999996,3636.0310750000003,3637.85,3651.801019999999,-1.846704847458427,sl,4.650339999999687,9.300679999999375
2025-09-13 02:51:00+00:00,2025-09-13 02:51:00+00:00,3636.647415,3632.76271,3634.58,3640.782245,-1.5004307591886459,sl,2.0674149999999827,4.134829999999965
2025-09-13 03:07:00+00:00,2025-09-13 03:25:00+00:00,3636.847515,3632.76271,3634.58,3641.382545,-1.527056497660721,sl,2.267515000000003,4.535030000000006
2025-09-13 03:37:00+00:00,2025-09-13 03:53:00+00:00,3637.17768,3630.56381,3632.38,3646.773039999999,-1.8664785102472319,sl,4.797679999999673,9.595359999999346
2025-09-13 05:40:00+00:00,2025-09-13 05:57:00+00:00,3635.0466149999997,3628.5248300000003,3630.34,3644.459844999999,-1.8542690835258386,sl,4.706614999999601,9.413229999999203
2025-09-13 06:23:00+00:00,2025-09-13 06:29:00+00:00,3634.07613,3628.454865,3630.27,3641.68839,-1.7331342413020963,sl,3.806129999999939,7.612259999999878
2025-09-13 07:04:00+00:00,2025-09-13 08:46:00+00:00,3638.7084449999998,3631.22348,3633.04,3650.0453349999993,-1.9819573927858718,sl,5.668444999999792,11.336889999999585
2025-09-13 09:45:00+00:00,2025-09-13 14:05:00+00:00,3635.6169,3628.4348750000004,3630.25,3646.3507,-1.9417313212548382,sl,5.366899999999987,10.733799999999974
2025-09-13 14:37:00+00:00,2025-09-13 15:01:00+00:00,3635.1466649999998,3630.3839,3632.2,3641.0399949999996,-1.6166395256094246,sl,2.946664999999939,5.893329999999878
2025-09-13 15:38:00+00:00,2025-09-13 17:26:00+00:00,3635.2867349999997,3641.318634897499,3631.36,3643.140204999999,-0.16725808070820836,tp,3.926734999999553,7.853469999999106
2025-09-13 17:44:00+00:00,2025-09-13 21:29:00+00:00,3642.14016,3634.1919950000006,3636.01,3654.4004799999993,-2.041916832874135,sl,6.130159999999705,12.26031999999941
2025-09-13 22:10:00+00:00,2025-09-14 03:42:00+00:00,3636.33726,3640.670534109999,3633.26,3642.491779999999,-0.39536236765751187,tp,3.077259999999569,6.154519999999138
2025-09-14 04:58:00+00:00,2025-09-14 05:30:00+00:00,3646.78248,3650.54125628,3643.99,3652.36744,-0.4738692777434331,tp,2.7924800000000687,5.584960000000137
2025-09-14 09:17:00+00:00,2025-09-14 09:32:00+00:00,3648.2532149999997,3644.2669550000005,3646.09,3652.579644999999,-1.5097306632873524,sl,2.163214999999582,4.326429999999164
2025-09-14 11:30:00+00:00,2025-09-14 11:38:00+00:00,3650.7544649999995,3643.447365,3645.27,3661.7233949999986,-1.9528286304497504,sl,5.484464999999545,10.96892999999909
2025-09-14 12:05:00+00:00,2025-09-14 12:53:00+00:00,3650.694435,3642.4278750000003,3644.25,3663.5833049999997,-2.080623811874315,sl,6.444434999999885,12.88886999999977
2025-09-14 13:04:00+00:00,2025-09-14 13:09:00+00:00,3650.2342049999997,3645.67625,3647.5,3655.7026149999992,-1.584948026367355,sl,2.734204999999747,5.468409999999494
2025-09-14 14:24:00+00:00,2025-09-14 14:54:00+00:00,3651.454815,3658.7541527775006,3646.89,3660.5844450000004,-0.0014528353750563605,tp,4.564815000000181,9.129630000000361
2025-09-14 15:26:00+00:00,2025-09-14 19:23:00+00:00,3654.8865299999998,3649.49434,3651.32,3662.019589999999,-1.6951874079276057,sl,3.5665299999996023,7.133059999999205
2025-09-14 20:16:00+00:00,2025-09-14 22:02:00+00:00,3652.8154949999994,3647.91513,3649.74,3658.9664849999986,-1.629674345460089,sl,3.0754949999995915,6.150989999999183
2025-09-14 22:42:00+00:00,2025-09-14 23:19:00+00:00,3648.78348,3642.3878950000003,3644.21,3657.93044,-1.8298253543625183,sl,4.573480000000018,9.146960000000036
2025-09-15 00:12:00+00:00,2025-09-15 00:33:00+00:00,3648.533355,3640.4888450000003,3642.31,3660.980065,-2.049744005883106,sl,6.223355000000083,12.446710000000166
2025-09-15 01:28:00+00:00,2025-09-15 12:44:00+00:00,3641.489835,3652.5023402474994,3635.07,3654.3295049999992,0.4979373204857026,tp,6.4198349999996935,12.839669999999387
2025-09-15 13:00:00+00:00,2025-09-16 00:57:00+00:00,3660.2992349999995,3692.4505561474984,3643.3,3694.297704999998,3.303822538748885,tp,16.999234999999317,33.99846999999863
2025-09-16 01:34:00+00:00,2025-09-16 02:39:00+00:00,3691.94505,3684.39688,3686.24,3703.35515,-1.9719624570971068,sl,5.705050000000028,11.410100000000057
2025-09-16 03:15:00+00:00,2025-09-16 06:57:00+00:00,3691.354755,3700.0333228674995,3686.09,3701.8842649999992,0.17006673388820082,tp,5.264754999999695,10.52950999999939
2025-09-16 08:11:00+00:00,2025-09-16 15:06:00+00:00,3702.1201349999997,3693.93211,3695.78,3714.8004049999986,-2.0530716225625887,sl,6.340134999999464,12.680269999998927
2025-09-16 16:15:00+00:00,2025-09-17 02:30:00+00:00,3698.938545,3686.77569,3688.62,3719.575635,-2.5770328746398103,sl,10.318545000000086,20.63709000000017
2025-09-17 02:47:00+00:00,2025-09-17 06:40:00+00:00,3693.6158849999997,3682.81767,3684.66,3711.5276549999994,-2.3987313693491576,sl,8.955884999999853,17.911769999999706
2025-09-17 09:12:00+00:00,2025-09-17 10:13:00+00:00,3679.228695,3672.4428600000006,3674.28,3689.126084999999,-1.8727357288193636,sl,4.948694999999589,9.897389999999177
2025-09-17 10:46:00+00:00,2025-09-17 10:48:00+00:00,3680.529345,3674.7117250000006,3676.55,3688.4880349999994,-1.7440014438040234,sl,3.9793449999997392,7.9586899999994785
2025-09-17 11:22:00+00:00,2025-09-17 14:17:00+00:00,3679.3987799999995,3693.188821829999,3671.58,3695.0363399999987,0.8497383278488556,tp,7.818779999999606,15.637559999999212
2025-09-17 15:13:00+00:00,2025-09-17 15:29:00+00:00,3698.8384949999995,3692.542805,3694.39,3707.735484999999,-1.8029443463893657,sl,4.448494999999639,8.896989999999278
2025-09-17 16:06:00+00:00,2025-09-17 17:16:00+00:00,3697.637895,3689.804175,3691.65,3709.6136849999994,-2.0053040526312795,sl,5.987894999999753,11.975789999999506
2025-09-17 17:33:00+00:00,2025-09-17 18:01:00+00:00,3695.016585,3685.3564,3687.2,3710.649755,-2.2461296602708023,sl,7.816585000000032,15.633170000000064
2025-09-17 18:03:00+00:00,2025-09-17 18:21:00+00:00,3695.6469,3685.3564,3687.2,3712.540700000001,-2.328360777770433,sl,8.446900000000369,16.893800000000738
2025-09-17 20:36:00+00:00,2025-09-17 22:02:00+00:00,3666.71244,3659.8391650000003,3661.67,3676.797319999999,-1.8852527889947126,sl,5.042439999999715,10.08487999999943
2025-09-17 22:12:00+00:00,2025-09-18 01:10:00+00:00,3666.9725699999995,3659.9691000000003,3661.8,3677.317709999998,-1.9020866904423135,sl,5.1725699999992685,10.345139999998537
2025-09-18 01:41:00+00:00,2025-09-18 01:43:00+00:00,3663.3707699999995,3656.15101,3657.98,3674.1523099999986,-1.9313301056789458,sl,5.39076999999952,10.78153999999904
2025-09-18 02:06:00+00:00,2025-09-18 05:11:00+00:00,3662.8204949999995,3656.23097,3658.06,3672.3414849999986,-1.847461042052648,sl,4.760494999999537,9.520989999999074
2025-09-18 07:07:00+00:00,2025-09-18 07:57:00+00:00,3646.892535,3659.5669061975004,3639.64,3661.397605,0.7159920174603234,tp,7.25253500000008,14.50507000000016
2025-09-18 08:36:00+00:00,2025-09-18 12:04:00+00:00,3658.2282,3670.7083276999997,3651.07,3672.5445999999997,0.6850063763671561,tp,7.158199999999852,14.316399999999703
2025-09-18 12:25:00+00:00,2025-09-18 12:30:00+00:00,3675.3567599999997,3667.1854900000003,3669.02,3688.030279999999,-2.0535597562643138,sl,6.3367599999996855,12.673519999999371
2025-09-18 14:01:00+00:00,2025-09-18 14:22:00+00:00,3654.40629,3643.01758,3644.84,3673.5388699999994,-2.487134507027106,sl,9.566289999999753,19.132579999999507
2025-09-18 14:47:00+00:00,2025-09-19 05:09:00+00:00,3652.6354049999995,3676.0472718924984,3640.01,3677.886214999998,2.141170791630179,tp,12.625404999999319,25.250809999998637
2025-09-19 07:18:00+00:00,2025-09-19 14:56:00+00:00,3658.16817,3669.0290777449995,3651.82,3670.8645099999994,0.4698383921851579,tp,6.3481699999997545,12.696339999999509
2025-09-19 15:05:00+00:00,2025-09-21 22:33:00+00:00,3674.77647,3692.2023852949997,3665.14,3694.0494099999996,1.3314452545963507,tp,9.636469999999917,19.272939999999835
2025-09-21 23:26:00+00:00,2025-09-22 06:25:00+00:00,3695.576865,3705.0171597025005,3689.93,3706.8705950000003,0.2685009416113058,tp,5.646865000000162,11.293730000000323
2025-09-22 06:47:00+00:00,2025-09-22 20:28:00+00:00,3721.8499949999996,3758.6897000074996,3702.49,3760.569984999999,3.837588785496627,tp,19.3599949999998,38.7199899999996
2025-09-22 20:49:00+00:00,2025-09-22 22:15:00+00:00,3762.7104149999996,3754.6917150000004,3756.57,3774.9912449999983,-2.0094912914484535,sl,6.140414999999393,12.280829999998787
2025-09-22 23:22:00+00:00,2025-09-23 01:17:00+00:00,3756.8274749999996,3767.4977337874984,3750.55,3769.3824249999984,0.40745859695492503,tp,6.277474999999413,12.554949999998826
2025-09-23 03:21:00+00:00,2025-09-23 05:38:00+00:00,3754.3062149999996,3762.5964056774997,3749.22,3764.4786449999992,0.10022705775379037,tp,5.086214999999811,10.172429999999622
2025-09-23 06:23:00+00:00,2025-09-23 07:05:00+00:00,3767.412765,3759.609255,3761.49,3779.2582950000005,-1.9801216189432753,sl,5.922765000000254,11.845530000000508
2025-09-23 07:52:00+00:00,2025-09-23 07:59:00+00:00,3766.4822999999997,3759.749185,3761.63,3776.186899999999,-1.841845355781755,sl,4.852299999999559,9.704599999999118
2025-09-23 08:20:00+00:00,2025-09-23 08:40:00+00:00,3765.6518849999998,3772.1486371724995,3761.46,3774.035654999999,-0.13447389568258472,tp,4.191884999999729,8.383769999999458
2025-09-23 09:04:00+00:00,2025-09-24 02:23:00+00:00,3792.8954999999996,3759.57927,3761.46,3855.766499999999,-5.241085554656281,sl,31.435499999999593,62.870999999999185
2025-09-24 03:18:00+00:00,2025-09-24 07:42:00+00:00,3770.214165,3786.6682137525,3761.04,3788.5624949999997,1.1472363597907371,tp,9.174164999999903,18.348329999999805
2025-09-24 11:16:00+00:00,2025-09-24 13:45:00+00:00,3773.135625,3766.35588,3768.24,3782.926875,-1.8451679330730977,sl,4.895625000000109,9.791250000000218
2025-09-24 15:17:00+00:00,2025-09-24 15:29:00+00:00,3764.96154,3756.44084,3758.32,3778.244619999999,-2.071270289483924,sl,6.6415399999996225,13.283079999999245
2025-09-24 17:17:00+00:00,2025-09-24 17:26:00+00:00,3743.99106,3736.6607350000004,3738.53,3754.913179999999,-1.9226153289053318,sl,5.461059999999634,10.922119999999268
2025-09-24 19:32:00+00:00,2025-09-24 20:56:00+00:00,3729.8139749999996,3746.0079840374983,3720.78,3747.8819249999983,1.1357862424272527,tp,9.033974999999373,18.067949999998746
2025-09-24 21:27:00+00:00,2025-09-25 00:29:00+00:00,3750.6844049999995,3758.732908392499,3745.72,3760.613214999999,0.06984831596581065,tp,4.964404999999715,9.92880999999943
2025-09-25 02:27:00+00:00,2025-09-25 02:27:00+00:00,3740.72943,3737.1305,3739.0,3744.1882899999996,-1.4390274866432382,sl,1.7294299999998657,3.4588599999997314
2025-09-25 02:45:00+00:00,2025-09-25 04:17:00+00:00,3748.3232249999996,3737.1305,3739.0,3766.969674999999,-2.421277990824885,sl,9.323224999999638,18.646449999999277
2025-09-25 04:33:00+00:00,2025-09-25 06:06:00+00:00,3744.3412349999994,3749.6879231474986,3740.73,3751.563704999998,-0.2785893690452803,tp,3.6112349999993967,7.222469999998793
2025-09-25 07:14:00+00:00,2025-09-25 07:14:00+00:00,3755.73693,3751.3833700000005,3753.26,3760.6907899999997,-1.5340549763673093,sl,2.476929999999811,4.953859999999622
2025-09-25 07:16:00+00:00,2025-09-25 07:18:00+00:00,3756.0770999999995,3751.3833700000005,3753.26,3761.711299999998,-1.5777043254840293,sl,2.8170999999993,5.6341999999986
2025-09-25 07:20:00+00:00,2025-09-25 08:02:00+00:00,3755.3967599999996,3762.508084859999,3750.9,3764.3902799999987,-0.05257478825725881,tp,4.49675999999954,8.99351999999908
2025-09-25 08:14:00+00:00,2025-09-25 08:30:00+00:00,3768.8835,3758.110005,3759.99,3786.6705,-2.3579521231752465,sl,8.893500000000131,17.787000000000262
2025-09-25 08:51:00+00:00,2025-09-25 11:03:00+00:00,3763.010565,3754.1220000000003,3756.0,3777.031695,-2.116600157886065,sl,7.010565000000042,14.021130000000085
2025-09-25 11:45:00+00:00,2025-09-25 12:36:00+00:00,3760.31922,3749.60426,3751.48,3777.9976599999995,-2.352474507585611,sl,8.839219999999841,17.678439999999682
2025-09-25 13:20:00+00:00,2025-09-25 13:38:00+00:00,3752.85549,3742.0380450000002,3743.91,3770.74647,-2.36789036820773,sl,8.945490000000063,17.890980000000127
2025-09-25 13:58:00+00:00,2025-09-25 18:54:00+00:00,3741.5698499999994,3762.8271952249984,3730.0,3764.709549999998,1.7832638337929168,tp,11.569849999999406,23.13969999999881
2025-09-25 20:16:00+00:00,2025-09-25 22:08:00+00:00,3759.468795,3753.312405,3755.19,3768.026384999999,-1.7642867024642577,sl,4.278794999999718,8.557589999999436
2025-09-25 22:32:00+00:00,2025-09-25 23:13:00+00:00,3760.7694449999995,3754.0020600000003,3755.88,3770.548334999998,-1.8424324751211296,sl,4.889444999999341,9.778889999998682
2025-09-25 23:52:00+00:00,2025-09-26 01:27:00+00:00,3755.15664,3746.4058600000003,3748.28,3768.90992,-2.099326254583941,sl,6.876639999999952,13.753279999999904
2025-09-26 01:46:00+00:00,2025-09-26 01:50:00+00:00,3754.23618,3746.0260500000004,3747.9,3766.9085399999994,-2.029380459203253,sl,6.336179999999786,12.672359999999571
2025-09-26 02:56:00+00:00,2025-09-26 02:59:00+00:00,3749.0635949999996,3743.60726,3745.48,3756.230784999999,-1.6746373670168566,sl,3.5835949999996046,7.167189999999209
2025-09-26 03:26:00+00:00,2025-09-26 03:26:00+00:00,3746.522325,3743.26743,3745.14,3749.286975,-1.390264723879031,sl,1.382325000000037,2.764650000000074
2025-09-26 04:10:00+00:00,2025-09-26 05:53:00+00:00,3754.3162199999997,3748.894615,3750.77,3761.408659999999,-1.6686428182918256,sl,3.546219999999721,7.092439999999442
2025-09-26 06:15:00+00:00,2025-09-26 07:05:00+00:00,3759.2186699999997,3744.396865,3746.27,3785.1160099999993,-2.8780422583874734,sl,12.948669999999765,25.89733999999953
2025-09-26 07:29:00+00:00,2025-09-26 13:08:00+00:00,3752.965545,3765.6328766825,3745.69,3767.516635,0.6646483688243955,tp,7.2755449999999655,14.551089999999931
2025-09-26 13:46:00+00:00,2025-09-26 14:18:00+00:00,3770.934525,3785.6298132125007,3762.64,3787.5235750000006,0.9172073138324691,tp,8.294525000000249,16.589050000000498
2025-09-26 14:26:00+00:00,2025-09-26 23:36:00+00:00,3789.803955,3765.946085,3767.83,3833.7518649999997,-4.016412083184397,sl,21.973954999999933,43.947909999999865
2025-09-27 00:48:00+00:00,2025-09-28 20:36:00+00:00,3774.80646,3766.7057050000003,3768.59,3787.239379999999,-2.0070676106524328,sl,6.216459999999643,12.432919999999285
2025-09-28 21:33:00+00:00,2025-09-28 22:14:00+00:00,3769.914015,3775.1135439775,3766.37,3777.0020449999997,-0.30128029685126945,tp,3.544014999999945,7.08802999999989
2025-09-28 22:48:00+00:00,2025-09-28 22:49:00+00:00,3779.6788949999996,3772.8926100000003,3774.78,3789.4766849999983,-1.8370166959213716,sl,4.8988949999993565,9.797789999998713
2025-09-28 23:27:00+00:00,2025-09-29 00:02:00+00:00,3779.2887,3771.9131,3773.8,3790.2661,-1.912175729041288,sl,5.488699999999881,10.977399999999761
2025-09-29 00:05:00+00:00,2025-09-29 00:55:00+00:00,3780.24918,3791.2509662299994,3773.8,3793.147539999999,0.439233285690496,tp,6.449179999999615,12.89835999999923
2025-09-29 01:48:00+00:00,2025-09-29 02:20:00+00:00,3785.8219649999996,3795.8870020524987,3779.84,3797.7858949999986,0.3175257482698174,tp,5.981964999999491,11.963929999998982
2025-09-29 03:03:00+00:00,2025-09-29 05:54:00+00:00,3805.031565,3819.164157652499,3797.01,3821.074694999999,0.8280089780789689,tp,8.021564999999555,16.04312999999911
2025-09-29 06:44:00+00:00,2025-09-29 07:35:00+00:00,3831.704895,3819.499295,3821.41,3852.294685,-2.5088443505876055,sl,10.294894999999997,20.589789999999994
2025-09-29 08:37:00+00:00,2025-09-29 21:15:00+00:00,3828.043065,3845.9052804024996,3818.15,3847.8291949999993,1.2881527912980606,tp,9.893064999999751,19.786129999999503
2025-09-29 22:45:00+00:00,2025-09-30 00:05:00+00:00,3844.8914849999996,3851.8875477724996,3840.43,3853.8144549999993,-0.08821852078427184,tp,4.461484999999811,8.922969999999623
2025-09-30 00:15:00+00:00,2025-09-30 08:21:00+00:00,3856.597335,3838.509785,3840.43,3888.932005,-3.2360936542403245,sl,16.167335000000094,32.33467000000019
2025-09-30 09:04:00+00:00,2025-09-30 09:08:00+00:00,3836.59734,3825.516285,3827.43,3854.9320199999997,-2.3640099606728455,sl,9.167339999999967,18.334679999999935
2025-09-30 10:05:00+00:00,2025-09-30 14:10:00+00:00,3821.3397149999996,3848.2540554274988,3806.92,3850.1791449999987,2.4363684345387675,tp,14.419714999999542,28.839429999999084
2025-09-30 14:54:00+00:00,2025-09-30 15:07:00+00:00,3861.559815,3848.41483,3850.34,3883.999445,-2.6133786905562637,sl,11.219814999999926,22.439629999999852
2025-09-30 15:39:00+00:00,2025-09-30 19:52:00+00:00,3853.0655699999998,3865.9627616449993,3845.65,3867.896709999999,0.6501413852168317,tp,7.415569999999661,14.831139999999323
2025-09-30 20:30:00+00:00,2025-10-01 02:02:00+00:00,3866.79243,3879.816411355,3859.31,3881.75729,0.6602897281508295,tp,7.482430000000022,14.964860000000044
2025-10-01 04:53:00+00:00,2025-10-01 06:19:00+00:00,3873.705885,3863.7371650000005,3865.67,3889.7776549999994,-2.2115415386497226,sl,8.03588499999978,16.07176999999956
2025-10-01 06:42:00+00:00,2025-10-01 06:56:00+00:00,3875.0565599999995,3869.9240700000005,3871.86,3881.4496799999984,-1.607498369764813,sl,3.1965599999994083,6.393119999998817
2025-10-01 07:12:00+00:00,2025-10-01 07:52:00+00:00,3877.3677149999994,3886.4389534274983,3871.86,3888.383144999998,0.1630826994966409,tp,5.50771499999928,11.01542999999856
2025-10-01 08:20:00+00:00,2025-10-01 12:56:00+00:00,3903.4707599999997,3878.3598500000003,3880.3,3949.8122799999987,-4.075513189626727,sl,23.170759999999518,46.341519999999036
2025-10-01 13:10:00+00:00,2025-10-01 13:15:00+00:00,3885.3216899999998,3875.04151,3876.98,3902.0050699999993,-2.244774820221912,sl,8.341689999999744,16.683379999999488
2025-10-01 13:31:00+00:00,2025-10-01 14:47:00+00:00,3886.96251,3873.78214,3875.72,3909.44753,-2.6039866819633795,sl,11.242510000000038,22.485020000000077
2025-10-01 15:44:00+00:00,2025-10-01 16:02:00+00:00,3878.49828,3870.58374,3872.52,3890.4548399999994,-1.9514656135272417,sl,5.978279999999813,11.956559999999627
2025-10-01 16:17:00+00:00,2025-10-01 17:46:00+00:00,3880.7093849999997,3869.0744950000003,3871.01,3900.1081549999985,-2.4131925964266703,sl,9.699384999999438,19.398769999998876
2025-10-01 18:32:00+00:00,2025-10-01 18:52:00+00:00,3876.4172399999998,3863.1574550000005,3865.09,3899.071719999999,-2.616445306477134,sl,11.32723999999962,22.65447999999924
2025-10-01 19:38:00+00:00,2025-10-01 20:09:00+00:00,3875.1766199999997,3867.0854900000004,3869.02,3887.489859999999,-1.972881231649795,sl,6.156619999999748,12.313239999999496
2025-10-01 20:29:00+00:00,2025-10-01 23:43:00+00:00,3872.79543,3866.5757450000006,3868.51,3881.36629,-1.740048049915154,sl,4.285429999999906,8.570859999999811
2025-10-02 01:13:00+00:00,2025-10-02 08:57:00+00:00,3865.341705,3882.0631124424995,3856.01,3884.005114999999,1.120597805445636,tp,9.331704999999602,18.663409999999203
2025-10-02 10:20:00+00:00,2025-10-02 13:24:00+00:00,3885.691875,3894.4274371875003,3880.35,3896.375625,0.11869659104263786,tp,5.341875000000073,10.683750000000146
2025-10-02 13:32:00+00:00,2025-10-02 13:37:00+00:00,3900.9494999999997,3889.11447,3891.06,3920.7284999999993,-2.4285588687409634,sl,9.88949999999977,19.77899999999954
2025-10-02 16:11:00+00:00,2025-10-03 07:52:00+00:00,3848.6233499999994,3867.875144974998,3838.03,3869.810049999998,1.4465095726906043,tp,10.593349999999191,21.186699999998382
2025-10-03 08:09:00+00:00,2025-10-03 09:16:00+00:00,3873.1756199999995,3863.5872400000003,3865.52,3888.4868599999986,-2.159099594438985,sl,7.655619999999544,15.311239999999088
2025-10-03 09:52:00+00:00,2025-10-03 11:34:00+00:00,3869.1536099999994,3861.20843,3863.14,3881.1808299999984,-1.9551158328400202,sl,6.013609999999517,12.027219999999033
2025-10-03 11:48:00+00:00,2025-10-03 13:23:00+00:00,3869.003535,3882.2085296975,3861.43,3884.150605,0.6801060082212883,tp,7.573534999999993,15.147069999999985
2025-10-03 13:42:00+00:00,2025-10-03 14:08:00+00:00,3887.612835,3871.98304,3873.92,3914.9985049999996,-2.9029825553173008,sl,13.692834999999832,27.385669999999664
2025-10-03 14:23:00+00:00,2025-10-03 23:55:00+00:00,3878.01804,3865.1064800000004,3867.04,3899.97412,-2.569133065517414,sl,10.978039999999964,21.95607999999993
2025-10-04 00:08:00+00:00,2025-10-06 22:25:00+00:00,3889.72389,3982.139604165001,3842.52,3984.1316700000007,10.481548252199659,tp,47.20389000000023,94.40778000000046
2025-10-06 23:17:00+00:00,2025-10-07 01:00:00+00:00,3982.7303699999998,3971.17342,3973.16,4001.8711099999996,-2.364989808423587,sl,9.570369999999912,19.140739999999823
2025-10-07 01:23:00+00:00,2025-10-07 01:34:00+00:00,3979.26864,3969.3543300000006,3971.34,3995.125919999999,-2.1665914433211824,sl,7.928639999999632,15.857279999999264
2025-10-07 02:03:00+00:00,2025-10-07 05:43:00+00:00,3974.2061099999996,3964.686665,3966.67,3989.2783299999987,-2.1197396874615997,sl,7.536109999999553,15.072219999999106
2025-10-07 06:16:00+00:00,2025-10-07 06:40:00+00:00,3976.1270699999995,3968.444785,3970.43,3987.521209999999,-1.8960334870876596,sl,5.697069999999712,11.394139999999425
2025-10-07 07:36:00+00:00,2025-10-07 08:05:00+00:00,3969.0235199999997,3953.4123050000003,3955.39,3996.2905599999995,-2.859926728931771,sl,13.633519999999862,27.267039999999724
2025-10-07 08:16:00+00:00,2025-10-07 12:06:00+00:00,3962.36019,3978.310419715,3953.39,3980.30057,0.9747094122136446,tp,8.970190000000002,17.940380000000005
2025-10-07 12:53:00+00:00,2025-10-07 13:36:00+00:00,3988.583295,3980.0589750000004,3982.05,4001.6498849999994,-1.9940883329737131,sl,6.533294999999725,13.06658999999945
2025-10-07 13:49:00+00:00,2025-10-08 00:26:00+00:00,3988.723365,4007.4253799525,3978.37,4009.4300949999997,1.294084057534009,tp,10.35336499999994,20.70672999999988
2025-10-08 00:42:00+00:00,2025-10-08 01:01:00+00:00,4010.4342149999998,4001.6681650000005,4003.67,4023.962644999999,-2.0173702366773667,sl,6.7642149999996946,13.528429999999389
2025-10-08 01:27:00+00:00,2025-10-08 02:56:00+00:00,4005.8319149999998,4016.5664571274992,3999.46,4018.575744999999,0.32640890520742283,tp,6.371914999999717,12.743829999999434
2025-10-08 03:45:00+00:00,2025-10-08 05:35:00+00:00,4024.121055,4040.3419834175006,4015.0,4042.363165,0.9772094942840318,tp,9.12105500000007,18.24211000000014
2025-10-08 06:40:00+00:00,2025-10-08 15:04:00+00:00,4043.630805,4063.6395787924994,4032.61,4065.672414999999,1.4191590062142603,tp,11.020804999999655,22.04160999999931
2025-10-08 16:12:00+00:00,2025-10-08 18:13:00+00:00,4068.17307,4055.65116,4057.68,4089.15921,-2.4473469859628008,sl,10.493069999999989,20.986139999999978
2025-10-08 19:01:00+00:00,2025-10-08 19:06:00+00:00,4064.21109,4056.6406650000004,4058.67,4075.293269999999,-1.8613860174969257,sl,5.541089999999713,11.082179999999425
2025-10-08 21:15:00+00:00,2025-10-08 22:02:00+00:00,4060.079025,4051.5032350000006,4053.53,4073.1770749999996,-1.9811804955185095,sl,6.549024999999801,13.098049999999603
2025-10-08 23:13:00+00:00,2025-10-08 23:44:00+00:00,4041.669825,4027.985,4030.0,4065.009475,-2.5939953216763127,sl,11.669824999999946,23.339649999999892
2025-10-09 00:13:00+00:00,2025-10-09 02:17:00+00:00,4040.93946,4027.04547,4029.06,4064.6983800000003,-2.618505366522583,sl,11.879460000000108,23.758920000000217
2025-10-09 02:53:00+00:00,2025-10-09 12:56:00+00:00,4039.4687249999997,4062.7937619124996,4026.79,4064.8261749999992,1.8151643363876113,tp,12.678724999999758,25.357449999999517
2025-10-09 13:08:00+00:00,2025-10-09 13:41:00+00:00,4072.045005,4053.67215,4055.7,4104.735015,-3.135004123928143,sl,16.34500500000013,32.69001000000026
2025-10-09 14:49:00+00:00,2025-10-09 15:24:00+00:00,4043.4106949999996,4031.14342,4033.16,4063.912084999999,-2.422863952792627,sl,10.250694999999723,20.501389999999446
2025-10-09 15:50:00+00:00,2025-10-09 16:34:00+00:00,4038.9184499999997,4022.94752,4024.96,4066.835349999999,-2.8649486352481532,sl,13.95844999999963,27.91689999999926
2025-10-09 18:14:00+00:00,2025-10-10 04:09:00+00:00,3981.659835,3959.9590300000004,3961.94,4021.0995049999997,-3.583421997774545,sl,19.719834999999875,39.43966999999975
2025-10-10 04:33:00+00:00,2025-10-10 05:46:00+00:00,3970.6043099999997,3984.559653534999,3962.63,3986.552929999999,0.7271003342429951,tp,7.974309999999605,15.94861999999921
2025-10-10 06:26:00+00:00,2025-10-10 06:38:00+00:00,3981.28965,3973.942035,3975.93,3992.008950000001,-1.849558069841983,sl,5.359650000000329,10.719300000000658
2025-10-10 07:47:00+00:00,2025-10-10 08:10:00+00:00,3976.46724,3988.86628914,3969.27,3990.86172,0.5364218632303887,tp,7.197239999999965,14.39447999999993
2025-10-10 08:45:00+00:00,2025-10-10 12:47:00+00:00,3999.7888949999997,3989.9240400000003,3991.92,4015.526684999999,-2.147694633830793,sl,7.868894999999611,15.737789999999222
2025-10-10 13:18:00+00:00,2025-10-10 13:56:00+00:00,4000.009005,3987.5552250000005,3989.55,4020.9270149999993,-2.458169338278358,sl,10.459004999999706,20.918009999999413
2025-10-10 14:20:00+00:00,2025-10-10 15:06:00+00:00,3995.6768399999996,4010.264384739999,3987.38,4012.2705199999987,0.7921249467606265,tp,8.29683999999952,16.59367999999904
2025-10-10 15:17:00+00:00,2025-10-10 16:19:00+00:00,4024.4112,3988.954525,3990.95,4091.3336000000004,-5.19488329891645,sl,33.46120000000019,66.92240000000038
2025-10-10 17:36:00+00:00,2025-10-10 19:21:00+00:00,4002.9104549999997,4022.699009317499,3992.01,4024.7113649999988,1.4125169456660718,tp,10.90045499999951,21.80090999999902
2025-10-10 19:44:00+00:00,2025-10-10 21:00:00+00:00,4029.8038949999996,4014.2518700000005,4016.26,4056.8916849999982,-2.814966615344573,sl,13.543894999999338,27.087789999998677
2025-10-10 21:39:00+00:00,2025-10-13 15:15:00+00:00,3904.1911199999995,4114.994833319998,3797.76,4117.053359999998,24.962832672167956,tp,106.43111999999928,212.86223999999856
2025-10-13 15:54:00+00:00,2025-10-13 23:33:00+00:00,4109.33364,4125.9369195399995,4100.0,4128.0009199999995,0.981221960997447,tp,9.333639999999832,18.667279999999664
2025-10-14 00:28:00+00:00,2025-10-14 01:17:00+00:00,4141.8699,4156.590365149998,4133.47,4158.669699999999,0.7471966571507022,tp,8.399899999999434,16.799799999998868
2025-10-14 01:28:00+00:00,2025-10-14 05:43:00+00:00,4164.38115,4140.06893,4142.14,4208.86345,-3.77470970880377,sl,22.241149999999834,44.48229999999967
2025-10-14 07:16:00+00:00,2025-10-14 12:44:00+00:00,4133.075505,4116.24085,4118.3,4162.626514999999,-2.923797273939887,sl,14.775504999999612,29.551009999999224
2025-10-14 13:14:00+00:00,2025-10-14 15:14:00+00:00,4124.8614,4148.5089079,4112.0,4150.584199999999,1.7950390245360839,tp,12.861399999999776,25.722799999999552
2025-10-14 15:37:00+00:00,2025-10-14 15:48:00+00:00,4155.166545,4145.416255,4147.49,4170.519635000001,-2.092585391248255,sl,7.67654500000026,15.35309000000052
2025-10-14 16:41:00+00:00,2025-10-14 23:47:00+00:00,4157.5777499999995,4179.662373374999,4145.49,4181.753249999999,1.5924240795106526,tp,12.087749999999687,24.175499999999374
2025-10-15 00:11:00+00:00,2025-10-15 00:27:00+00:00,4183.880894999999,4175.65113,4177.74,4196.162684999998,-1.9098512423811527,sl,6.140894999999546,12.281789999999091
2025-10-15 01:03:00+00:00,2025-10-15 06:57:00+00:00,4185.8919,4213.947672149999,4170.81,4216.055699999998,2.261363655221186,tp,15.081899999999223,30.163799999998446
2025-10-15 07:39:00+00:00,2025-10-15 09:20:00+00:00,4226.03196,4207.954970000001,4210.06,4257.97588,-3.0217579431922816,sl,15.971959999999854,31.943919999999707
2025-10-15 10:09:00+00:00,2025-10-15 12:30:00+00:00,4215.816855,4205.6961,4207.8,4231.850565,-2.117929947577354,sl,8.01685499999985,16.0337099999997
2025-10-15 13:13:00+00:00,2025-10-15 13:32:00+00:00,4216.977435,4202.987455,4205.09,4240.752304999999,-2.558435474498489,sl,11.887434999999641,23.774869999999282
2025-10-15 13:43:00+00:00,2025-10-15 22:39:00+00:00,4215.1065,4238.87900025,4202.16,4240.9995,1.7491524054663898,tp,12.946500000000015,25.89300000000003
2025-10-15 22:58:00+00:00,2025-10-15 23:07:00+00:00,4245.111494999999,4236.70059,4238.82,4257.694484999998,-1.9156177851805194,sl,6.291494999999486,12.582989999998972
2025-10-16 00:18:00+00:00,2025-10-16 00:57:00+00:00,4247.402639999999,4267.353176039999,4236.36,4269.487919999999,1.2958490122085236,tp,11.042639999999665,22.08527999999933
2025-10-16 01:15:00+00:00,2025-10-16 05:14:00+00:00,4262.140005,4246.1758500000005,4248.3,4289.820015,-2.763889040950508,sl,13.84000500000002,27.68001000000004
2025-10-16 06:09:00+00:00,2025-10-16 14:31:00+00:00,4244.010945,4279.3320985825,4225.28,4281.4728350000005,3.0385655692929117,tp,18.730945000000247,37.461890000000494
2025-10-16 15:07:00+00:00,2025-10-16 16:31:00+00:00,4287.532695,4310.4417859575,4275.0,4312.598085,1.6067524020272161,tp,12.532694999999876,25.065389999999752
2025-10-16 17:04:00+00:00,2025-10-16 20:10:00+00:00,4314.3060749999995,4344.1050858875,4298.32,4346.278224999999,2.3591834420263833,tp,15.9860749999998,31.9721499999996
2025-10-16 20:44:00+00:00,2025-10-16 21:11:00+00:00,4351.824825,4367.589587762499,4342.85,4369.774474999998,0.7796376757774621,tp,8.974824999999328,17.949649999998655
2025-10-16 22:09:00+00:00,2025-10-16 22:10:00+00:00,4381.82982,4403.28671527,4370.0,4405.48946,1.3927686417029543,tp,11.829819999999927,23.659639999999854
2025-10-16 23:08:00+00:00,2025-10-16 23:28:00+00:00,4429.4836350000005,4476.211679547502,4405.0,4478.4509050000015,4.112965784081539,tp,24.483635000000504,48.96727000000101
2025-10-16 23:48:00+00:00,2025-10-17 00:01:00+00:00,4451.38458,4422.797495000001,4425.01,4504.133739999999,-4.0553880854778415,sl,26.374579999999696,52.74915999999939
2025-10-17 02:31:00+00:00,2025-10-17 04:00:00+00:00,4369.233525,4401.1389047124985,4352.18,4403.340574999998,2.5505079208865564,tp,17.053524999999354,34.10704999999871
2025-10-17 04:33:00+00:00,2025-10-17 05:18:00+00:00,4421.249519999999,4403.55712,4405.76,4452.228559999998,-2.8897482173614444,sl,15.489519999999175,30.97903999999835
2025-10-17 05:36:00+00:00,2025-10-17 06:12:00+00:00,4412.4051,4398.4696650000005,4400.67,4435.8753,-2.4830334558284584,sl,11.735099999999875,23.47019999999975
2025-10-17 06:28:00+00:00,2025-10-17 07:20:00+00:00,4418.74827,4386.8055,4389.0,4478.24481,-4.440639639951783,sl,29.748270000000048,59.496540000000095
2025-10-17 08:19:00+00:00,2025-10-17 08:49:00+00:00,4399.148475,4458.8948622875005,4368.16,4461.125425,5.567810549846555,tp,30.988475000000108,61.976950000000215
2025-10-17 11:09:00+00:00,2025-10-17 11:13:00+00:00,4388.1229650000005,4374.39171,4376.58,4411.208895000002,-2.4687057290539975,sl,11.54296500000055,23.0859300000011
2025-10-17 14:40:00+00:00,2025-10-17 16:33:00+00:00,4269.183525,4222.8875,4225.0,4357.550575000001,-6.178967746972066,sl,44.18352500000037,88.36705000000075
2025-10-17 17:15:00+00:00,2025-10-17 20:37:00+00:00,4214.396145,4255.959390782499,4192.55,4258.088434999999,3.7782885728901143,tp,21.846144999999524,43.69228999999905
2025-10-17 20:47:00+00:00,2025-10-17 23:41:00+00:00,4261.829849999999,4249.484195,4251.61,4282.269549999998,-2.3557074183964692,sl,10.219849999999497,20.439699999998993
2025-10-18 00:05:00+00:00,2025-10-18 06:56:00+00:00,4247.482679999999,4234.98145,4237.1,4268.248039999997,-2.377444063689859,sl,10.3826799999988,20.7653599999976
2025-10-18 07:34:00+00:00,2025-10-18 17:27:00+00:00,4238.708295,4252.077782557501,4230.96,4254.204885000001,0.5537623217464644,tp,7.748295000000326,15.496590000000651
2025-10-18 17:52:00+00:00,2025-10-18 21:39:00+00:00,4262.340105,4241.75806,4243.88,4299.260315,-3.283338937787403,sl,18.460105000000112,36.920210000000225
2025-10-18 22:43:00+00:00,2025-10-19 03:15:00+00:00,4251.214545,4238.01993,4240.14,4273.363634999999,-2.453312291571513,sl,11.074544999999489,22.149089999998978
2025-10-19 04:11:00+00:00,2025-10-19 05:17:00+00:00,4247.492684999999,4237.989945,4240.11,4262.258054999998,-2.0364526441801316,sl,7.382684999999583,14.765369999999166
2025-10-19 06:05:00+00:00,2025-10-19 06:37:00+00:00,4247.54271,4241.5581600000005,4243.68,4255.268129999999,-1.638200548462152,sl,3.8627099999994243,7.725419999998849
2025-10-19 07:34:00+00:00,2025-10-19 08:25:00+00:00,4244.331105,4238.57965,4240.7,4251.593315000001,-1.612061453700547,sl,3.631105000000389,7.262210000000778
2025-10-19 08:41:00+00:00,2025-10-19 12:50:00+00:00,4244.631255,4233.8820000000005,4236.0,4261.893765000001,-2.1770520322311615,sl,8.631255000000237,17.262510000000475
2025-10-19 13:23:00+00:00,2025-10-19 14:02:00+00:00,4244.521199999999,4237.260310000001,4239.38,4254.8035999999975,-1.7820966225340944,sl,5.141199999999117,10.282399999998233
2025-10-19 15:58:00+00:00,2025-10-19 19:05:00+00:00,4238.35812,4230.133875,4232.25,4250.57436,-1.892042449347083,sl,6.108119999999872,12.216239999999743
2025-10-19 19:16:00+00:00,2025-10-19 19:18:00+00:00,4242.029955,4228.514685,4230.63,4264.829865,-2.489340324257212,sl,11.399954999999864,22.799909999999727
2025-10-19 20:21:00+00:00,2025-10-19 21:03:00+00:00,4239.548715,4231.713085,4233.83,4250.986145,-1.846947045644479,sl,5.718714999999975,11.43742999999995
2025-10-19 22:01:00+00:00,2025-10-19 22:01:00+00:00,4237.19754,4239.471823690001,4235.0,4241.59262,-0.7027476622598805,tp,2.1975400000001173,4.395080000000235
2025-10-20 00:39:00+00:00,2025-10-20 12:19:00+00:00,4237.85787,4283.110983195,4214.16,4285.25361,4.160901751592118,tp,23.697869999999966,47.39573999999993
2025-10-20 12:33:00+00:00,2025-10-20 19:01:00+00:00,4299.48867,4364.602616994999,4265.84,4366.786009999999,6.305532488819472,tp,33.64866999999958,67.29733999999917
2025-10-20 19:39:00+00:00,2025-10-20 19:42:00+00:00,4379.9889,4396.06756665,4370.85,4398.2667,0.8012459686101462,tp,9.138899999999921,18.277799999999843
2025-10-20 21:40:00+00:00,2025-10-20 21:41:00+00:00,4372.755284999999,4363.926945,4366.11,4386.0458549999985,-1.930591910233364,sl,6.645284999999603,13.290569999999207
2025-10-20 21:48:00+00:00,2025-10-20 22:00:00+00:00,4373.575695,4362.347735,4364.53,4391.667085000002,-2.1934012892544477,sl,9.045695000000705,18.09139000000141
2025-10-20 22:03:00+00:00,2025-10-20 22:11:00+00:00,4374.8563349999995,4367.55513,4369.74,4385.089004999999,-1.7617693908988414,sl,5.116334999999708,10.232669999999416
2025-10-20 22:20:00+00:00,2025-10-20 22:41:00+00:00,4384.841324999999,4365.59611,4367.78,4418.963974999999,-3.066674314033831,sl,17.06132499999967,34.12264999999934
2025-10-20 23:05:00+00:00,2025-10-20 23:11:00+00:00,4379.02842,4369.953930000001,4372.14,4392.805259999998,-1.9543702120666693,sl,6.888419999999314,13.776839999998629
2025-10-21 00:07:00+00:00,2025-10-21 00:16:00+00:00,4368.333075,4359.4791700000005,4361.66,4381.679224999999,-1.9321882470059162,sl,6.673074999999699,13.346149999999398
2025-10-21 00:23:00+00:00,2025-10-21 01:14:00+00:00,4373.30556,4359.15933,4361.34,4397.236679999999,-2.510949090663547,sl,11.965559999999641,23.931119999999282
2025-10-21 02:20:00+00:00,2025-10-21 02:35:00+00:00,4359.388605,4348.194815,4350.37,4377.4258150000005,-2.1905861273697456,sl,9.018605000000207,18.037210000000414
2025-10-21 03:05:00+00:00,2025-10-21 04:31:00+00:00,4354.536179999999,4341.837995000001,4344.01,4375.588539999997,-2.3570302993826755,sl,10.52617999999893,21.05235999999786
2025-10-21 06:14:00+00:00,2025-10-21 07:33:00+00:00,4336.257045,4318.599620000001,4320.76,4367.251135,-2.9103184737258245,sl,15.497045000000071,30.994090000000142
2025-10-21 08:46:00+00:00,2025-10-21 08:46:00+00:00,4278.708285,4264.876495,4267.01,4302.104854999999,-2.5073957245993235,sl,11.698284999999487,23.396569999998974
2025-10-21 09:02:00+00:00,2025-10-21 09:05:00+00:00,4279.9689149999995,4260.2688,4262.4,4315.106744999999,-3.1628687566897606,sl,17.568914999999834,35.13782999999967
2025-10-21 11:03:00+00:00,2025-10-21 11:16:00+00:00,4264.501185,4271.4467632225005,4259.96,4273.583555,-0.178705626672089,tp,4.541185000000041,9.082370000000083
2025-10-21 13:22:00+00:00,2025-10-21 13:30:00+00:00,4217.7078,4196.230835,4198.33,4256.463400000001,-3.395962014039945,sl,19.377800000000207,38.75560000000041
2025-10-21 13:38:00+00:00,2025-10-21 13:47:00+00:00,4228.123005,4196.170865000001,4198.27,4287.829015,-4.574321590194033,sl,29.85300499999994,59.70600999999988
2025-10-21 15:12:00+00:00,2025-10-21 15:20:00+00:00,4159.41867,4131.49322,4133.56,4211.136009999999,-4.168800562108089,sl,25.85866999999962,51.71733999999924
2025-10-21 16:54:00+00:00,2025-10-21 17:27:00+00:00,4126.352145,4103.097425,4105.15,4168.756435,-3.6515375938276886,sl,21.2021450000002,42.4042900000004
2025-10-21 17:43:00+00:00,2025-10-21 23:58:00+00:00,4121.689815,4095.73111,4097.78,4169.509445,-3.966720788250117,sl,23.90981499999998,47.81962999999996
2025-10-22 00:35:00+00:00,2025-10-22 03:42:00+00:00,4078.1380499999996,4142.162032924999,4045.09,4144.234149999998,6.543422360679642,tp,33.04804999999942,66.09609999999884
2025-10-22 04:36:00+00:00,2025-10-22 04:47:00+00:00,4138.62828,4127.69512,4129.76,4156.364839999999,-2.2199038876658674,sl,8.868279999999686,17.736559999999372
2025-10-22 04:54:00+00:00,2025-10-22 08:04:00+00:00,4138.7883600000005,4121.648145,4123.71,4168.945080000001,-2.936107404115879,sl,15.07836000000043,30.15672000000086
2025-10-22 09:09:00+00:00,2025-10-22 09:16:00+00:00,4111.124535,4076.46075,4078.5,4176.373605,-4.985068084809368,sl,32.62453499999992,65.24906999999985
2025-10-22 10:25:00+00:00,2025-10-22 10:40:00+00:00,4086.80238,4067.02547,4069.06,4122.28714,-3.266926669435703,sl,17.74238000000014,35.48476000000028
2025-10-22 11:26:00+00:00,2025-10-22 11:40:00+00:00,4057.7278499999998,4024.476755,4026.49,4120.20355,-4.867537921031521,sl,31.23784999999998,62.475700000000415
2025-10-22 12:01:00+00:00,2025-10-22 13:39:00+00:00,4049.1135449999997,4090.574324682499,4027.36,4092.620634999999,3.9303407280341323,tp,21.753544999999576,43.50708999999915
2025-10-22 15:08:00+00:00,2025-10-22 19:01:00+00:00,4045.0415099999996,4081.682667734999,4025.7,4083.724529999999,3.3681494893968327,tp,19.341509999999744,38.68301999999949
2025-10-22 19:23:00+00:00,2025-10-23 00:21:00+00:00,4100.049,4076.52072,4078.56,4143.027,-3.696062357445008,sl,21.489000000000033,42.978000000000065
2025-10-23 01:23:00+00:00,2025-10-23 07:37:00+00:00,4095.116535,4066.8655500000004,4068.9,4147.549605,-4.248391128562434,sl,26.21653500000002,52.43307000000004
2025-10-23 08:04:00+00:00,2025-10-24 08:10:00+00:00,4105.661805,4055.11143,4057.14,4202.705414999999,-6.829343628656783,sl,48.52180499999986,97.04360999999972
2025-10-24 08:33:00+00:00,2025-10-24 11:03:00+00:00,4058.378175,4044.326825,4046.35,4082.4345249999997,-2.605143477652144,sl,12.02817499999992,24.05634999999984
2025-10-24 11:11:00+00:00,2025-10-24 13:07:00+00:00,4064.11104,4099.78220344,4045.25,4101.833119999999,3.22919525648389,tp,18.861039999999775,37.72207999999955
2025-10-24 13:56:00+00:00,2025-10-24 16:22:00+00:00,4106.242095,4127.161671857499,4094.75,4129.226284999999,1.4745021399635494,tp,11.492094999999608,22.984189999999217
2025-10-24 17:01:00+00:00,2025-10-24 17:29:00+00:00,4126.28211,4111.98298,4114.04,4150.76633,-2.6071811571146712,sl,12.242110000000139,24.484220000000278
2025-10-24 18:35:00+00:00,2025-10-24 20:11:00+00:00,4104.941445,4092.47274,4094.52,4125.784335000001,-2.4024798319555045,sl,10.421445000000404,20.842890000000807
2025-10-24 20:32:00+00:00,2025-10-24 21:20:00+00:00,4098.358155,4109.1388677674995,4091.94,4111.194465,0.2995468406031562,tp,6.418154999999842,12.836309999999685
2025-10-24 21:33:00+00:00,2025-10-24 23:32:00+00:00,4114.59627,4102.667640000001,4104.72,4134.3488099999995,-2.3359922638743047,sl,9.87626999999975,19.7525399999995
2025-10-25 00:39:00+00:00,2025-10-25 01:18:00+00:00,4115.266605,4123.9767950925,4109.88,4126.039814999999,0.05458578095033839,tp,5.38660499999969,10.77320999999938
2025-10-25 02:54:00+00:00,2025-10-25 03:13:00+00:00,4115.266605,4105.72611,4107.78,4130.239815,-2.0586835855564125,sl,7.486605000000054,14.973210000000108
2025-10-25 03:28:00+00:00,2025-10-25 04:28:00+00:00,4117.527735,4106.88553,4108.94,4134.703205,-2.185103618560768,sl,8.587735000000066,17.175470000000132
2025-10-25 04:46:00+00:00,2025-10-25 06:35:00+00:00,4115.346645,4105.76609,4107.82,4130.3999349999995,-2.0623827442908387,sl,7.526644999999917,15.053289999999834
2025-10-25 07:12:00+00:00,2025-10-25 07:27:00+00:00,4114.506224999999,4105.126410000001,4107.18,4129.158674999997,-2.038930258558297,sl,7.326224999998885,14.65244999999777
2025-10-25 08:29:00+00:00,2025-10-25 10:05:00+00:00,4112.505225,4104.16689,4106.22,4125.075674999999,-1.9184526001425466,sl,6.2852249999996275,12.570449999999255
2025-10-25 12:12:00+00:00,2025-10-25 14:43:00+00:00,4112.73534,4106.18588,4108.24,4121.726020000001,-1.7109718872491917,sl,4.495340000000397,8.990680000000793
2025-10-25 15:05:00+00:00,2025-10-25 19:02:00+00:00,4111.864905,4104.64665,4106.7,4122.194715000001,-1.788232517890404,sl,5.1649050000005445,10.329810000001089
2025-10-25 19:28:00+00:00,2025-10-25 19:28:00+00:00,4109.963954999999,4106.7555950000005,4108.81,4112.271864999997,-1.3240441329553758,sl,1.1539549999988594,2.307909999997719
2025-10-25 20:51:00+00:00,2025-10-25 20:56:00+00:00,4111.164554999999,4106.3458,4108.4,4116.693664999999,-1.5101121626455,sl,2.7645549999997456,5.529109999999491
2025-10-25 21:12:00+00:00,2025-10-25 21:14:00+00:00,4112.034989999999,4106.3458,4108.4,4119.304969999998,-1.610447197268225,sl,3.6349899999995614,7.269979999999123
2025-10-25 21:35:00+00:00,2025-10-25 21:38:00+00:00,4112.044994999999,4106.3458,4108.4,4119.334984999999,-1.611330442844623,sl,3.6449949999996534,7.289989999999307
2025-10-25 22:47:00+00:00,2025-10-26 03:47:00+00:00,4111.534739999999,4104.546700000001,4106.6,4121.404219999997,-1.7602016641871,sl,4.934739999998783,9.869479999997566
2025-10-26 06:13:00+00:00,2025-10-26 07:38:00+00:00,4110.924435,4098.949500000001,4101.0,4130.773305,-2.3367373691700792,sl,9.924434999999903,19.848869999999806
2025-10-26 08:13:00+00:00,2025-10-26 09:13:00+00:00,4109.033489999999,4100.7386050000005,4102.79,4121.520469999997,-1.9111067501092975,sl,6.243489999998928,12.486979999997857
2025-10-26 10:33:00+00:00,2025-10-26 10:38:00+00:00,4105.29162,4097.959995,4100.01,4115.8548599999995,-1.8000919401080622,sl,5.281619999999748,10.563239999999496
2025-10-26 10:54:00+00:00,2025-10-26 12:22:00+00:00,4108.75335,4095.93101,4097.98,4130.300050000001,-2.4339769427481652,sl,10.773350000000391,21.546700000000783
2025-10-26 12:59:00+00:00,2025-10-26 16:10:00+00:00,4104.79137,4096.31082,4098.36,4117.65411,-1.9323489019350908,sl,6.431370000000243,12.862740000000485
2025-10-26 17:46:00+00:00,2025-10-26 18:26:00+00:00,4104.281115,4095.7211150000007,4097.77,4117.303344999998,-1.9412715400793705,sl,6.511114999999336,13.022229999998672
2025-10-26 19:06:00+00:00,2025-10-26 19:41:00+00:00,4101.719835,4093.11242,4095.16,4114.839505,-1.9469823354298712,sl,6.559835000000021,13.119670000000042
2025-10-26 20:01:00+00:00,2025-10-26 20:31:00+00:00,4099.558755,4092.9525000000003,4095.0,4108.676265,-1.7153789136976916,sl,4.558755000000019,9.117510000000038
2025-10-26 20:59:00+00:00,2025-10-26 22:00:00+00:00,4101.669809999999,4092.322815,4094.37,4116.2694299999985,-2.0318265169464085,sl,7.299809999999525,14.59961999999905
2025-10-27 00:08:00+00:00,2025-10-27 04:05:00+00:00,4069.3936799999997,4053.9819950000006,4056.01,4096.161039999999,-2.747173066114623,sl,13.383679999999458,26.76735999999937
2025-10-27 04:55:00+00:00,2025-10-27 08:02:00+00:00,4066.0319999999997,4054.63167,4056.66,4084.7759999999994,-2.2798481859502724,sl,9.371999999999844,18.743999999999687
2025-10-27 09:37:00+00:00,2025-10-27 09:45:00+00:00,4048.44321,4033.2623600000006,4035.28,4074.7696299999993,-2.727971993746047,sl,13.163209999999708,26.326419999999416
2025-10-27 10:38:00+00:00,2025-10-27 11:08:00+00:00,4044.3111449999997,4027.985,4030.0,4072.933434999999,-2.863276328101558,sl,14.31114499999967,28.62228999999934
2025-10-27 12:04:00+00:00,2025-10-27 13:31:00+00:00,4035.246615,4019.7691100000006,4021.78,4062.1798449999997,-2.7670250546874846,sl,13.46661499999982,26.93322999999964
2025-10-27 15:30:00+00:00,2025-10-28 06:38:00+00:00,3986.69235,3949.0245000000004,3951.0,4058.0770499999994,-5.425929663628274,sl,35.692349999999806,71.38469999999961
2025-10-28 07:06:00+00:00,2025-10-28 07:17:00+00:00,3944.261145,3936.0310000000004,3938.0,3956.783435,-1.936338449661044,sl,6.261144999999942,12.522289999999884
2025-10-28 07:50:00+00:00,2025-10-28 08:10:00+00:00,3936.3271799999998,3922.55774,3924.52,3959.9415399999993,-2.6042495555059992,sl,11.80717999999979,23.61435999999958
2025-10-28 09:18:00+00:00,2025-10-28 13:58:00+00:00,3917.007525,3942.1105337125005,3903.47,3944.0825750000004,2.0859909881177003,tp,13.537525000000187,27.075050000000374
2025-10-28 14:27:00+00:00,2025-10-28 14:40:00+00:00,3955.826925,3982.6684446125,3941.41,3984.660775,2.2647546870949546,tp,14.416924999999992,28.833849999999984
2025-10-28 15:07:00+00:00,2025-10-28 22:07:00+00:00,3962.0500349999998,3945.796115,3947.77,3990.6101049999993,-2.8909436789740988,sl,14.28003499999977,28.56006999999954
2025-10-28 22:30:00+00:00,2025-10-29 00:41:00+00:00,3951.6748499999994,3983.711697724999,3934.66,3985.7045499999986,2.890417891765763,tp,17.01484999999957,34.02969999999914
2025-10-29 01:23:00+00:00,2025-10-29 01:29:00+00:00,3986.2121099999995,3973.1224450000004,3975.11,4008.416329999998,-2.5032368338572106,sl,11.102109999999357,22.204219999998713
2025-10-29 02:50:00+00:00,2025-10-29 07:03:00+00:00,3962.2301249999996,3984.6770398124986,3950.01,3986.6703749999983,1.7343819410061703,tp,12.22012499999937,24.44024999999874
2025-10-29 07:29:00+00:00,2025-10-29 07:31:00+00:00,4001.33967,3993.3523250000003,3995.35,4013.3190099999997,-1.8933128305192504,sl,5.989669999999933,11.979339999999866
2025-10-29 07:55:00+00:00,2025-10-29 08:55:00+00:00,4000.9494749999994,4015.1798307874988,3992.83,4017.1884249999985,0.7360934199365785,tp,8.119474999999511,16.238949999999022
2025-10-29 09:35:00+00:00,2025-10-29 13:14:00+00:00,4022.260125,4011.643175,4013.65,4039.480374999999,-2.1977141452625917,sl,8.610124999999698,17.220249999999396
2025-10-29 13:54:00+00:00,2025-10-29 15:47:00+00:00,4009.50375,3999.929035,4001.93,4024.65125,-2.0781297093255047,sl,7.573750000000018,15.147500000000036
2025-10-29 16:11:00+00:00,2025-10-29 16:42:00+00:00,3999.1985999999997,3989.2143950000004,3991.21,4015.175799999999,-2.12904616725149,sl,7.988599999999678,15.977199999999357
2025-10-29 17:52:00+00:00,2025-10-29 18:00:00+00:00,4000.8694349999996,3992.24288,3994.24,4014.1283049999993,-1.9675104888347665,sl,6.62943499999983,13.25886999999966
2025-10-29 18:03:00+00:00,2025-10-29 18:03:00+00:00,4003.030515,3994.5117450000002,3996.51,4016.0715449999993,-1.953813386222485,sl,6.520514999999705,13.04102999999941
2025-10-29 18:57:00+00:00,2025-10-29 19:31:00+00:00,3973.535775,3952.20291,3954.18,4012.247325,-3.486147530666755,sl,19.355774999999994,38.71154999999999
2025-10-29 20:25:00+00:00,2025-10-29 20:50:00+00:00,3957.067545,3935.841095,3937.81,3995.5826349999998,-3.482713201272013,sl,19.257544999999936,38.51508999999987
2025-10-29 21:15:00+00:00,2025-10-29 22:00:00+00:00,3941.92998,3929.0345,3931.0,3963.7899399999997,-2.492314164519477,sl,10.929979999999887,21.859959999999774
2025-10-29 22:17:00+00:00,2025-10-30 09:07:00+00:00,3945.8719499999997,3992.1987520749994,3921.71,3994.195849999999,4.601462728155862,tp,24.161949999999706,48.32389999999941
2025-10-30 09:37:00+00:00,2025-11-04 14:29:00+00:00,4004.6213099999995,3952.48277,3954.46,4104.9439299999985,-7.101136870453567,sl,50.1613099999995,100.322619999999
2025-11-04 15:33:00+00:00,2025-11-04 18:05:00+00:00,3953.79591,3938.4298000000003,3940.4,3980.5877299999993,-2.7815363802795194,sl,13.39590999999973,26.79181999999946
2025-11-04 19:13:00+00:00,2025-11-04 20:02:00+00:00,3935.8169249999996,3925.9560400000005,3927.92,3951.6107749999987,-2.1285632914750265,sl,7.896924999999555,15.79384999999911
2025-11-04 20:29:00+00:00,2025-11-04 21:06:00+00:00,3930.7143749999996,3920.21891,3922.18,3947.783124999999,-2.2058406764410403,sl,8.534374999999727,17.068749999999454
2025-11-04 21:57:00+00:00,2025-11-05 00:41:00+00:00,3927.552795,3920.0190100000004,3921.98,3938.698385,-1.8504018820760415,sl,5.572795000000042,11.145590000000084
2025-11-05 01:00:00+00:00,2025-11-05 01:59:00+00:00,3933.7759049999995,3919.8690850000003,3921.83,3957.6677149999987,-2.6131657227864755,sl,11.945904999999584,23.891809999999168
2025-11-05 02:07:00+00:00,2025-11-05 04:35:00+00:00,3934.0460399999997,3960.1570509399994,3920.0,3962.138119999999,2.186860602982102,tp,14.04603999999972,28.09207999999944
2025-11-05 05:13:00+00:00,2025-11-05 05:46:00+00:00,3963.8709449999997,3955.2713750000003,3957.25,3977.112834999999,-1.9685456229319362,sl,6.620944999999665,13.24188999999933
2025-11-05 06:25:00+00:00,2025-11-05 08:06:00+00:00,3960.869445,3971.9013908324996,3954.36,3973.888334999999,0.36953354747611067,tp,6.509444999999687,13.018889999999374
2025-11-05 10:20:00+00:00,2025-11-05 15:32:00+00:00,3961.549785,3978.299210322501,3952.18,3980.289355000001,1.0502802388902395,tp,9.36978500000032,18.73957000000064
2025-11-05 16:46:00+00:00,2025-11-05 23:00:00+00:00,3980.2391249999996,3971.3933100000004,3973.38,3993.9573749999986,-1.9934149078845516,sl,6.859124999999494,13.718249999998989
2025-11-05 23:34:00+00:00,2025-11-06 01:07:00+00:00,3972.355185,3963.0175000000004,3965.0,3987.0655549999997,-2.0534922819986283,sl,7.355184999999892,14.710369999999784
2025-11-06 01:51:00+00:00,2025-11-06 07:00:00+00:00,3970.374195,3985.3489137075003,3961.89,3987.342585,0.8346819518674512,tp,8.484195,16.96839
2025-11-06 07:16:00+00:00,2025-11-06 15:02:00+00:00,3994.8864449999996,3977.0404850000004,3979.03,4026.5993349999985,-3.0516318179047173,sl,15.85644499999944,31.71288999999888
2025-11-06 15:19:00+00:00,2025-11-06 15:37:00+00:00,3982.6703399999997,3968.024995,3970.01,4007.9910199999986,-2.6781413890049484,sl,12.66033999999945,25.3206799999989
2025-11-06 16:54:00+00:00,2025-11-06 17:16:00+00:00,3981.6798449999997,3971.3533300000004,3973.34,3998.3595349999987,-2.1664637263041113,sl,8.339844999999514,16.679689999999027
2025-11-06 17:42:00+00:00,2025-11-07 09:00:00+00:00,3976.28715,4002.499199275001,3962.18,4004.5014500000007,2.163412102361134,tp,14.107150000000274,28.21430000000055
2025-11-07 09:16:00+00:00,2025-11-07 09:33:00+00:00,4008.02301,3999.489255,4001.49,4021.08903,-1.9475594971980388,sl,6.533010000000104,13.066020000000208
2025-11-07 10:03:00+00:00,2025-11-07 10:14:00+00:00,4006.4522249999995,4000.448775,4002.45,4014.456674999999,-1.6498770521788586,sl,4.002224999999726,8.004449999999451
2025-11-07 12:06:00+00:00,2025-11-07 12:50:00+00:00,4003.46073,3987.1154450000004,3989.11,4032.162189999999,-2.8674624483107953,sl,14.350729999999658,28.701459999999315
2025-11-07 13:21:00+00:00,2025-11-07 13:32:00+00:00,3997.2676349999997,3988.08496,3990.08,4011.6429049999992,-2.0254044077910724,sl,7.187634999999773,14.375269999999546
2025-11-07 13:51:00+00:00,2025-11-07 14:32:00+00:00,3996.1370699999998,3986.6256900000003,3988.62,4011.1712099999995,-2.0640185289182407,sl,7.517069999999876,15.034139999999752
2025-11-07 15:02:00+00:00,2025-11-07 15:46:00+00:00,3989.0135099999998,3976.49076,3978.48,4010.0805299999993,-2.421060697585015,sl,10.533509999999751,21.067019999999502
2025-11-07 16:04:00+00:00,2025-11-07 16:34:00+00:00,3986.0420249999997,4002.104021962499,3977.01,4004.106074999999,0.9545386924689234,tp,9.032024999999521,18.064049999999042
2025-11-07 17:28:00+00:00,2025-11-08 14:19:00+00:00,3995.55678,3984.2069,3986.2,4014.27034,-2.2800543943783227,sl,9.356780000000072,18.713560000000143
2025-11-08 14:54:00+00:00,2025-11-08 15:30:00+00:00,3991.144575,3983.6971550000003,3985.69,4002.0537249999993,-1.8207243972532592,sl,5.45457499999975,10.9091499999995
2025-11-08 15:54:00+00:00,2025-11-08 16:21:00+00:00,3990.5742899999996,3984.4068,3986.4,3998.9228699999985,-1.6695505977247116,sl,4.174289999999473,8.348579999998947
2025-11-08 17:06:00+00:00,2025-11-08 18:21:00+00:00,3992.2351199999994,3983.437285,3985.43,4005.8453599999984,-1.9789758606335286,sl,6.805119999999533,13.610239999999067
2025-11-08 19:43:00+00:00,2025-11-09 06:40:00+00:00,3987.7929,3994.0606706500002,3983.66,3996.0587,-0.20241407580757742,tp,4.132900000000063,8.265800000000127
2025-11-09 09:48:00+00:00,2025-11-09 09:52:00+00:00,3991.564785,3987.475265,3989.47,3995.7543550000005,-1.4237850143684523,sl,2.094785000000229,4.189570000000458
2025-11-09 09:55:00+00:00,2025-11-09 09:57:00+00:00,3991.995,3995.0464775000005,3989.47,3997.045,-0.5821210201362594,tp,2.525000000000091,5.050000000000182
2025-11-09 13:03:00+00:00,2025-11-09 13:10:00+00:00,3994.126065,3990.0040000000004,3992.0,3998.378195,-1.4270051337963752,sl,2.126064999999926,4.252129999999852
2025-11-09 14:06:00+00:00,2025-11-09 15:21:00+00:00,3994.43622,3990.0339850000005,3992.03,3999.2486599999997,-1.459735348280781,sl,2.4062199999998484,4.812439999999697
2025-11-09 16:20:00+00:00,2025-11-09 18:52:00+00:00,3995.646825,3990.0139950000003,3992.01,4002.920474999999,-1.6041625014801069,sl,3.6368249999995896,7.273649999999179
2025-11-09 20:13:00+00:00,2025-11-10 00:11:00+00:00,3997.687845,4006.9590532324996,3992.05,4008.9635349999994,0.14909044137039928,tp,5.637844999999743,11.275689999999486
2025-11-10 00:26:00+00:00,2025-11-10 01:22:00+00:00,4011.094545,4031.5468531825,3999.86,4033.5636349999995,1.4559167938518018,tp,11.234544999999798,22.469089999999596
2025-11-10 02:19:00+00:00,2025-11-10 05:51:00+00:00,4040.8894349999996,4061.196690847499,4029.72,4063.228304999999,1.4215867470778876,tp,11.169434999999794,22.338869999999588
2025-11-10 06:12:00+00:00,2025-11-10 18:29:00+00:00,4068.7433549999996,4106.215929967499,4048.98,4108.270064999999,3.389565841582148,tp,19.763354999999592,39.526709999999184
2025-11-10 19:13:00+00:00,2025-11-10 19:46:00+00:00,4107.202574999999,4098.739605,4100.79,4120.027724999998,-1.9111270533225424,sl,6.412574999999379,12.825149999998757
2025-11-10 20:47:00+00:00,2025-11-10 22:43:00+00:00,4106.57226,4097.760095000001,4099.81,4120.096779999999,-1.9508819453088266,sl,6.7622599999995145,13.524519999999029
2025-11-10 23:01:00+00:00,2025-11-11 00:51:00+00:00,4107.282614999999,4122.325651077499,4098.73,4124.387844999998,0.7808387741288613,tp,8.552614999999605,17.10522999999921
2025-11-11 01:28:00+00:00,2025-11-11 01:47:00+00:00,4131.644789999999,4122.1079150000005,4124.17,4146.594369999998,-2.027004038567785,sl,7.474789999999302,14.949579999998605
2025-11-11 02:23:00+00:00,2025-11-11 02:30:00+00:00,4132.4451899999995,4122.67763,4124.74,4147.855569999999,-2.0526038748513935,sl,7.705189999999675,15.41037999999935
2025-11-11 02:44:00+00:00,2025-11-11 05:30:00+00:00,4132.3551449999995,4120.888525,4122.95,4151.165434999999,-2.245455032364559,sl,9.40514499999972,18.81028999999944
2025-11-11 06:22:00+00:00,2025-11-11 07:08:00+00:00,4124.78136,4110.5437,4112.6,4149.144079999999,-2.563033522499259,sl,12.181359999999586,24.36271999999917
2025-11-11 07:22:00+00:00,2025-11-11 15:08:00+00:00,4124.131034999999,4109.22436,4111.28,4149.833104999999,-2.6388068443876884,sl,12.851034999999683,25.702069999999367
2025-11-11 16:51:00+00:00,2025-11-11 23:45:00+00:00,4106.362155,4128.421221767499,4094.3,4130.486464999999,1.5828496178709157,tp,12.06215499999962,24.12430999999924
2025-11-12 00:34:00+00:00,2025-11-12 00:38:00+00:00,4132.62528,4126.1359,4128.2,4141.475840000001,-1.6781803528691515,sl,4.4252800000003845,8.850560000000769
2025-11-12 01:49:00+00:00,2025-11-12 02:36:00+00:00,4126.102019999999,4115.16139,4117.22,4143.866059999998,-2.1857545191781003,sl,8.882019999999102,17.764039999998204
2025-11-12 06:07:00+00:00,2025-11-12 07:10:00+00:00,4097.657805,4107.6785482925,4091.62,4109.733415,0.20825105748001038,tp,6.037804999999935,12.07560999999987
2025-11-12 08:18:00+00:00,2025-11-12 12:26:00+00:00,4108.55325,4123.4769801249995,4100.06,4125.539749999999,0.7656073036735577,tp,8.493249999999534,16.98649999999907
2025-11-12 13:33:00+00:00,2025-11-12 15:10:00+00:00,4123.130534999999,4138.901119197498,4114.21,4140.971604999998,0.8560971235525204,tp,8.92053499999929,17.84106999999858
2025-11-12 15:32:00+00:00,2025-11-12 17:36:00+00:00,4164.281099999999,4188.987758349997,4150.88,4191.0832999999975,1.8462953810794511,tp,13.401099999999133,26.802199999998265
2025-11-12 18:21:00+00:00,2025-11-12 19:28:00+00:00,4194.15603,4180.52869,4182.62,4217.2280900000005,-2.4668160904003313,sl,11.53603000000021,23.07206000000042
2025-11-12 21:33:00+00:00,2025-11-13 01:18:00+00:00,4186.092,4169.923995,4172.01,4214.2559999999985,-2.754150635907399,sl,14.081999999999425,28.16399999999885
2025-11-13 01:58:00+00:00,2025-11-13 02:34:00+00:00,4181.60976,4169.144385,4171.23,4202.369280000002,-2.3395590925750342,sl,10.379760000000715,20.75952000000143
2025-11-13 03:02:00+00:00,2025-11-13 04:06:00+00:00,4182.5102099999995,4200.829164684998,4172.3,4202.930629999998,1.1161619021127756,tp,10.210209999999279,20.420419999998558
2025-11-13 04:15:00+00:00,2025-11-13 14:42:00+00:00,4208.353125,4190.793555,4192.89,4239.279374999998,-2.898625182742074,sl,15.463124999999309,30.926249999998618
2025-11-13 15:08:00+00:00,2025-11-13 15:33:00+00:00,4196.4671849999995,4179.039435000001,4181.13,4227.141554999998,-2.888535716260068,sl,15.337184999999408,30.674369999998817
2025-11-13 15:41:00+00:00,2025-11-13 18:27:00+00:00,4190.794349999999,4174.69161,4176.78,4218.823049999998,-2.7419507152344984,sl,14.014349999999467,28.028699999998935
2025-11-13 19:19:00+00:00,2025-11-13 23:19:00+00:00,4145.35164,4169.46914254,4132.25,4171.55492,1.7897654817951356,tp,13.101639999999861,26.203279999999722
2025-11-13 23:49:00+00:00,2025-11-14 01:23:00+00:00,4176.107010000001,4163.39726,4165.48,4197.361030000003,-2.366870941258469,sl,10.627010000001064,21.25402000000213
2025-11-14 01:47:00+00:00,2025-11-14 02:53:00+00:00,4172.415164999999,4194.407242252499,4160.37,4196.5054949999985,1.533052882837921,tp,12.045164999999542,24.090329999999085
2025-11-14 03:18:00+00:00,2025-11-14 03:54:00+00:00,4198.868385,4190.193855,4192.29,4212.025154999999,-1.9081351197254706,sl,6.578384999999798,13.156769999999597
2025-11-14 04:58:00+00:00,2025-11-14 05:01:00+00:00,4190.704304999999,4183.9969550000005,4186.09,4199.932914999998,-1.68949169804035,sl,4.614304999999149,9.228609999998298
2025-11-14 05:40:00+00:00,2025-11-14 06:18:00+00:00,4182.059985,4168.684615000001,4170.77,4204.639954999999,-2.4383515434601764,sl,11.289984999999433,22.579969999998866
2025-11-14 07:47:00+00:00,2025-11-14 11:11:00+00:00,4163.830875,4143.96698,4146.04,4199.412624999999,-3.174764755024894,sl,17.790874999999687,35.581749999999374
2025-11-14 14:22:00+00:00,2025-11-14 14:32:00+00:00,4047.9129449999996,4034.131925,4036.15,4071.4388349999986,-2.533521671421282,sl,11.76294499999949,23.52588999999898
2025-11-14 14:38:00+00:00,2025-11-14 16:22:00+00:00,4052.40519,4082.8731122149998,4036.15,4084.9155699999997,2.584370195690369,tp,16.255189999999857,32.510379999999714
2025-11-14 16:39:00+00:00,2025-11-14 18:22:00+00:00,4094.40618,4066.855555,4068.89,4145.43854,-4.091372007178721,sl,25.516180000000077,51.03236000000015
2025-11-14 18:35:00+00:00,2025-11-14 20:21:00+00:00,4083.2205899999994,4064.62667,4066.66,4116.341769999999,-3.0707532514356277,sl,16.560589999999593,33.12117999999964
2025-11-14 21:57:00+00:00,2025-11-15 15:10:00+00:00,4076.1770699999997,4095.962204394999,4065.26,4098.011209999999,1.3353853986487672,tp,10.917069999999512,21.834139999999024
2025-11-15 15:47:00+00:00,2025-11-15 16:00:00+00:00,4097.46771,4090.363795,4092.41,4107.58313,-1.7495196800528097,sl,5.057710000000043,10.115420000000086
2025-11-15 16:40:00+00:00,2025-11-15 19:45:00+00:00,4094.256105,4085.2563500000006,4087.3,4108.168314999999,-1.9666445404963815,sl,6.956104999999752,13.91220999999905
2025-11-15 20:43:00+00:00,2025-11-16 22:51:00+00:00,4096.377165,4112.1743792525,4087.45,4114.231495,0.8681013377598326,tp,8.927165000000059,17.854330000000118
2025-11-16 23:24:00+00:00,2025-11-17 03:00:00+00:00,4103.330639999999,4072.9625,4075.0,4159.991919999998,-4.402207272803529,sl,28.33063999999922,56.66127999999844
2025-11-17 03:45:00+00:00,2025-11-17 05:02:00+00:00,4079.708835,4070.193885,4072.23,4094.6665049999997,-2.0282531766133904,sl,7.47883499999989,14.95766999999978
2025-11-17 06:31:00+00:00,2025-11-17 07:47:00+00:00,4054.2461099999996,4070.1422408349986,4045.28,4072.1783299999984,0.8977503285601645,tp,8.96610999999939,17.93221999999878
2025-11-17 08:00:00+00:00,2025-11-17 08:24:00+00:00,4075.35666,4066.62567,4068.66,4088.74998,-1.9391654962256095,sl,6.696660000000065,13.39332000000013
2025-11-17 09:11:00+00:00,2025-11-17 10:54:00+00:00,4069.4637149999994,4058.0899400000003,4060.12,4088.1511449999985,-2.244016318646571,sl,9.34371499999952,18.68742999999904
2025-11-17 11:35:00+00:00,2025-11-17 13:05:00+00:00,4063.720845,4072.9850237324995,4058.07,4075.022534999999,0.12989042841452425,tp,5.650844999999663,11.301689999999326
2025-11-17 14:07:00+00:00,2025-11-17 15:19:00+00:00,4059.30864,4047.845065,4049.87,4078.185920000001,-2.2571263256872562,sl,9.438640000000305,18.87728000000061
2025-11-17 15:24:00+00:00,2025-11-17 16:01:00+00:00,4061.78988,4047.8550600000003,4049.88,4085.609639999999,-2.5402610426886865,sl,11.909879999999703,23.819759999999405
2025-11-17 16:58:00+00:00,2025-11-17 18:55:00+00:00,4059.9889799999996,4050.863555,4052.89,4074.186939999999,-1.986538538765505,sl,7.098979999999756,14.197959999999512
2025-11-17 20:31:00+00:00,2025-11-17 22:09:00+00:00,4022.280135,4042.2582647974996,4011.28,4044.2804049999995,1.3856596177563876,tp,11.000134999999773,22.000269999999546
2025-11-17 22:34:00+00:00,2025-11-17 23:02:00+00:00,4048.6032899999996,4041.9580100000003,4043.98,4057.8498699999986,-1.703021762472149,sl,4.6232899999995425,9.246579999999085
2025-11-18 00:11:00+00:00,2025-11-18 00:18:00+00:00,4033.1855849999997,4022.2878500000006,4024.3,4050.956754999999,-2.198396252903102,sl,8.885584999999537,17.771169999999074
2025-11-18 00:39:00+00:00,2025-11-18 01:48:00+00:00,4028.6833349999997,4018.7496200000005,4020.76,4044.5300049999987,-2.0874864682719316,sl,7.923334999999497,15.846669999998994
2025-11-18 02:35:00+00:00,2025-11-18 02:47:00+00:00,4024.011,4011.443275,4013.45,4045.1330000000003,-2.3941289539931345,sl,10.56100000000015,21.1220000000003
2025-11-18 03:32:00+00:00,2025-11-18 03:41:00+00:00,4005.6618299999996,4017.1359172549987,3998.92,4019.1454899999985,0.402780438918232,tp,6.7418299999994815,13.483659999998963
2025-11-18 04:57:00+00:00,2025-11-18 07:38:00+00:00,4004.46123,3995.14143,3997.14,4019.10369,-2.0219424339293397,sl,7.321230000000014,14.642460000000028
2025-11-18 07:41:00+00:00,2025-11-18 08:33:00+00:00,4007.7528749999997,4020.2874756874994,4000.48,4022.298624999999,0.5255696759957748,tp,7.272874999999658,14.545749999999316
2025-11-18 09:53:00+00:00,2025-11-18 12:56:00+00:00,4035.646815,4021.14842,4023.16,4060.6204450000005,-2.6124248339707243,sl,12.486815000000206,24.973630000000412
2025-11-18 13:01:00+00:00,2025-11-18 13:34:00+00:00,4030.31415,4040.221328775001,4024.35,4042.2424500000006,0.21294870279806866,tp,5.964150000000245,11.92830000000049
2025-11-18 13:50:00+00:00,2025-11-18 16:03:00+00:00,4059.0184949999993,4035.86106,4037.88,4101.295484999998,-3.597991494016761,sl,21.13849499999924,42.27698999999848
2025-11-18 16:19:00+00:00,2025-11-19 09:48:00+00:00,4057.0675199999996,4094.494288719999,4037.33,4096.542559999999,3.3706952512643555,tp,19.737519999999677,39.47503999999935
2025-11-19 09:56:00+00:00,2025-11-19 16:02:00+00:00,4101.699825,4079.0094750000003,4081.05,4142.999474999999,-3.5170299874587236,sl,20.64982499999951,41.29964999999902
2025-11-19 16:55:00+00:00,2025-11-19 17:03:00+00:00,4070.584275,4059.5592050000005,4061.59,4088.572825,-2.198139218089751,sl,8.994275000000016,17.988550000000032
2025-11-19 17:22:00+00:00,2025-11-19 18:51:00+00:00,4064.081025,4079.0025534625,4055.6,4081.043075,0.778915710960023,tp,8.481025000000045,16.96205000000009
2025-11-19 19:53:00+00:00,2025-11-19 20:03:00+00:00,4070.0339999999997,4061.9280200000003,4063.96,4082.181999999999,-1.8633391887157722,sl,6.073999999999614,12.147999999999229
2025-11-19 20:16:00+00:00,2025-11-19 20:50:00+00:00,4070.9744699999997,4061.8680500000005,4063.9,4085.123409999999,-1.9773913529696974,sl,7.074469999999565,14.14893999999913
2025-11-19 21:33:00+00:00,2025-11-20 02:07:00+00:00,4074.6963299999998,4055.7011350000002,4057.73,4108.628989999999,-3.1078807483167683,sl,16.966329999999743,33.93265999999949
2025-11-20 02:45:00+00:00,2025-11-20 03:07:00+00:00,4058.4282,4073.9665977,4049.64,4076.0045999999998,0.8516512572145515,tp,8.78819999999996,17.57639999999992
2025-11-20 03:58:00+00:00,2025-11-20 06:25:00+00:00,4066.3821749999997,4058.38979,4060.42,4078.306524999999,-1.849931501114645,sl,5.962174999999661,11.924349999999322
2025-11-20 06:40:00+00:00,2025-11-20 07:45:00+00:00,4064.7513599999997,4052.9725000000003,4055.0,4084.2540799999992,-2.284198603749468,sl,9.75135999999975,19.5027199999995
2025-11-20 08:01:00+00:00,2025-11-20 08:02:00+00:00,4059.78888,4051.51323,4053.54,4072.2866400000003,-1.8831189784966296,sl,6.248880000000099,12.497760000000198
2025-11-20 08:57:00+00:00,2025-11-20 13:06:00+00:00,4058.0079899999996,4079.323288014999,4046.33,4081.363969999999,1.5147148263510375,tp,11.677989999999681,23.355979999999363
2025-11-20 13:39:00+00:00,2025-11-20 16:22:00+00:00,4086.92244,4057.9799950000006,4060.01,4140.747319999999,-4.233457992136628,sl,26.912439999999606,53.82487999999876
2025-11-20 17:49:00+00:00,2025-11-20 19:23:00+00:00,4052.98548,4072.41921178,4042.25,4074.4564399999995,1.301044328090947,tp,10.735479999999825,21.47095999999965
2025-11-20 19:37:00+00:00,2025-11-21 02:56:00+00:00,4081.189575,4049.6641550000004,4051.69,4140.188725,-4.531630565126557,sl,29.499574999999822,58.9991500000001
2025-11-21 03:44:00+00:00,2025-11-21 04:41:00+00:00,4054.1660699999998,4042.7276250000004,4044.75,4072.9982099999993,-2.24614466068312,sl,9.416069999999763,18.832139999999526
2025-11-21 05:00:00+00:00,2025-11-21 05:40:00+00:00,4050.28413,4041.848065,4043.87,4063.1123900000002,-1.901751034151352,sl,6.414130000000114,12.828260000000228
2025-11-21 07:32:00+00:00,2025-11-21 07:47:00+00:00,4033.6758299999997,4021.1983950000003,4023.21,4054.607489999999,-2.3717114365529137,sl,10.465829999999642,20.931659999999283
2025-11-21 08:16:00+00:00,2025-11-21 10:40:00+00:00,4035.83691,4074.632394635,4015.42,4076.67073,3.541662998256809,tp,20.416909999999916,40.83381999999983
2025-11-21 12:14:00+00:00,2025-11-21 13:45:00+00:00,4039.7188499999997,4067.601731724999,4024.76,4069.636549999999,2.281167843713729,tp,14.95884999999953,29.91769999999906
2025-11-21 14:51:00+00:00,2025-11-21 15:37:00+00:00,4070.744355,4054.361805,4056.39,4099.453065,-2.8061688669969995,sl,14.354354999999941,28.708709999999883
2025-11-21 15:59:00+00:00,2025-11-21 16:06:00+00:00,4069.4236949999995,4055.5312200000003,4057.56,4093.1510849999986,-2.5210926950919363,sl,11.863694999999552,23.727389999999104
2025-11-21 16:29:00+00:00,2025-11-21 16:52:00+00:00,4069.7138399999994,4090.2953492399984,4058.4,4092.341519999998,1.4218303192747417,tp,11.313839999999345,22.62767999999869
2025-11-21 17:50:00+00:00,2025-11-21 18:05:00+00:00,4087.4727149999994,4078.0999300000003,4080.14,4102.138144999999,-1.99911568270507,sl,7.332714999999553,14.66542999999956
2025-11-21 18:48:00+00:00,2025-11-21 20:23:00+00:00,4081.29963,4073.252355,4075.29,4093.31889,-1.8491672723807082,sl,6.009630000000016,12.019260000000031
2025-11-21 20:59:00+00:00,2025-11-21 21:08:00+00:00,4065.0915299999997,4052.9824950000007,4055.01,4085.2545899999986,-2.317330425429758,sl,10.081529999999475,20.16305999999895
2025-11-21 22:02:00+00:00,2025-11-21 22:23:00+00:00,4068.763365,4059.08944,4061.12,4084.0500949999996,-2.0371235006909867,sl,7.643364999999903,15.286729999999807
2025-11-21 22:46:00+00:00,2025-11-21 22:54:00+00:00,4067.0024849999995,4055.621175,4057.65,4085.7074549999984,-2.232385388843247,sl,9.352484999999433,18.704969999998866
2025-11-21 23:21:00+00:00,2025-11-22 00:29:00+00:00,4064.031,4055.1714,4057.2,4077.693,-1.9443179752410078,sl,6.831000000000131,13.662000000000262
2025-11-22 01:14:00+00:00,2025-11-22 04:04:00+00:00,4063.080525,4055.63117,4057.66,4073.921575,-1.7828129228214817,sl,5.420524999999998,10.841049999999996
2025-11-22 04:34:00+00:00,2025-11-22 05:16:00+00:00,4063.9509599999997,4055.4812450000004,4057.51,4076.8328799999986,-1.8989735332608664,sl,6.44095999999945,12.8819199999989
2025-11-22 05:48:00+00:00,2025-11-22 08:34:00+00:00,4061.2396049999998,4055.29134,4057.32,4069.078814999999,-1.6107549826908556,sl,3.919604999999592,7.839209999999184
2025-11-22 08:36:00+00:00,2025-11-22 09:15:00+00:00,4063.720845,4055.581195,4057.61,4075.942534999999,-1.8605790877905248,sl,6.110844999999699,12.221689999999398
2025-11-22 11:09:00+00:00,2025-11-23 06:37:00+00:00,4062.2200949999997,4053.1224250000005,4055.15,4076.360284999999,-1.9700896850478304,sl,7.070094999999583,14.140189999999166
2025-11-23 08:09:00+00:00,2025-11-23 08:35:00+00:00,4055.8469099999998,4050.8235750000003,4052.85,4061.8407299999994,-1.5048177102724458,sl,2.9969099999998434,5.993819999999687
2025-11-23 08:50:00+00:00,2025-11-23 12:47:00+00:00,4058.58828,4050.8235750000003,4052.85,4070.06484,-1.8177946189367187,sl,5.738280000000032,11.476560000000063
2025-11-23 15:35:00+00:00,2025-11-23 16:30:00+00:00,4051.614795,4042.41778,4044.44,4065.9643849999998,-1.9830718740932198,sl,7.174794999999904,14.349589999999807
2025-11-23 17:09:00+00:00,2025-11-23 23:02:00+00:00,4047.2225999999996,4058.3176260999994,4040.66,4060.347799999999,0.3431563422750876,tp,6.5625999999997475,13.125199999999495
2025-11-24 00:24:00+00:00,2025-11-24 01:11:00+00:00,4057.4176949999996,4047.5652050000003,4049.59,4073.0730849999986,-2.056194324425564,sl,7.827694999999494,15.655389999998988
2025-11-24 02:24:00+00:00,2025-11-24 02:32:00+00:00,4045.98198,4037.68015,4039.7,4058.5459400000004,-1.8810835446576315,sl,6.281980000000203,12.563960000000407
2025-11-24 02:38:00+00:00,2025-11-24 02:45:00+00:00,4046.88243,4037.68015,4039.7,4061.2472900000007,-1.983716834441497,sl,7.182430000000295,14.36486000000059
2025-11-24 03:01:00+00:00,2025-11-24 04:14:00+00:00,4041.069525,4050.6022607125,4035.29,4052.6285749999997,0.1655688934333608,tp,5.779524999999921,11.559049999999843
2025-11-24 05:40:00+00:00,2025-11-24 05:48:00+00:00,4042.130055,4033.632175,4035.65,4055.090165,-1.9037382771415674,sl,6.480054999999993,12.960109999999986
2025-11-24 06:05:00+00:00,2025-11-24 10:03:00+00:00,4045.7518649999997,4065.501827202499,4034.86,4067.535594999999,1.335414443973908,tp,10.891864999999598,21.783729999999196
2025-11-24 10:17:00+00:00,2025-11-24 10:52:00+00:00,4072.9954799999996,4060.50873,4062.54,4093.906439999999,-2.3504611190373477,sl,10.455479999999625,20.91095999999925
2025-11-24 11:31:00+00:00,2025-11-24 15:14:00+00:00,4069.083525,4085.1869597124996,4060.01,4087.2305749999996,0.9067507031442589,tp,9.07352499999979,18.14704999999958
2025-11-24 15:49:00+00:00,2025-11-24 18:38:00+00:00,4093.0354949999996,4102.9339917575,4087.06,4104.986484999999,0.19308743843664233,tp,5.9754949999996825,11.95098999999982
2025-11-24 18:52:00+00:00,2025-11-28 01:00:00+00:00,4119.148545,4179.994592182501,4087.68,4182.085635,5.921805878658368,tp,31.468545000000177,62.93709000000035
2025-11-28 01:40:00+00:00,2025-11-28 02:44:00+00:00,4191.084494999999,4184.616645,4186.71,4199.833484999997,-1.6451397821867175,sl,4.374494999999115,8.74898999999823
2025-11-28 02:59:00+00:00,2025-11-28 03:14:00+00:00,4191.784844999999,4184.056925,4186.15,4203.054534999998,-1.784197178367814,sl,5.634844999999586,11.269689999999173
2025-11-28 03:36:00+00:00,2025-11-28 03:42:00+00:00,4192.51521,4183.697105,4185.79,4205.965629999999,-1.9043262508373133,sl,6.725209999999606,13.450419999999212
2025-11-28 04:52:00+00:00,2025-11-28 05:24:00+00:00,4191.4146599999995,4180.358775,4182.45,4209.343979999999,-2.1517996356998763,sl,8.96465999999964,17.92931999999928
2025-11-28 05:39:00+00:00,2025-11-28 07:51:00+00:00,4193.875889999999,4182.077915000001,4184.17,4213.287669999998,-2.232627379034667,sl,9.705889999999272,19.411779999998544
2025-11-28 09:00:00+00:00,2025-11-28 14:20:00+00:00,4171.94493,4195.695892604998,4159.02,4197.794789999998,1.7109937632568708,tp,12.924929999999222,25.849859999998444
2025-11-28 14:38:00+00:00,2025-11-28 15:02:00+00:00,4202.7003,4193.732085000001,4195.83,4216.440900000001,-1.9175843589270345,sl,6.870300000000498,13.740600000000995
2025-11-28 15:47:00+00:00,2025-11-28 16:51:00+00:00,4203.62076,4217.232608859999,4195.76,4219.342279999999,0.5729996076436422,tp,7.860759999999573,15.721519999999146
2025-11-28 17:10:00+00:00,2025-11-28 17:12:00+00:00,4222.079985,4212.062915,4214.17,4237.899955000001,-2.0279277541217158,sl,7.909985000000233,15.819970000000467
2025-11-28 17:51:00+00:00,2025-11-28 18:07:00+00:00,4222.660275,4214.361765000001,4216.47,4235.040825,-1.8387068289990307,sl,6.190274999999929,12.380549999999857
2025-11-28 18:24:00+00:00,2025-11-28 22:03:00+00:00,4224.641264999999,4216.440725,4218.55,4236.8237949999975,-1.8271695725302857,sl,6.091264999999112,12.182529999998224
2025-11-28 22:06:00+00:00,2025-11-29 00:13:00+00:00,4225.13151,4234.596172735,4219.34,4236.71453,0.1103024744455966,tp,5.791510000000017,11.583020000000033
2025-11-29 01:09:00+00:00,2025-11-29 01:40:00+00:00,4241.649764999999,4235.32128,4237.44,4250.069294999998,-1.618749472608945,sl,4.2097649999996065,8.419529999999213
2025-11-29 03:39:00+00:00,2025-11-29 09:25:00+00:00,4229.593739999999,4237.461429389998,4224.6,4239.581219999997,-0.06570677373597278,tp,4.993739999998979,9.987479999997959
2025-11-29 10:33:00+00:00,2025-11-29 10:51:00+00:00,4245.4416599999995,4237.630125000001,4239.75,4256.8249799999985,-1.7796507622546776,sl,5.6916599999995015,11.383319999999003
2025-11-29 11:05:00+00:00,2025-11-29 16:25:00+00:00,4247.1224999999995,4237.630125000001,4239.75,4261.8674999999985,-1.9622572366082611,sl,7.372499999999491,14.744999999998981
2025-11-29 17:46:00+00:00,2025-11-30 23:08:00+00:00,4243.830855,4234.711585,4236.83,4257.832565000001,-1.9219368801725563,sl,7.000855000000229,14.001710000000458
2025-11-30 23:32:00+00:00,2025-12-01 00:06:00+00:00,4242.270074999999,4232.132875,4234.25,4258.310224999998,-2.032983781959917,sl,8.020074999999451,16.040149999998903
2025-12-01 00:21:00+00:00,2025-12-01 01:54:00+00:00,4238.668275,4258.5344925875,4227.67,4260.664825,1.2426435646284015,tp,10.998274999999921,21.996549999999843
2025-12-01 02:58:00+00:00,2025-12-01 03:13:00+00:00,4261.839855,4251.363255,4253.49,4278.539565000001,-2.064594408807339,sl,8.349855000000389,16.699710000000778
2025-12-01 04:32:00+00:00,2025-12-01 05:11:00+00:00,4254.976425,4244.61663,4246.74,4271.449275,-2.053265373506308,sl,8.236425000000054,16.472850000000108
2025-12-01 05:46:00+00:00,2025-12-01 07:49:00+00:00,4234.736309999999,4248.343695534998,4226.87,4250.468929999998,0.5604372983877787,tp,7.86630999999943,15.73261999999886
2025-12-01 07:56:00+00:00,2025-12-01 10:04:00+00:00,4253.30559,4267.062171615001,4245.36,4269.1967700000005,0.5702108166923576,tp,7.945590000000266,15.891180000000531
2025-12-01 10:37:00+00:00,2025-12-01 11:20:00+00:00,4271.29458,4262.70758,4264.84,4284.203739999999,-1.8566970715895033,sl,6.454579999999623,12.909159999999247
2025-12-01 11:42:00+00:00,2025-12-01 12:05:00+00:00,4275.3366,4264.406730000001,4266.54,4292.929799999999,-2.108974647409587,sl,8.796599999999671,17.593199999999342
2025-12-01 12:39:00+00:00,2025-12-01 12:46:00+00:00,4272.47517,4262.72757,4264.86,4287.70551,-1.9812928513693933,sl,7.615170000000035,15.23034000000007
2025-12-01 13:03:00+00:00,2025-12-01 14:06:00+00:00,4270.71429,4257.879995,4260.01,4292.122869999999,-2.315538393399766,sl,10.704289999999673,21.408579999999347
2025-12-01 15:00:00+00:00,2025-12-01 15:15:00+00:00,4254.676275,4235.38125,4237.5,4289.028824999999,-3.022240698616488,sl,17.176274999999805,34.35254999999961
2025-12-01 16:07:00+00:00,2025-12-02 01:05:00+00:00,4248.7032899999995,4229.12438,4231.24,4283.629869999999,-3.055081623904571,sl,17.463289999999688,34.926579999999376
2025-12-02 01:56:00+00:00,2025-12-02 04:33:00+00:00,4237.117499999999,4225.136375,4227.25,4256.852499999998,-2.231417322655419,sl,9.867499999999382,19.734999999998763
2025-12-02 05:12:00+00:00,2025-12-02 06:22:00+00:00,4232.104995,4224.54667,4226.66,4242.994984999999,-1.7497005342817116,sl,5.444994999999835,10.88998999999967
2025-12-02 06:48:00+00:00,2025-12-02 08:59:00+00:00,4224.261074999999,4214.301795,4216.41,4239.963224999999,-2.013389604998288,sl,7.851074999999582,15.702149999999165
2025-12-02 09:54:00+00:00,2025-12-02 10:48:00+00:00,4200.048975,4185.915995,4188.01,4224.126924999999,-2.4780540177633985,sl,12.038974999999482,24.077949999998964
2025-12-02 11:21:00+00:00,2025-12-02 12:53:00+00:00,4196.927415,4209.856263877501,4189.41,4211.962245000001,0.49785858950135553,tp,7.5174150000002555,15.034830000000511
2025-12-02 13:43:00+00:00,2025-12-02 14:14:00+00:00,4214.80635,4227.224380475,4207.54,4229.33905,0.435905914228633,tp,7.266349999999875,14.53269999999975
2025-12-02 14:27:00+00:00,2025-12-02 14:30:00+00:00,4234.015949999999,4224.026930000001,4226.14,4249.7678499999965,-2.013349919189056,sl,7.875949999998738,15.751899999997477
2025-12-02 16:21:00+00:00,2025-12-02 20:41:00+00:00,4182.77034,4207.626154490001,4169.29,4209.73102,1.8186898588802949,tp,13.48034000000007,26.96068000000014
2025-12-02 21:38:00+00:00,2025-12-02 21:56:00+00:00,4214.38614,4206.4457250000005,4208.55,4226.0584199999985,-1.793979386068597,sl,5.836139999999432,11.672279999998864
2025-12-02 22:14:00+00:00,2025-12-02 22:14:00+00:00,4211.614755,4207.6851050000005,4209.79,4215.264264999999,-1.3546666985863847,sl,1.8247549999996409,3.6495099999992817
2025-12-02 23:10:00+00:00,2025-12-02 23:10:00+00:00,4210.16403,4207.6851050000005,4209.79,4210.91209,-1.1956011492507514,sl,0.3740299999999479,0.7480599999998958
2025-12-02 23:25:00+00:00,2025-12-03 13:53:00+00:00,4211.814855,4234.6661727175,4199.33,4236.784564999999,1.5796841200655352,tp,12.484854999999698,24.969709999999395
2025-12-03 14:32:00+00:00,2025-12-03 14:49:00+00:00,4240.849364999999,4226.375755,4228.49,4265.568094999998,-2.4989744889903567,sl,12.359364999999343,24.718729999998686
2025-12-03 15:17:00+00:00,2025-12-03 16:55:00+00:00,4228.9134,4211.463215,4213.57,4259.600200000002,-2.8274871744450882,sl,15.343400000000656,30.686800000001313
2025-12-03 17:39:00+00:00,2025-12-03 18:04:00+00:00,4223.67078,4212.67261,4214.78,4241.452340000002,-2.1244113460584355,sl,8.890780000000632,17.781560000001264
2025-12-03 18:44:00+00:00,2025-12-03 18:52:00+00:00,4215.416655,4206.955470000001,4209.06,4228.129964999999,-1.8487514034222534,sl,6.356654999999591,12.713309999999183
2025-12-03 19:11:00+00:00,2025-12-04 03:02:00+00:00,4213.7858400000005,4202.437730000001,4204.54,4232.2775200000015,-2.1646007641922327,sl,9.245840000000499,18.491680000000997
2025-12-04 03:46:00+00:00,2025-12-04 05:38:00+00:00,4205.66178,4193.3622700000005,4195.46,4226.065340000001,-2.2707612452266335,sl,10.201780000000326,20.403560000000653
2025-12-04 06:20:00+00:00,2025-12-04 11:10:00+00:00,4192.6152600000005,4209.739857110002,4183.0,4211.8457800000015,0.9596270162186812,tp,9.61526000000049,19.23052000000098
2025-12-04 13:23:00+00:00,2025-12-04 14:32:00+00:00,4201.889894999999,4216.160550157499,4193.7,4218.269684999998,0.6425531281452102,tp,8.189894999999524,16.379789999999048
2025-12-04 15:31:00+00:00,2025-12-05 14:50:00+00:00,4215.176535,4243.226930197498,4200.09,4245.3496049999985,2.1443594341181837,tp,15.086534999999458,30.173069999998916
2025-12-05 15:24:00+00:00,2025-12-05 16:09:00+00:00,4252.7253,4237.510185,4239.63,4278.9159,-2.5722592013394228,sl,13.095299999999952,26.190599999999904
2025-12-05 17:19:00+00:00,2025-12-05 17:35:00+00:00,4227.342615,4218.879505,4220.99,4240.047844999999,-1.845328239983215,sl,6.352614999999787,12.705229999999574
2025-12-05 17:53:00+00:00,2025-12-05 19:01:00+00:00,4229.4236550000005,4213.442225000001,4215.55,4257.170965000001,-2.6635976098218612,sl,13.873655000000326,27.747310000000653
2025-12-05 19:29:00+00:00,2025-12-05 19:47:00+00:00,4220.769329999999,4211.39325,4213.5,4235.3079899999975,-1.9455024470192221,sl,7.269329999999172,14.538659999998345
2025-12-05 20:25:00+00:00,2025-12-05 20:39:00+00:00,4218.298094999999,4210.05392,4212.16,4230.574284999998,-1.8221111733514697,sl,6.138094999999339,12.276189999998678
2025-12-05 22:43:00+00:00,2025-12-07 15:05:00+00:00,4210.874385,4200.9584700000005,4203.06,4226.503154999999,-2.006142087224658,sl,7.814384999999675,15.62876999999935
2025-12-07 15:58:00+00:00,2025-12-07 20:13:00+00:00,4210.454175,4201.13838,4203.24,4224.882525,-1.9401984129682575,sl,7.214175000000068,14.428350000000137
2025-12-07 22:02:00+00:00,2025-12-08 05:34:00+00:00,4209.62376,4220.020214360002,4203.37,4222.131280000001,0.21525741763329875,tp,6.253760000000511,12.507520000001023
2025-12-08 08:21:00+00:00,2025-12-08 10:31:00+00:00,4224.61125,4212.8925,4215.0,4243.83375,-2.1982249168467627,sl,9.611249999999927,19.222499999999854
2025-12-08 11:30:00+00:00,2025-12-08 13:51:00+00:00,4220.28909,4211.433230000001,4213.54,4233.787270000001,-1.8868505544208252,sl,6.749090000000251,13.498180000000502
2025-12-08 14:57:00+00:00,2025-12-08 14:58:00+00:00,4216.697295,4204.846525,4206.95,4236.191885,-2.2140497731521824,sl,9.747295000000122,19.494590000000244
2025-12-08 16:21:00+00:00,2025-12-09 06:09:00+00:00,4202.05998,4186.64563,4188.74,4228.69994,-2.6080897946620287,sl,13.319980000000214,26.63996000000043
2025-12-09 06:33:00+00:00,2025-12-09 09:05:00+00:00,4192.295099999999,4203.062717349999,4185.86,4205.165299999999,0.26045902334648563,tp,6.435099999999693,12.870199999999386
2025-12-09 09:17:00+00:00,2025-12-10 19:41:00+00:00,4214.456175,4190.113895,4192.21,4258.948525000001,-3.576591412309229,sl,22.24617500000022,44.49235000000044
2025-12-10 19:58:00+00:00,2025-12-11 16:51:00+00:00,4219.878885,4275.497836672501,4191.0,4277.636655,5.138197870826889,tp,28.878885000000082,57.757770000000164
2025-12-11 17:06:00+00:00,2025-12-12 11:08:00+00:00,4286.24205,4342.553786925,4257.0,4344.7261499999995,5.121549152751263,tp,29.242049999999836,58.48409999999967
2025-12-12 13:05:00+00:00,2025-12-12 13:30:00+00:00,4345.531679999999,4349.799052479997,4342.31,4351.975039999997,-0.4693719168373303,tp,3.2216799999987416,6.443359999997483
2025-12-12 13:41:00+00:00,2025-12-12 13:46:00+00:00,4358.01792,4344.8265,4347.0,4380.053760000001,-2.3140659088078372,sl,11.017920000000231,22.035840000000462
2025-12-12 14:07:00+00:00,2025-12-12 14:35:00+00:00,4358.35809,4342.497665,4344.67,4385.734269999999,-2.595095654936674,sl,13.688089999999647,27.376179999999295
2025-12-12 14:51:00+00:00,2025-12-12 15:17:00+00:00,4356.87735,4346.30576,4348.48,4373.67205,-2.0366519700859085,sl,8.397350000000188,16.794700000000375
2025-12-12 15:46:00+00:00,2025-12-12 15:55:00+00:00,4334.856344999999,4308.944450000001,4311.1,4382.369034999997,-3.6690340104988177,sl,23.756344999998873,47.51268999999775
2025-12-12 16:29:00+00:00,2025-12-12 16:37:00+00:00,4307.79282,4285.856000000001,4288.0,4347.378459999999,-3.260711198414016,sl,19.792819999999665,39.58563999999933
2025-12-12 17:00:00+00:00,2025-12-12 17:09:00+00:00,4296.80733,4282.307775,4284.45,4321.521989999999,-2.4702712476094835,sl,12.35732999999982,24.71465999999964
2025-12-12 17:23:00+00:00,2025-12-15 02:07:00+00:00,4301.78982,4336.5800852699995,4283.31,4338.749459999999,2.795226975706096,tp,18.479819999999563,36.959639999999126
2025-12-15 02:10:00+00:00,2025-12-15 06:04:00+00:00,4341.26955,4354.530295675,4333.55,4356.70865,0.4836308132780782,tp,7.719549999999799,15.439099999999598
2025-12-15 06:22:00+00:00,2025-12-15 06:23:00+00:00,4360.189005,4350.333745000001,4352.51,4375.547015,-1.958510338917212,sl,7.679004999999961,15.358009999999922
2025-12-15 07:29:00+00:00,2025-12-15 07:35:00+00:00,4357.07745,4350.313755,4352.49,4366.25235,-1.6328676097265316,sl,4.58744999999999,9.17489999999998
2025-12-15 08:02:00+00:00,2025-12-15 10:34:00+00:00,4355.87685,4349.98392,4352.16,4363.310549999999,-1.5409538358266128,sl,3.716849999999795,7.43369999999959
2025-12-15 12:19:00+00:00,2025-12-15 13:02:00+00:00,4360.549185,4350.4836700000005,4352.66,4376.327555,-1.979475415783801,sl,7.889184999999998,15.778369999999995
2025-12-15 13:32:00+00:00,2025-12-15 13:57:00+00:00,4355.926875,4346.215805000001,4348.39,4371.000625,-1.9428131245416291,sl,7.536874999999782,15.073749999999563
2025-12-15 15:46:00+00:00,2025-12-15 15:58:00+00:00,4341.759795,4331.7530400000005,4333.92,4357.439385,-1.9770039832046291,sl,7.839794999999867,15.679589999999735
2025-12-15 17:27:00+00:00,2025-12-16 02:55:00+00:00,4316.9774099999995,4305.4462,4307.6,4335.732229999998,-2.144718925835981,sl,9.377409999999145,18.75481999999829
2025-12-16 03:51:00+00:00,2025-12-16 05:21:00+00:00,4304.841344999999,4295.51117,4297.66,4319.204034999997,-1.9130720721847028,sl,7.181344999999055,14.36268999999811
2025-12-16 06:17:00+00:00,2025-12-16 11:11:00+00:00,4302.29007,4285.536160000001,4287.68,4331.5102099999995,-2.704840357775158,sl,14.610069999999723,29.220139999999446
2025-12-16 12:07:00+00:00,2025-12-16 13:30:00+00:00,4296.587219999999,4313.483839169998,4287.06,4315.6416599999975,0.8853746000347995,tp,9.527219999999033,19.054439999998067
2025-12-16 13:57:00+00:00,2025-12-16 16:38:00+00:00,4325.711775,4310.00392,4312.16,4352.815325,-2.583720995357803,sl,13.551774999999907,27.103549999999814
2025-12-16 17:01:00+00:00,2025-12-17 05:11:00+00:00,4320.969405,4343.8352108925,4308.45,4346.008215,1.5084623248689955,tp,12.519405000000006,25.038810000000012
2025-12-17 05:18:00+00:00,2025-12-17 07:16:00+00:00,4349.493659999999,4334.061885,4336.23,4376.020979999998,-2.5452038400128085,sl,13.263659999999618,26.527319999999236
2025-12-17 08:40:00+00:00,2025-12-17 10:37:00+00:00,4334.256045,4322.85749,4325.02,4352.728134999999,-2.123587795692763,sl,9.236044999999649,18.472089999999298
2025-12-17 10:58:00+00:00,2025-12-17 13:19:00+00:00,4331.314574999999,4340.872203137499,4325.45,4343.043724999999,0.0937966283622923,tp,5.864574999999604,11.729149999999208
2025-12-17 13:31:00+00:00,2025-12-17 14:15:00+00:00,4348.923374999999,4339.339245,4341.51,4363.750124999998,-1.9278145410079897,sl,7.413374999999178,14.826749999998356
2025-12-17 14:45:00+00:00,2025-12-17 15:53:00+00:00,4352.905365,4337.640095000001,4339.81,4379.096094999998,-2.524597086277908,sl,13.09536499999922,26.19072999999844
2025-12-17 16:46:00+00:00,2025-12-18 12:28:00+00:00,4350.204014999999,4329.824005,4331.99,4386.6320449999985,-3.063566945188319,sl,18.214014999999563,36.428029999999126
2025-12-18 13:31:00+00:00,2025-12-18 14:42:00+00:00,4345.041435,4330.8035150000005,4332.97,4369.184305,-2.417676957016014,sl,12.071434999999838,24.142869999999675
2025-12-18 15:32:00+00:00,2025-12-18 16:12:00+00:00,4349.29356,4369.194989660001,4338.25,4371.38068,1.1784699889667531,tp,11.04356000000007,22.08712000000014
2025-12-18 17:34:00+00:00,2025-12-18 19:53:00+00:00,4348.55319,4334.931450000001,4337.1,4371.459569999998,-2.3512502540990265,sl,11.453189999999267,22.906379999998535
2025-12-18 20:35:00+00:00,2025-12-18 21:42:00+00:00,4350.43413,4339.829000000001,4342.0,4367.302389999999,-2.032575461030047,sl,8.43412999999964,16.86825999999928
2025-12-18 23:06:00+00:00,2025-12-19 00:17:00+00:00,4348.05294,4341.548140000001,4343.72,4356.718819999998,-1.6010986279554522,sl,4.332939999999326,8.665879999998651
2025-12-19 03:26:00+00:00,2025-12-19 15:05:00+00:00,4334.416125,4347.5135308125,4326.78,4349.688375,0.46665978184163304,tp,7.636124999999993,15.272249999999985
2025-12-19 15:18:00+00:00,2025-12-22 04:04:00+00:00,4358.1379799999995,4405.989843029999,4333.11,4408.193939999999,4.108800784003715,tp,25.027979999999843,50.055959999999686
2025-12-22 04:50:00+00:00,2025-12-22 05:31:00+00:00,4412.144969999999,4418.124742544998,4408.05,4420.334909999998,-0.2961018407330712,tp,4.0949699999991935,8.189939999998387
2025-12-22 06:17:00+00:00,2025-12-22 13:09:00+00:00,4421.609699999999,4435.270355449998,4413.67,4437.489099999997,0.49791880294102664,tp,7.939699999998993,15.879399999997986
2025-12-22 14:01:00+00:00,2025-12-22 14:33:00+00:00,4444.661219999999,4434.631575,4436.85,4460.283659999996,-1.949881855791518,sl,7.811219999998684,15.622439999997368
2025-12-22 14:47:00+00:00,2025-12-22 15:12:00+00:00,4447.532655,4431.583100000001,4433.8,4474.997965,-2.558124999736129,sl,13.732654999999795,27.46530999999959
2025-12-22 15:32:00+00:00,2025-12-22 21:02:00+00:00,4441.609695,4457.279330457501,4432.66,4459.509085000001,0.6983326605076912,tp,8.949695000000247,17.899390000000494
2025-12-22 21:19:00+00:00,2025-12-23 01:10:00+00:00,4469.403585,4507.5558496225,4449.2,4509.810755,2.990646847543544,tp,20.203585000000203,40.407170000000406
2025-12-23 01:53:00+00:00,2025-12-23 02:07:00+00:00,4515.446594999999,4505.096325,4507.35,4531.639784999998,-1.9660210343643856,sl,8.09659499999907,16.19318999999814
2025-12-23 02:33:00+00:00,2025-12-23 03:06:00+00:00,4515.706725,4505.935905,4508.19,4530.740175000001,-1.9068029977054493,sl,7.516725000000406,15.033450000000812
2025-12-23 03:41:00+00:00,2025-12-23 03:57:00+00:00,4508.703224999999,4499.52911,4501.78,4522.549674999998,-1.8473780640279966,sl,6.923224999999547,13.846449999999095
2025-12-23 05:07:00+00:00,2025-12-23 05:13:00+00:00,4503.040395,4496.860445,4499.11,4510.901185000001,-1.543944075974364,sl,3.930395000000317,7.860790000000634
2025-12-23 06:34:00+00:00,2025-12-23 07:50:00+00:00,4493.535645,4505.8528815325,4486.25,4508.106935,0.33811543188634896,tp,7.285644999999931,14.571289999999863
2025-12-23 07:55:00+00:00,2025-12-23 08:19:00+00:00,4509.683715,4517.1714294275,4504.81,4519.431145,-0.15629495999080079,tp,4.87371499999972,9.74742999999944
2025-12-23 10:04:00+00:00,2025-12-23 10:04:00+00:00,4509.51363,4500.4286600000005,4502.68,4523.1808900000005,-1.8375200958195936,sl,6.833630000000085,13.66726000000017
2025-12-23 10:29:00+00:00,2025-12-23 10:43:00+00:00,4509.023385,4498.5496,4500.8,4525.470155000001,-1.9781303978854803,sl,8.223385000000235,16.44677000000047
2025-12-23 11:45:00+00:00,2025-12-23 12:21:00+00:00,4508.35305,4499.399175,4501.65,4521.75915,-1.8236945858803653,sl,6.703050000000076,13.406100000000151
2025-12-23 12:39:00+00:00,2025-12-23 13:51:00+00:00,4506.5521499999995,4500.12881,4502.38,4514.896449999998,-1.566967328674712,sl,4.172149999999419,8.344299999998839
2025-12-23 14:22:00+00:00,2025-12-23 14:31:00+00:00,4490.6442,4474.171795,4476.41,4519.1125999999995,-2.5919372753682626,sl,14.234199999999873,28.468399999999747
2025-12-23 15:39:00+00:00,2025-12-23 18:58:00+00:00,4472.585175,4499.7645172375005,4457.87,4502.015525000001,1.8621730845571582,tp,14.715175000000272,29.430350000000544
2025-12-23 20:20:00+00:00,2025-12-23 20:37:00+00:00,4512.845295,4505.506120000001,4507.76,4523.015885,-1.6584257126644517,sl,5.08529499999986,10.17058999999972
2025-12-23 20:56:00+00:00,2025-12-23 21:55:00+00:00,4512.405075,4503.60707,4505.86,4525.495225,-1.8059424616654014,sl,6.545074999999997,13.090149999999994
2025-12-23 22:15:00+00:00,2025-12-23 23:37:00+00:00,4510.123935,4522.709319097499,4502.7,4524.971804999999,0.3602601411308496,tp,7.423934999999801,14.847869999999602
2025-12-23 23:51:00+00:00,2025-12-24 02:59:00+00:00,4535.0664,4500.44865,4502.7,4599.7991999999995,-4.40265419192792,sl,32.366399999999885,64.73279999999977
2025-12-24 03:36:00+00:00,2025-12-24 05:06:00+00:00,4518.868304999999,4507.764990000001,4510.02,4536.564914999996,-2.0365046091144645,sl,8.848304999998618,17.696609999997236
2025-12-24 06:33:00+00:00,2025-12-24 07:46:00+00:00,4512.35505,4502.597575000001,4504.85,4527.36515,-1.9014847856437183,sl,7.5050499999997555,15.010099999999511
2025-12-24 08:41:00+00:00,2025-12-24 08:53:00+00:00,4509.363554999999,4498.809470000001,4501.06,4525.970664999996,-1.9823898496959576,sl,8.303554999998596,16.607109999997192
2025-12-24 09:42:00+00:00,2025-12-24 10:33:00+00:00,4510.564155,4502.64755,4504.9,4521.892465000001,-1.7147962022499779,sl,5.664155000000392,11.328310000000783
2025-12-24 10:58:00+00:00,2025-12-24 13:12:00+00:00,4510.153949999999,4497.899925,4500.15,4530.161849999998,-2.153396330435534,sl,10.00394999999935,20.0078999999987
2025-12-24 13:54:00+00:00,2025-12-24 14:12:00+00:00,4505.4616049999995,4498.4496500000005,4500.7,4514.984814999999,-1.6233731903769535,sl,4.76160499999969,9.52320999999938
2025-12-24 14:35:00+00:00,2025-12-24 14:36:00+00:00,4506.39207,4496.5506000000005,4498.8,4521.576209999999,-1.909341726024143,sl,7.592069999999694,15.184139999999388
2025-12-24 15:16:00+00:00,2025-12-24 15:24:00+00:00,4492.715235,4476.710525,4478.95,4520.245704999999,-2.537586137797457,sl,13.765234999999848,27.530469999999696
2025-12-24 16:34:00+00:00,2025-12-25 20:23:00+00:00,4490.053905,4508.0065841425,4479.95,4510.261715,0.9101522206513571,tp,10.10390499999994,20.20780999999988
2025-12-25 20:32:00+00:00,2025-12-26 00:30:00+00:00,4513.485615,4527.172126577499,4505.51,4529.436844999998,0.46980244877015087,tp,7.9756149999993795,15.951229999998759
2025-12-26 00:53:00+00:00,2025-12-26 01:14:00+00:00,4532.92533,4522.31771,4524.58,4549.61599,-1.9799413996340935,sl,8.345330000000104,16.690660000000207
2025-12-26 02:12:00+00:00,2025-12-26 02:31:00+00:00,4523.90082,4512.252745000001,4514.51,4542.682459999999,-2.0864894665068876,sl,9.390819999999621,18.781639999999243
2025-12-26 02:52:00+00:00,2025-12-26 10:19:00+00:00,4519.738739999999,4539.625271889997,4508.66,4541.896219999997,1.0929295970223358,tp,11.078739999999016,22.15747999999803
2025-12-26 12:14:00+00:00,2025-12-26 12:59:00+00:00,4533.715725,4526.585575000001,4528.85,4543.447174999999,-1.6294736137420187,sl,4.865724999999657,9.731449999999313
2025-12-26 13:04:00+00:00,2025-12-26 14:33:00+00:00,4537.52763,4550.2066485549985,4530.05,4552.482889999998,0.36107349656803867,tp,7.477629999999408,14.955259999998816
2025-12-26 14:39:00+00:00,2025-12-26 14:39:00+00:00,4553.215469999999,4544.116805000001,4546.39,4566.866409999997,-1.82322369563372,sl,6.825469999998859,13.650939999997718
2025-12-26 15:07:00+00:00,2025-12-29 00:20:00+00:00,4551.31452,4533.831950000001,4536.1,4581.743559999999,-2.662642674775045,sl,15.214519999999538,30.429039999999077
2025-12-29 01:08:00+00:00,2025-12-29 01:42:00+00:00,4530.013875,4514.48163,4516.74,4556.561624999999,-2.4739646247746103,sl,13.273874999999862,26.547749999999724
2025-12-29 02:05:00+00:00,2025-12-29 06:28:00+00:00,4529.323530000001,4513.921910000001,4516.18,4555.610590000001,-2.4603971537149074,sl,13.143530000000283,26.287060000000565
2025-12-29 08:14:00+00:00,2025-12-29 08:48:00+00:00,4500.42909,4482.307725000001,4484.55,4532.1872699999985,-2.744825846587989,sl,15.87908999999945,31.7581799999989
2025-12-29 09:14:00+00:00,2025-12-29 10:31:00+00:00,4483.30053,4473.3622000000005,4475.6,4498.701590000001,-1.9202234852339526,sl,7.700530000000072,15.401060000000143
2025-12-29 11:19:00+00:00,2025-12-29 11:38:00+00:00,4481.33955,4469.764,4472.0,4500.018649999999,-2.0865157806243406,sl,9.33954999999969,18.67909999999938
2025-12-29 12:10:00+00:00,2025-12-29 13:42:00+00:00,4471.744755,4455.15131,4457.38,4500.474264999999,-2.599090283911596,sl,14.364754999999604,28.72950999999921
2025-12-29 15:36:00+00:00,2025-12-30 12:19:00+00:00,4358.768295,4414.0967325575,4330.0,4416.304885,4.862905637629265,tp,28.768294999999853,57.536589999999705
2025-12-30 13:01:00+00:00,2025-12-30 13:13:00+00:00,4423.720755,4413.851970000001,4416.06,4439.042265,-1.9262886037221478,sl,7.660754999999881,15.321509999999762
2025-12-30 14:02:00+00:00,2025-12-30 14:35:00+00:00,4409.143469999999,4392.722540000001,4394.92,4437.590409999997,-2.605355481227613,sl,14.223469999998997,28.446939999997994
2025-12-30 15:08:00+00:00,2025-12-30 16:08:00+00:00,4390.5942,4375.021395000001,4377.21,4417.362599999999,-2.523904077774104,sl,13.38419999999951,26.76839999999902
2025-12-30 16:29:00+00:00,2025-12-30 19:47:00+00:00,4390.183994999999,4371.852980000001,4374.04,4422.471984999998,-2.809044198716582,sl,16.14399499999945,32.2879899999989
2025-12-30 20:17:00+00:00,2025-12-30 23:26:00+00:00,4372.00491,4356.000910000001,4358.18,4399.654729999998,-2.5741155333692998,sl,13.824909999999363,27.649819999998726
2025-12-31 00:07:00+00:00,2025-12-31 00:27:00+00:00,4365.22152,4353.432195,4355.61,4384.444560000001,-2.1371895959780827,sl,9.611520000000382,19.223040000000765
2025-12-31 00:41:00+00:00,2025-12-31 04:58:00+00:00,4363.74078,4349.94394,4352.12,4386.9823400000005,-2.346124887923483,sl,11.620780000000195,23.24156000000039
2025-12-31 05:22:00+00:00,2025-12-31 05:40:00+00:00,4354.85634,4344.8364950000005,4347.01,4370.54902,-1.9544911622229217,sl,7.846340000000055,15.69268000000011
2025-12-31 06:20:00+00:00,2026-01-02 03:13:00+00:00,4323.86085,4377.512698725001,4295.94,4379.702550000001,4.725868661931329,tp,27.920850000000428,55.841700000000856
2026-01-02 03:35:00+00:00,2026-01-02 08:00:00+00:00,4382.5902,4395.071964699999,4375.25,4397.270599999999,0.38441196111737885,tp,7.340199999999641,14.680399999999281
2026-01-02 08:35:00+00:00,2026-01-02 09:21:00+00:00,4404.86133,4397.190305000001,4399.39,4415.8039899999985,-1.7010049840019774,sl,5.471329999999398,10.942659999998796
2026-01-02 09:48:00+00:00,2026-01-02 09:56:00+00:00,4403.4506249999995,4397.400200000001,4399.6,4411.151874999998,-1.5337427611460228,sl,3.850624999999127,7.701249999998254
2026-01-02 10:17:00+00:00,2026-01-02 10:31:00+00:00,4402.270035,4395.791005,4397.99,4410.830104999999,-1.577875158277649,sl,4.280034999999771,8.560069999999541
2026-01-02 10:38:00+00:00,2026-01-02 13:24:00+00:00,4407.292545,4395.66107,4397.86,4426.157635000001,-2.1077733434528207,sl,9.432545000000573,18.865090000001146
2026-01-02 15:38:00+00:00,2026-01-02 16:00:00+00:00,4358.53818,4346.935445,4349.11,4377.394539999999,-2.117694738445363,sl,9.428179999999884,18.856359999999768
2026-01-02 16:41:00+00:00,2026-01-02 18:10:00+00:00,4341.52968,4329.644095000001,4331.81,4360.969039999998,-2.151509518491659,sl,9.719679999999244,19.439359999998487
2026-01-02 18:57:00+00:00,2026-01-02 20:40:00+00:00,4331.374605,4339.253103092499,4326.35,4341.423814999999,-0.08308049621425806,tp,5.02460499999961,10.04920999999922
2026-01-02 20:51:00+00:00,2026-01-03 09:03:00+00:00,4344.961394999999,4363.881152907498,4334.41,4366.064184999998,1.0675872044437646,tp,10.551394999999502,21.102789999999004
2026-01-03 09:48:00+00:00,2026-01-03 09:50:00+00:00,4368.413114999999,4362.8175,4365.0,4375.239344999998,-1.4900557315640044,sl,3.4131149999993795,6.826229999998759
2026-01-03 10:06:00+00:00,2026-01-03 15:32:00+00:00,4368.893355,4357.230295,4359.41,4387.860065000001,-2.1199850835999094,sl,9.483355000000302,18.966710000000603
2026-01-03 16:04:00+00:00,2026-01-03 21:10:00+00:00,4363.730775,4355.171325,4357.35,4376.492324999999,-1.798239074417792,sl,6.38077499999963,12.76154999999926
2026-01-03 21:54:00+00:00,2026-01-03 22:24:00+00:00,4362.330074999999,4354.771525,4356.95,4373.090224999997,-1.6940917658804149,sl,5.380074999999124,10.760149999998248
2026-01-03 22:53:00+00:00,2026-01-03 23:51:00+00:00,4360.369094999999,4354.051885,4356.23,4368.647284999998,-1.5650164206587212,sl,4.139094999999543,8.278189999999086
2026-01-04 00:57:00+00:00,2026-01-04 03:16:00+00:00,4356.537179999999,4350.34374,4352.52,4364.571539999997,-1.5524419839812558,sl,4.017179999998916,8.034359999997832
2026-01-04 06:38:00+00:00,2026-01-04 11:35:00+00:00,4354.616219999999,4346.885470000001,4349.06,4365.728659999996,-1.712513874099192,sl,5.556219999998575,11.11243999999715
2026-01-04 12:06:00+00:00,2026-01-04 17:07:00+00:00,4352.185005,4359.774037492501,4347.3,4361.9550150000005,-0.1170709006217373,tp,4.885005000000092,9.770010000000184
2026-01-04 18:52:00+00:00,2026-01-04 20:08:00+00:00,4365.90186,4376.33631721,4359.59,4378.5255799999995,0.17586603042105275,tp,6.311859999999797,12.623719999999594
2026-01-04 20:47:00+00:00,2026-01-04 22:12:00+00:00,4373.94588,4365.13634,4367.32,4387.197640000001,-1.8204442810797592,sl,6.625880000000507,13.251760000001013
2026-01-04 23:01:00+00:00,2026-01-04 23:15:00+00:00,4368.06294,4379.957745589999,4361.02,4382.1488199999985,0.3268126148910514,tp,7.042939999999362,14.085879999998724
2026-01-04 23:48:00+00:00,2026-01-05 01:00:00+00:00,4380.539175,4401.9954262374995,4368.71,4404.197525,1.3125404869754438,tp,11.82917499999985,23.6583499999997
2026-01-05 01:46:00+00:00,2026-01-05 01:51:00+00:00,4411.394595,4397.050375,4399.25,4435.683784999999,-2.381355234022764,sl,12.144594999999754,24.289189999999508
2026-01-05 02:26:00+00:00,2026-01-05 06:24:00+00:00,4404.16098,4422.110778529999,4394.08,4424.322939999999,0.9396901802977553,tp,10.080979999999727,20.161959999999453
2026-01-05 06:33:00+00:00,2026-01-06 14:34:00+00:00,4431.324554999999,4482.9310781674985,4404.4,4485.173664999998,4.3706473533338155,tp,26.9245549999996,53.8491099999992
2026-01-06 14:46:00+00:00,2026-01-07 05:34:00+00:00,4494.8463,4469.374195,4471.61,4541.318900000001,-3.477292436243347,sl,23.236300000000483,46.472600000000966
2026-01-07 07:11:00+00:00,2026-01-07 12:18:00+00:00,4465.961864999999,4453.961905,4456.19,4485.505594999999,-2.125284719738445,sl,9.771864999999707,19.543729999999414
2026-01-07 12:29:00+00:00,2026-01-07 13:06:00+00:00,4462.23,4451.073350000001,4453.3,4480.089999999998,-2.040166180363852,sl,8.929999999999382,17.859999999998763
2026-01-07 13:23:00+00:00,2026-01-07 15:14:00+00:00,4454.686229999999,4440.11883,4442.34,4479.378689999998,-2.388499535750431,sl,12.346229999999196,24.69245999999839
2026-01-07 16:01:00+00:00,2026-01-08 00:01:00+00:00,4463.9008349999995,4477.342713747498,4456.06,4479.582504999998,0.45710749808144835,tp,7.8408349999990605,15.681669999998121
2026-01-08 00:15:00+00:00,2026-01-08 00:23:00+00:00,4482.50013,4474.24176,4476.48,4494.540390000002,-1.7412875819479066,sl,6.0201300000007905,12.040260000001581
2026-01-08 03:12:00+00:00,2026-01-08 03:16:00+00:00,4459.778775,4450.5436150000005,4452.77,4473.796324999998,-1.8443900137082851,sl,7.008774999999332,14.017549999998664
2026-01-08 04:35:00+00:00,2026-01-08 04:36:00+00:00,4455.44661,4449.244265,4451.47,4463.399829999999,-1.536728753172218,sl,3.9766099999997095,7.953219999999419
2026-01-08 05:57:00+00:00,2026-01-08 06:06:00+00:00,4439.89884,4429.48415,4431.7,4456.29652,-1.9681638828198875,sl,8.198840000000018,16.397680000000037
2026-01-08 06:31:00+00:00,2026-01-08 08:52:00+00:00,4443.9208499999995,4429.354215,4431.57,4468.622549999999,-2.389631129940639,sl,12.35084999999981,24.70169999999962
2026-01-08 08:58:00+00:00,2026-01-08 12:01:00+00:00,4443.56067,4428.5945950000005,4430.81,4469.062009999999,-2.4297947318488005,sl,12.750669999999445,25.50133999999889
2026-01-08 12:27:00+00:00,2026-01-08 15:17:00+00:00,4435.3165500000005,4459.618725175002,4422.05,4461.849650000001,1.5729336579950346,tp,13.26655000000028,26.53310000000056
2026-01-08 15:42:00+00:00,2026-01-08 21:00:00+00:00,4463.6206950000005,4483.839043957501,4452.39,4486.082085000001,1.1435535482239576,tp,11.230695000000196,22.461390000000392
2026-01-08 21:46:00+00:00,2026-01-08 22:33:00+00:00,4487.712735,4480.7585,4483.0,4497.138205,-1.607060652474349,sl,4.712735000000066,9.425470000000132
2026-01-08 23:01:00+00:00,2026-01-08 23:01:00+00:00,4488.12294,4484.01687,4486.26,4491.84882,-1.3196140716958793,sl,1.8629399999999805,3.725879999999961
2026-01-09 00:01:00+00:00,2026-01-09 00:20:00+00:00,4484.811285,4477.83996,4480.08,4494.2738549999995,-1.6087186404864766,sl,4.731284999999843,9.462569999999687
2026-01-09 00:43:00+00:00,2026-01-09 00:52:00+00:00,4479.788775,4470.473645,4472.71,4493.946325,-1.8458415397667431,sl,7.0787749999999505,14.157549999999901
2026-01-09 01:42:00+00:00,2026-01-09 12:00:00+00:00,4474.21599,4484.304696014999,4468.05,4486.547969999999,0.11433182054737034,tp,6.1659899999995105,12.331979999999021
2026-01-09 12:49:00+00:00,2026-01-09 13:30:00+00:00,4479.33855,4469.534115,4471.77,4494.47565,-1.8949767030864262,sl,7.568549999999959,15.137099999999919
2026-01-09 13:32:00+00:00,2026-01-09 15:39:00+00:00,4487.212485,4515.3586462725,4472.01,4517.617455,1.9306151752444571,tp,15.202484999999797,30.404969999999594
2026-01-09 18:16:00+00:00,2026-01-10 23:29:00+00:00,4497.9378449999995,4519.312748232499,4486.12,4521.573534999999,1.2435525078141354,tp,11.81784499999958,23.63568999999916
2026-01-11 01:33:00+00:00,2026-01-11 01:33:00+00:00,4523.530635,4520.3387,4522.6,4525.3919049999995,-1.2244928023070596,sl,0.930634999999711,1.861269999999422
2026-01-11 04:55:00+00:00,2026-01-11 05:17:00+00:00,4526.6321849999995,4521.248245000001,4523.51,4532.876554999998,-1.4430733879746063,sl,3.122184999999263,6.244369999998526
2026-01-11 06:42:00+00:00,2026-01-11 08:42:00+00:00,4522.21998,4515.750995,4518.01,4530.639939999999,-1.5518442857102759,sl,4.209979999999632,8.419959999999264
2026-01-11 09:01:00+00:00,2026-01-11 09:02:00+00:00,4524.120929999999,4519.03935,4521.3,4529.762789999997,-1.4126841428102892,sl,2.8209299999989526,5.641859999997905
2026-01-11 09:45:00+00:00,2026-01-11 10:27:00+00:00,4524.250994999999,4519.03935,4521.3,4530.152984999998,-1.4254420461922281,sl,2.9509949999992386,5.901989999998477
2026-01-11 10:35:00+00:00,2026-01-11 11:21:00+00:00,4524.731235,4519.03935,4521.3,4531.593705,-1.4731238288466995,sl,3.431235000000015,6.86247000000003
2026-01-11 15:09:00+00:00,2026-01-11 23:07:00+00:00,4514.686215,4528.593215677499,4506.6,4530.858644999998,0.4872288113276759,tp,8.086214999999356,16.172429999998712
2026-01-11 23:42:00+00:00,2026-01-12 00:32:00+00:00,4548.83328,4566.47546008,4538.87,4568.75984,0.8478225025365793,tp,9.96327999999994,19.92655999999988
2026-01-12 00:56:00+00:00,2026-01-15 05:48:00+00:00,4600.65918,4556.630545,4558.91,4684.157539999999,-5.2291681174384115,sl,41.7491799999998,83.4983599999996
2026-01-15 05:57:00+00:00,2026-01-20 05:32:00+00:00,4607.3025,4739.536546249999,4540.0,4741.907499999999,12.057708844503987,tp,67.30249999999978,134.60499999999956
2026-01-20 05:54:00+00:00,2026-01-20 23:47:00+00:00,4732.104869999999,4807.169822694998,4693.37,4809.574609999998,6.2681705376451955,tp,38.73486999999932,77.46973999999864
2026-01-21 00:06:00+00:00,2026-01-21 06:27:00+00:00,4812.855224999999,4907.250822162498,4764.43,4909.705674999997,7.969648147729309,tp,48.425224999999045,96.85044999999809
2026-01-21 08:04:00+00:00,2026-01-21 15:19:00+00:00,4888.753155,4864.9663,4867.4,4931.459465000002,-3.1105592741128265,sl,21.353155000000697,42.706310000001395
2026-01-21 15:50:00+00:00,2026-01-21 16:20:00+00:00,4872.47502,4857.200185000001,4859.63,4898.165059999999,-2.3258720496412995,sl,12.84501999999975,25.6900399999995
2026-01-21 16:39:00+00:00,2026-01-21 16:52:00+00:00,4874.425995,4853.0822450000005,4855.51,4912.257984999998,-2.8882913444238167,sl,18.915994999999384,37.83198999999877
2026-01-21 18:12:00+00:00,2026-01-21 18:19:00+00:00,4857.48753,4846.025775,4848.45,4875.562590000001,-1.9736915610449528,sl,9.037530000000515,18.07506000000103
2026-01-21 18:26:00+00:00,2026-01-21 19:27:00+00:00,4861.16937,4843.676950000001,4846.1,4891.308109999998,-2.5337109877902786,sl,15.069369999999253,30.138739999998506
2026-01-21 19:58:00+00:00,2026-01-21 21:20:00+00:00,4809.8036999999995,4856.1418144499985,4785.42,4858.571099999998,3.4519167365882724,tp,24.383699999999408,48.767399999998815
2026-01-21 21:48:00+00:00,2026-01-21 21:50:00+00:00,4865.901735,4854.121725000001,4856.55,4884.605205000001,-2.001208782556043,sl,9.35173500000019,18.70347000000038
2026-01-21 22:28:00+00:00,2026-01-21 22:40:00+00:00,4855.96677,4846.65546,4849.08,4869.74031,-1.7730332367762718,sl,6.88677000000007,13.77354000000014
2026-01-21 23:01:00+00:00,2026-01-21 23:03:00+00:00,4856.427,4845.226175,4847.65,4873.981,-1.948572283791548,sl,8.777000000000044,17.554000000000087
2026-01-22 00:42:00+00:00,2026-01-22 01:03:00+00:00,4812.394995,4799.41909,4801.82,4833.5449849999995,-2.124482933497059,sl,10.574994999999944,21.14998999999989
2026-01-22 01:15:00+00:00,2026-01-22 02:39:00+00:00,4812.10485,4789.604,4792.0,4852.314549999999,-3.0188724983043342,sl,20.104849999999715,40.20969999999943
2026-01-22 02:53:00+00:00,2026-01-22 05:53:00+00:00,4805.491545,4832.2373076825,4790.91,4834.654635,1.610488385173244,tp,14.581545000000006,29.16309000000001
2026-01-22 06:01:00+00:00,2026-01-22 16:00:00+00:00,4838.167875,4888.6980531875,4811.68,4891.143625,3.81581314108531,tp,26.487874999999804,52.97574999999961
2026-01-22 16:19:00+00:00,2026-01-22 17:09:00+00:00,4895.20638,4882.21767,4884.66,4916.299139999999,-2.1051061095409507,sl,10.546379999999772,21.092759999999544
2026-01-22 17:23:00+00:00,2026-01-22 21:37:00+00:00,4907.11233,4953.139181505001,4882.86,4955.61699,3.3353114315792745,tp,24.252330000000256,48.50466000000051
2026-01-22 22:03:00+00:00,2026-01-23 08:23:00+00:00,4964.731124999999,4936.700415,4939.17,5015.853374999998,-3.4588071740550843,sl,25.561124999999265,51.12224999999853
2026-01-23 09:39:00+00:00,2026-01-23 12:52:00+00:00,4934.60607,4960.356790895,4920.49,4962.83821,1.4540632690925515,tp,14.116070000000036,28.232140000000072
2026-01-23 13:04:00+00:00,2026-01-23 13:20:00+00:00,4963.40046,4951.523,4954.0,4982.2013799999995,-1.9872109248276892,sl,9.400459999999839,18.800919999999678
2026-01-23 14:09:00+00:00,2026-01-23 14:30:00+00:00,4964.931224999999,4952.68242,4955.16,4984.473674999998,-2.0202517579144983,sl,9.771224999999504,19.542449999999008
2026-01-23 14:37:00+00:00,2026-01-23 16:09:00+00:00,4966.50201,4990.789386985001,4953.11,4993.286030000001,1.3053422932106278,tp,13.392010000000482,26.784020000000965
2026-01-23 16:19:00+00:00,2026-01-24 16:44:00+00:00,5002.339919999999,5066.985000119998,4968.75,5069.519759999998,4.936457985987161,tp,33.58991999999944,67.17983999999888
2026-01-24 17:50:00+00:00,2026-01-24 18:01:00+00:00,5093.695575,5079.868795,5082.41,5116.2667249999995,-2.133095120444367,sl,11.28557499999988,22.57114999999976
2026-01-24 18:41:00+00:00,2026-01-24 18:44:00+00:00,5087.492474999999,5098.966666287499,5080.48,5101.517424999998,0.11456320774164674,tp,7.01247499999954,14.02494999999908
2026-01-24 19:28:00+00:00,2026-01-24 20:16:00+00:00,5096.577015,5109.235149477499,5088.97,5111.791044999999,0.21778494898433665,tp,7.607014999999592,15.214029999999184
2026-01-24 20:26:00+00:00,2026-01-24 20:37:00+00:00,5126.66205,5097.48998,5100.04,5179.90615,-3.478237549693434,sl,26.622049999999945,53.24409999999989
2026-01-24 21:25:00+00:00,2026-01-24 22:24:00+00:00,5109.743594999999,5093.3020750000005,5095.85,5137.530784999996,-2.3592935984349968,sl,13.89359499999864,27.78718999999728
2026-01-25 00:18:00+00:00,2026-01-25 01:54:00+00:00,5078.698079999999,5068.674395,5071.21,5093.674239999998,-1.7965341538201895,sl,7.488079999999172,14.976159999998345
2026-01-25 02:36:00+00:00,2026-01-25 03:03:00+00:00,5097.537495,5078.4495050000005,5080.99,5130.632484999999,-2.5962461864207453,sl,16.5474949999998,33.0949899999996
2026-01-25 03:20:00+00:00,2026-01-25 08:16:00+00:00,5094.545999999999,5078.03971,5080.58,5122.477999999998,-2.367610796000645,sl,13.96599999999944,27.93199999999888
2026-01-25 09:57:00+00:00,2026-01-25 10:15:00+00:00,5065.03125,5052.982245,5055.51,5084.07375,-1.9781521879202484,sl,9.521249999999782,19.042499999999563
2026-01-25 10:45:00+00:00,2026-01-25 12:55:00+00:00,5053.02525,5041.328075,5043.85,5071.375749999998,-1.9488379290962996,sl,9.175249999999323,18.350499999998647
2026-01-25 13:34:00+00:00,2026-01-25 14:18:00+00:00,5056.62705,5065.5471094250015,5050.9,5068.081150000001,-0.10740656863880793,tp,5.727050000000418,11.454100000000835
2026-01-25 14:51:00+00:00,2026-01-25 15:13:00+00:00,5071.484474999999,5060.6684000000005,5063.2,5088.053424999998,-1.8661771705931445,sl,8.284474999999475,16.56894999999895
2026-01-25 15:44:00+00:00,2026-01-25 15:51:00+00:00,5059.518494999999,5050.17365,5052.7,5073.155484999998,-1.736851524190693,sl,6.81849499999953,13.63698999999906
2026-01-25 16:01:00+00:00,2026-01-25 16:19:00+00:00,5061.389429999999,5085.704165854998,5047.96,5088.248289999998,1.2641403782835448,tp,13.429429999999229,26.858859999998458
2026-01-25 16:42:00+00:00,2026-01-25 23:04:00+00:00,5099.5084799999995,5061.04821,5063.58,5171.365439999999,-4.306478410736008,sl,35.92847999999958,71.85695999999916
2026-01-25 23:52:00+00:00,2026-01-26 01:18:00+00:00,5066.081775,5092.777662337499,5051.46,5095.325324999999,1.4736909981461848,tp,14.621774999999616,29.24354999999923
2026-01-26 01:54:00+00:00,2026-01-26 02:03:00+00:00,5116.286864999999,5097.709870000001,5100.26,5148.340594999997,-2.5409363257759847,sl,16.026864999998907,32.05372999999781
2026-01-26 02:30:00+00:00,2026-01-26 04:32:00+00:00,5118.147795,5095.5709400000005,5098.12,5158.203385,-2.8920515113521494,sl,20.02779499999997,40.05558999999994
2026-01-26 05:48:00+00:00,2026-01-26 06:47:00+00:00,5096.547,5120.039699499998,5083.52,5122.600999999998,1.1755079990808235,tp,13.026999999999134,26.05399999999827
2026-01-26 08:17:00+00:00,2026-01-26 08:49:00+00:00,5125.961699999999,5115.4609900000005,5118.02,5141.845099999996,-1.8262713301987163,sl,7.941699999998491,15.883399999996982
2026-01-26 09:20:00+00:00,2026-01-26 09:23:00+00:00,5124.450945,5115.4609900000005,5118.02,5137.312834999998,-1.6932781794937313,sl,6.430944999999156,12.861889999998311
2026-01-26 09:28:00+00:00,2026-01-26 09:42:00+00:00,5125.301369999999,5115.4609900000005,5118.02,5139.864109999997,-1.7676117791785244,sl,7.2813699999987875,14.562739999997575
2026-01-26 09:47:00+00:00,2026-01-26 09:49:00+00:00,5125.391415,5114.691375,5117.25,5141.674245,-1.8428287478414662,sl,8.141415000000052,16.282830000000104
2026-01-26 10:15:00+00:00,2026-01-26 11:19:00+00:00,5119.05825,5107.90477,5110.46,5136.25475,-1.8835219866455502,sl,8.598250000000007,17.196500000000015
2026-01-26 12:03:00+00:00,2026-01-26 12:31:00+00:00,5124.330885,5113.60192,5116.16,5140.672655000001,-1.8448046097708437,sl,8.170885000000453,16.341770000000906
2026-01-26 13:49:00+00:00,2026-01-26 13:51:00+00:00,5100.549,5092.582435,5095.13,5111.387,-1.604930255141901,sl,5.418999999999869,10.837999999999738
2026-01-26 13:53:00+00:00,2026-01-26 13:57:00+00:00,5102.63004,5092.582435,5095.13,5117.63012,-1.787985789814743,sl,7.500039999999899,15.000079999999798
2026-01-26 14:23:00+00:00,2026-01-26 18:42:00+00:00,5105.101275,5087.564945,5090.11,5135.083825000001,-2.4475457468631836,sl,14.991275000000314,29.98255000000063
2026-01-26 20:30:00+00:00,2026-01-26 20:37:00+00:00,5077.207335,5057.8997850000005,5060.43,5110.762005,-2.6123729108678977,sl,16.777334999999766,33.55466999999953
2026-01-26 22:32:00+00:00,2026-01-26 22:34:00+00:00,5025.181335,5011.23313,5013.74,5048.064005000001,-2.149503823216278,sl,11.441335000000436,22.88267000000087
2026-01-26 23:01:00+00:00,2026-01-26 23:42:00+00:00,5032.494989999999,5071.447977514998,5011.75,5073.984969999998,2.5810805390668143,tp,20.744989999999234,41.48997999999847
2026-01-27 01:06:00+00:00,2026-01-27 07:31:00+00:00,5058.26787,5104.729968194999,5033.76,5107.283609999999,3.2320046224019894,tp,24.507869999999457,49.015739999998914
2026-01-27 07:39:00+00:00,2026-01-27 08:08:00+00:00,5115.89667,5095.451,5098.0,5151.69001,-2.699863933608186,sl,17.896670000000086,35.79334000000017
2026-01-27 08:45:00+00:00,2026-01-27 11:51:00+00:00,5101.079264999999,5088.454500000001,5091.0,5121.237794999998,-2.0144135996690693,sl,10.079264999999396,20.15852999999879
2026-01-27 12:33:00+00:00,2026-01-27 12:56:00+00:00,5104.220835,5093.362045,5095.91,5120.8425050000005,-1.8576357921980908,sl,8.310835000000225,16.62167000000045
2026-01-27 13:16:00+00:00,2026-01-27 13:29:00+00:00,5107.5525,5093.0122200000005,5095.56,5131.5374999999985,-2.180813660612306,sl,11.992499999999382,23.984999999998763
2026-01-27 14:37:00+00:00,2026-01-27 14:51:00+00:00,5093.70558,5074.0617,5076.6,5127.916739999999,-2.6342913867270488,sl,17.105579999999463,34.21115999999893
2026-01-27 15:21:00+00:00,2026-01-27 20:03:00+00:00,5088.492974999999,5122.916185537498,5070.0,5125.478924999998,2.1410287177547325,tp,18.492974999999205,36.98594999999841
2026-01-27 20:21:00+00:00,2026-01-28 07:17:00+00:00,5171.234324999999,5293.954673512499,5108.55,5296.602974999998,9.770121684468647,tp,62.68432499999926,125.36864999999852
2026-01-28 07:50:00+00:00,2026-01-28 09:18:00+00:00,5313.585465,5292.742305000001,5295.39,5349.976395,-2.6667659677776987,sl,18.195464999999786,36.39092999999957
2026-01-28 10:10:00+00:00,2026-01-28 11:04:00+00:00,5303.900624999999,5278.25955,5280.9,5349.901874999999,-3.0762548637352554,sl,23.000624999999673,46.001249999999345
2026-01-28 11:30:00+00:00,2026-01-28 15:00:00+00:00,5280.929145,5311.1305412825,5264.5,5313.787435,1.6719939052965642,tp,16.429145000000062,32.858290000000125
2026-01-28 15:24:00+00:00,2026-01-28 20:00:00+00:00,5298.097725,5349.9768484125,5270.82,5352.6531749999995,3.5048317265287317,tp,27.27772499999992,54.55544999999984
2026-01-28 20:22:00+00:00,2026-01-28 20:40:00+00:00,5362.089704999999,5397.349090442499,5343.11,5400.049114999999,2.0585564146195763,tp,18.97970499999974,37.95940999999948
2026-01-28 21:07:00+00:00,2026-01-28 23:01:00+00:00,5420.3088,5477.7261668,5390.23,5480.4664,3.8675893376088704,tp,30.07880000000023,60.15760000000046
2026-01-28 23:13:00+00:00,2026-01-28 23:38:00+00:00,5494.10568,5575.527881479999,5452.0,5578.317039999999,5.772981761369385,tp,42.105679999999666,84.21135999999933
2026-01-29 00:35:00+00:00,2026-01-29 01:09:00+00:00,5558.167695,5495.800725,5498.55,5677.403085,-5.959138727155459,sl,59.61769499999991,119.23538999999982
2026-01-29 01:41:00+00:00,2026-01-29 02:17:00+00:00,5566.902059999999,5531.402915000001,5534.17,5632.366179999998,-3.7736085201235463,sl,32.732059999999365,65.46411999999873
2026-01-29 02:34:00+00:00,2026-01-29 08:45:00+00:00,5570.34378,5507.694775,5510.45,5690.131340000001,-5.964462245928583,sl,59.89378000000033,119.78756000000067
2026-01-29 09:26:00+00:00,2026-01-29 10:56:00+00:00,5552.9751,5529.084075000001,5531.85,5595.225299999998,-2.8362674283536764,sl,21.125099999999293,42.250199999998586
2026-01-29 11:17:00+00:00,2026-01-29 15:01:00+00:00,5547.382304999999,5501.12806,5503.88,5634.386914999997,-4.650392357189698,sl,43.50230499999907,87.00460999999814
2026-01-29 15:54:00+00:00,2026-01-30 02:19:00+00:00,5304.460905,5187.405000000001,5190.0,5533.382715,-10.819556112387193,sl,114.46090499999991,228.92180999999982
2026-01-30 02:39:00+00:00,2026-01-30 06:44:00+00:00,5249.563469999999,5177.41,5180.0,5388.690409999997,-7.069836828371951,sl,69.56346999999914,139.12693999999829
2026-01-30 07:12:00+00:00,2026-01-30 08:33:00+00:00,5207.2523249999995,5150.24359,5152.82,5316.116974999999,-5.809613900754787,sl,54.432324999999764,108.86464999999953
2026-01-30 08:48:00+00:00,2026-01-30 08:48:00+00:00,5142.680055,5105.52596,5108.08,5211.880165,-4.136590660299052,sl,34.600054999999884,69.20010999999977
2026-01-30 10:20:00+00:00,2026-01-30 13:50:00+00:00,5094.235844999999,5038.049715,5040.57,5201.567534999998,-5.839659482238011,sl,53.665844999999536,107.33168999999907
2026-01-30 14:02:00+00:00,2026-01-30 15:02:00+00:00,5091.074264999999,5034.031725000001,5036.55,5200.1227949999975,-5.9142590557801915,sl,54.524264999999104,109.04852999999821
2026-01-30 15:36:00+00:00,2026-01-30 16:03:00+00:00,5096.36691,5062.477495,5065.01,5159.080729999999,-3.87196239462775,sl,31.356909999999516,62.71381999999903
2026-01-30 18:44:00+00:00,2026-02-01 23:11:00+00:00,4841.969775,4751.682970000001,4754.06,5017.789324999998,-9.237060618517045,sl,87.90977499999917,175.81954999999834
2026-02-01 23:36:00+00:00,2026-02-02 01:08:00+00:00,4778.66814,4712.6425,4715.0,4906.004419999999,-7.069110223660004,sl,63.66813999999977,127.33627999999953
2026-02-02 01:36:00+00:00,2026-02-02 03:36:00+00:00,4753.355489999999,4683.916870000001,4686.26,4887.546469999997,-7.416993161028063,sl,67.09548999999879,134.19097999999758
2026-02-02 04:47:00+00:00,2026-02-02 05:07:00+00:00,4731.434534999999,4685.745955,4688.09,4818.123604999998,-5.2014876904056475,sl,43.34453499999927,86.68906999999854
2026-02-02 06:51:00+00:00,2026-02-02 08:20:00+00:00,4530.5941649999995,4661.990333752499,4463.73,4664.322494999999,12.03924392445625,tp,66.86416499999996,133.72832999999991
2026-02-02 08:51:00+00:00,2026-02-02 09:03:00+00:00,4676.45706,4634.491595,4636.81,4755.751179999998,-4.9006810513685926,sl,39.64705999999933,79.29411999999866
2026-02-02 09:26:00+00:00,2026-02-02 11:19:00+00:00,4686.121889999999,4776.356297164998,4639.81,4778.7456699999975,7.699534300725386,tp,46.31188999999904,92.62377999999808
2026-02-02 12:20:00+00:00,2026-02-02 13:02:00+00:00,4807.472535,4767.884865000001,4770.27,4881.877604999999,-4.572076763397304,sl,37.20253499999944,74.40506999999889
2026-02-02 13:54:00+00:00,2026-02-02 14:23:00+00:00,4757.07735,4707.874885,4710.23,4850.77205,-5.510948383033864,sl,46.847350000000006,93.69470000000001
2026-02-02 14:34:00+00:00,2026-02-02 15:28:00+00:00,4778.858235,4707.00532,4709.36,4917.854705,-7.601078246917873,sl,69.49823500000002,138.99647000000004
2026-02-02 16:22:00+00:00,2026-02-03 07:32:00+00:00,4731.224429999999,4929.467323354998,4630.87,4931.933289999998,17.785214289950734,tp,100.35442999999941,200.70885999999882
2026-02-03 08:13:00+00:00,2026-02-03 09:24:00+00:00,4952.474999999999,4919.758890000001,4922.22,5012.984999999998,-3.844723197456417,sl,30.2549999999992,60.5099999999984
2026-02-03 09:39:00+00:00,2026-02-03 11:24:00+00:00,4942.139835,4904.7863800000005,4907.24,5011.939505,-4.268156356979697,sl,34.89983500000017,69.79967000000033
2026-02-03 11:38:00+00:00,2026-02-03 16:20:00+00:00,4943.940735,4990.7855638975,4919.27,4993.2822049999995,3.334835393179615,tp,24.670734999999695,49.34146999999939
2026-02-03 16:36:00+00:00,2026-02-03 17:11:00+00:00,5007.752625,4947.534995000001,4950.01,5123.237875,-6.261684163129797,sl,57.74262499999986,115.48524999999972
2026-02-03 18:08:00+00:00,2026-02-03 18:24:00+00:00,4968.50301,4940.978275,4943.45,5018.609030000001,-3.364366405275828,sl,25.05301000000054,50.10602000000108
2026-02-03 18:57:00+00:00,2026-02-03 19:04:00+00:00,4936.10682,4908.694425,4911.15,4986.020460000001,-3.369163471337974,sl,24.956820000000334,49.91364000000067
2026-02-03 19:15:00+00:00,2026-02-04 00:49:00+00:00,4940.62908,5017.55720638,4900.91,5020.067239999999,6.048256382560679,tp,39.71907999999985,79.4381599999997
2026-02-04 01:24:00+00:00,2026-02-04 14:38:00+00:00,5079.67857,5007.684905,5010.19,5218.655710000001,-7.214950100756073,sl,69.48857000000044,138.97714000000087
2026-02-04 17:14:00+00:00,2026-02-04 17:26:00+00:00,4943.560545,4908.3745850000005,4910.83,5009.021635000001,-4.0645641152489995,sl,32.73054500000035,65.4610900000007
2026-02-04 18:08:00+00:00,2026-02-04 23:13:00+00:00,4934.035784999999,5018.996601322498,4890.3,5021.507354999997,6.77925414210292,tp,43.73578499999894,87.47156999999788
2026-02-04 23:24:00+00:00,2026-02-05 01:15:00+00:00,5041.299389999999,4976.99026,4979.48,5164.9381699999985,-6.579826257096377,sl,61.81938999999966,123.63877999999931
2026-02-05 03:11:00+00:00,2026-02-05 20:55:00+00:00,4874.27592,4807.7349300000005,4810.14,5002.5477599999995,-6.973704151143707,sl,64.13591999999971,128.27183999999943
2026-02-05 22:35:00+00:00,2026-02-05 23:01:00+00:00,4789.343475,4767.345135,4769.73,4828.570425,-2.935894712396864,sl,19.613475000000108,39.226950000000215
2026-02-06 00:45:00+00:00,2026-02-09 00:07:00+00:00,4750.844235,5048.327278647499,4600.84,5050.852704999998,26.974258415154075,tp,150.00423499999943,300.00846999999885
2026-02-09 00:09:00+00:00,2026-02-09 00:15:00+00:00,5053.475474999999,5038.089695,5040.61,5079.2064249999985,-2.2525878167286413,sl,12.865474999999606,25.73094999999921
2026-02-09 00:17:00+00:00,2026-02-09 00:42:00+00:00,5053.3254,5032.56246,5035.08,5089.816199999999,-2.7269026561412186,sl,18.24539999999979,36.49079999999958
2026-02-09 02:27:00+00:00,2026-02-09 03:25:00+00:00,5004.500999999999,5026.188648499999,4992.4,5028.702999999999,1.040159965882645,tp,12.100999999999658,24.201999999999316
2026-02-09 04:06:00+00:00,2026-02-09 04:15:00+00:00,5031.1143,5017.220135,5019.73,5053.882900000001,-2.125355240845303,sl,11.384300000000621,22.768600000001243
2026-02-09 05:10:00+00:00,2026-02-09 06:01:00+00:00,5028.09279,5044.794710815,5018.48,5047.31837,0.5886671432360586,tp,9.612790000000132,19.225580000000264
2026-02-09 06:40:00+00:00,2026-02-09 07:11:00+00:00,5043.1102949999995,5027.6948950000005,5030.21,5068.910884999998,-2.256618866772957,sl,12.90029499999946,25.80058999999892
2026-02-09 08:03:00+00:00,2026-02-09 08:46:00+00:00,5018.057775,5037.633248337501,5007.01,5040.153325,0.8469019122967782,tp,11.047775000000001,22.095550000000003
2026-02-09 10:16:00+00:00,2026-02-09 10:25:00+00:00,5023.990739999999,5005.046225,5007.55,5056.8722199999975,-2.5747546792352516,sl,16.440739999999096,32.88147999999819
2026-02-09 10:47:00+00:00,2026-02-09 14:34:00+00:00,5009.56353,5038.170244705001,4994.0,5040.690590000001,1.653529454531477,tp,15.563530000000355,31.12706000000071
2026-02-09 14:54:00+00:00,2026-02-09 15:18:00+00:00,5046.501989999999,5029.124180000001,5031.64,5076.225969999996,-2.4285351796682892,sl,14.861989999998514,29.723979999997027
2026-02-09 15:31:00+00:00,2026-02-09 16:04:00+00:00,5046.1218,5073.2275173,5031.3,5075.765399999999,1.5023211825697482,tp,14.821799999999712,29.643599999999424
2026-02-09 16:16:00+00:00,2026-02-09 17:51:00+00:00,5081.1393,5061.258105,5063.79,5115.8378999999995,-2.637513166665274,sl,17.349299999999857,34.698599999999715
2026-02-09 18:41:00+00:00,2026-02-09 23:09:00+00:00,5074.81614,5056.39054,5058.92,5106.60842,-2.5110426173463645,sl,15.896139999999832,31.792279999999664
2026-02-09 23:43:00+00:00,2026-02-10 15:38:00+00:00,5038.748114999999,5005.885805000001,5008.39,5099.464344999998,-3.798809182102419,sl,30.35811499999909,60.71622999999818
2026-02-10 16:33:00+00:00,2026-02-10 18:24:00+00:00,5028.402945,5011.622935,5014.13,5056.948834999999,-2.3784108568107056,sl,14.272944999999709,28.545889999999417
2026-02-10 18:45:00+00:00,2026-02-10 20:48:00+00:00,5023.45047,5044.148074294999,5011.84,5046.671409999999,0.9433506122114713,tp,11.610469999999623,23.220939999999246
2026-02-10 22:14:00+00:00,2026-02-10 22:19:00+00:00,5033.965724999999,5025.64592,5028.16,5045.577174999998,-1.6278304836101891,sl,5.805724999999256,11.611449999998513
2026-02-10 22:35:00+00:00,2026-02-10 23:23:00+00:00,5035.766624999999,5052.832195062498,5025.97,5055.359874999997,0.617603511513528,tp,9.79662499999904,19.59324999999808
2026-02-10 23:46:00+00:00,2026-02-10 23:55:00+00:00,5051.4244499999995,5040.7783500000005,5043.3,5067.673349999998,-1.830197056555,sl,8.124449999999342,16.248899999998685
2026-02-11 00:33:00+00:00,2026-02-11 10:16:00+00:00,5048.733104999999,5078.478805342498,5032.59,5081.019314999998,1.7319385362668718,tp,16.143104999999196,32.28620999999839
2026-02-11 10:42:00+00:00,2026-02-11 11:45:00+00:00,5091.854655,5119.9027330175,5076.55,5122.463965,1.561575509941624,tp,15.304654999999912,30.609309999999823
2026-02-11 11:54:00+00:00,2026-02-11 12:09:00+00:00,5130.373905,5112.122660000001,5114.68,5161.761715000001,-2.4763398027043455,sl,15.693905000000086,31.387810000000172
2026-02-11 12:59:00+00:00,2026-02-11 13:30:00+00:00,5095.126289999999,5062.737365000001,5065.27,5154.838869999997,-3.722211008712073,sl,29.856289999998808,59.712579999997615
2026-02-11 13:50:00+00:00,2026-02-12 16:11:00+00:00,5080.789124999999,5029.484,5032.0,5178.367374999998,-5.385845504131443,sl,48.78912499999933,97.57824999999866
2026-02-12 17:08:00+00:00,2026-02-12 18:03:00+00:00,4975.356435,4940.258635,4942.73,5040.609305,-4.028682036959777,sl,32.62643500000013,65.25287000000026
2026-02-12 18:52:00+00:00,2026-02-12 23:00:00+00:00,4960.9992600000005,4915.531005,4917.99,5047.017780000002,-4.965423199524526,sl,43.00926000000072,86.01852000000144
2026-02-12 23:16:00+00:00,2026-02-13 01:23:00+00:00,4927.632584999999,4978.407306122498,4901.0,4980.897754999998,3.689425231548928,tp,26.63258499999938,53.26516999999876
2026-02-13 01:42:00+00:00,2026-02-13 05:19:00+00:00,4986.401954999999,4970.963275,4973.45,5012.305864999998,-2.2665498509800126,sl,12.951954999999543,25.903909999999087
2026-02-13 06:34:00+00:00,2026-02-13 08:06:00+00:00,4966.652085,4984.4028068725,4956.53,4986.896255,0.6986958775017399,tp,10.12208499999997,20.24416999999994
2026-02-13 08:48:00+00:00,2026-02-13 08:50:00+00:00,4993.67559,4982.317595,4984.81,5011.406769999999,-1.9009105620954645,sl,8.865589999999429,17.731179999998858
2026-02-13 09:42:00+00:00,2026-02-13 10:48:00+00:00,4982.75013,4967.105205000001,4969.59,5009.070390000001,-2.285069832330056,sl,13.160130000000208,26.320260000000417
2026-02-13 11:55:00+00:00,2026-02-13 13:30:00+00:00,4962.830175,4983.9972797375,4951.0,4986.490525,1.0054947304331885,tp,11.830175000000054,23.660350000000108
2026-02-13 14:14:00+00:00,2026-02-13 14:40:00+00:00,5010.1038,4992.512495000001,4995.01,5040.291399999999,-2.449748002294182,sl,15.093799999999646,30.187599999999293
2026-02-13 15:09:00+00:00,2026-02-13 15:53:00+00:00,5017.677584999999,4996.040730000001,4998.54,5055.952754999998,-2.804877704110402,sl,19.13758499999949,38.27516999999898
2026-02-13 16:16:00+00:00,2026-02-16 03:49:00+00:00,5011.994744999999,4983.736885,4986.23,5063.524234999998,-3.3928113892019374,sl,25.764744999999493,51.52948999999899
2026-02-16 05:09:00+00:00,2026-02-17 00:52:00+00:00,4990.624065,4970.33359,4972.82,5026.2321950000005,-2.6935400049328018,sl,17.804065000000264,35.60813000000053
2026-02-17 01:22:00+00:00,2026-02-17 05:15:00+00:00,4964.871195,4929.534000000001,4932.0,5030.613584999999,-4.047013555500476,sl,32.871194999999716,65.74238999999943
2026-02-17 05:53:00+00:00,2026-02-17 10:11:00+00:00,4905.91173,4941.843032405,4886.71,4944.315189999999,2.36074864582489,tp,19.20172999999977,38.40345999999954
2026-02-17 11:20:00+00:00,2026-02-17 13:56:00+00:00,4937.937735,4914.7414,4917.2,4979.413205000002,-2.9725635996599267,sl,20.73773500000061,41.47547000000122
2026-02-17 15:20:00+00:00,2026-02-17 17:11:00+00:00,4883.6406,4858.42957,4860.86,4929.2018,-3.1777147044431273,sl,22.78060000000005,45.5612000000001
2026-02-17 17:31:00+00:00,2026-02-17 17:45:00+00:00,4874.345955,4863.497035,4865.93,4891.177864999999,-1.874516071836395,sl,8.415954999999485,16.83190999999897
2026-02-17 17:58:00+00:00,2026-02-17 18:39:00+00:00,4873.93575,4893.719166375,4862.82,4896.1672499999995,0.9118636521591945,tp,11.115749999999935,22.23149999999987
2026-02-17 18:41:00+00:00,2026-02-17 19:31:00+00:00,4904.020785,4884.476540000001,4886.92,4938.222354999999,-2.654426580332368,sl,17.100784999999632,34.201569999999265
2026-02-17 20:42:00+00:00,2026-02-17 23:00:00+00:00,4889.233394999999,4876.9303150000005,4879.37,4908.960184999998,-2.0025673475199346,sl,9.8633949999994,19.7267899999988
2026-02-18 00:26:00+00:00,2026-02-18 02:25:00+00:00,4879.228395,4902.752582407501,4866.24,4905.205185000001,1.2492453506006596,tp,12.98839500000031,25.97679000000062
2026-02-18 02:53:00+00:00,2026-02-18 04:14:00+00:00,4912.495019999999,4932.4376074699985,4901.29,4934.905059999998,0.9118470019541026,tp,11.205019999999422,22.410039999998844
2026-02-18 04:29:00+00:00,2026-02-18 06:17:00+00:00,4939.2684,4927.77488,4930.24,4957.3252,-1.9186611551594406,sl,9.028400000000147,18.056800000000294
2026-02-18 06:48:00+00:00,2026-02-18 08:19:00+00:00,4940.078804999999,4929.424055,4931.89,4956.456414999997,-1.842840590902866,sl,8.188804999998865,16.37760999999773
2026-02-18 09:24:00+00:00,2026-02-18 10:38:00+00:00,4929.84369,4918.07973,4920.54,4948.451069999999,-1.944122070108974,sl,9.303689999999733,18.607379999999466
2026-02-18 11:16:00+00:00,2026-02-18 11:44:00+00:00,4925.161349999999,4915.800870000001,4918.26,4938.964049999998,-1.7285511898964532,sl,6.901349999999184,13.802699999998367
2026-02-18 12:01:00+00:00,2026-02-18 12:59:00+00:00,4925.591565,4947.4797176525,4913.41,4949.954694999999,1.0813157072185335,tp,12.181564999999864,24.363129999999728
2026-02-18 13:08:00+00:00,2026-02-19 06:45:00+00:00,4963.00026,5016.67118961,4934.91,5019.18078,3.9028998852259766,tp,28.090259999999944,56.18051999999989
2026-02-19 08:40:00+00:00,2026-02-19 09:24:00+00:00,5024.661074999999,5016.240625,5018.75,5036.483224999997,-1.629614957928061,sl,5.911074999999073,11.822149999998146
2026-02-19 10:35:00+00:00,2026-02-19 11:16:00+00:00,5002.78014,4989.80385,4992.3,5023.740419999999,-2.035995327001837,sl,10.480139999999665,20.96027999999933
2026-02-19 12:05:00+00:00,2026-02-19 13:02:00+00:00,4997.647574999999,4985.506,4988.0,5016.942724999997,-1.9627324581160048,sl,9.647574999999051,19.295149999998102
2026-02-19 13:27:00+00:00,2026-02-19 13:30:00+00:00,4997.95773,4988.00475,4990.5,5012.87319,-1.7683253777157457,sl,7.457730000000083,14.915460000000166
2026-02-19 13:34:00+00:00,2026-02-19 14:08:00+00:00,5000.949224999999,4988.00475,4990.5,5021.847674999998,-2.032275350955655,sl,10.449224999999387,20.898449999998775
2026-02-19 14:39:00+00:00,2026-02-19 14:53:00+00:00,4994.806155,5008.413005767501,4986.75,5010.918465000001,0.3196598992152426,tp,8.056155000000217,16.112310000000434
2026-02-19 15:28:00+00:00,2026-02-19 16:27:00+00:00,5020.629059999999,5001.657920000001,5004.16,5053.567179999998,-2.5587242860867976,sl,16.469059999999445,32.93811999999889
2026-02-19 16:41:00+00:00,2026-02-19 16:58:00+00:00,5016.52701,4997.93978,5000.44,5048.70103,-2.52548795316681,sl,16.08701000000019,32.17402000000038
2026-02-19 17:19:00+00:00,2026-02-19 17:37:00+00:00,5009.553525,4997.450025,4999.95,5028.760575000001,-1.954485469302449,sl,9.603525000000445,19.20705000000089
2026-02-19 18:15:00+00:00,2026-02-19 18:20:00+00:00,4999.068284999999,4989.094205,4991.59,5014.024854999998,-1.7678981422364544,sl,7.478284999999232,14.956569999998464
2026-02-19 19:11:00+00:00,2026-02-19 19:39:00+00:00,5000.488995,4987.255125000001,4989.75,5021.966984999999,-2.055560151985317,sl,10.738994999999704,21.47798999999941
2026-02-19 20:01:00+00:00,2026-02-20 06:23:00+00:00,5002.4499749999995,5027.434950037499,4988.7,5029.949924999999,1.3229873443992117,tp,13.749974999999722,27.499949999999444
2026-02-20 06:46:00+00:00,2026-02-20 07:01:00+00:00,5039.168325,5025.575955,5028.09,5061.324974999999,-2.0778645067388473,sl,11.078324999999495,22.15664999999899
2026-02-20 08:26:00+00:00,2026-02-20 10:54:00+00:00,5026.3119,5050.42922215,5012.99,5052.9556999999995,1.2360840800315236,tp,13.321899999999914,26.64379999999983
2026-02-20 12:37:00+00:00,2026-02-20 14:45:00+00:00,5037.39744,5069.656223839999,5020.0,5072.192319999999,1.9461416942106329,tp,17.397439999999733,34.794879999999466
2026-02-20 15:02:00+00:00,2026-02-20 15:03:00+00:00,5080.288874999999,5053.881795,5056.41,5128.046624999998,-3.183929920837717,sl,23.878874999999425,47.75774999999885
2026-02-20 15:38:00+00:00,2026-02-20 20:18:00+00:00,5049.9337049999995,5090.0348244424995,5028.61,5092.581114999999,2.625337240874927,tp,21.32370499999979,42.64740999999958
2026-02-20 20:31:00+00:00,2026-02-21 01:09:00+00:00,5100.018735,5120.054896897499,5088.72,5122.616204999998,0.8519375901565651,tp,11.298734999999397,22.597469999998793
2026-02-21 04:07:00+00:00,2026-02-21 13:57:00+00:00,5121.59952,5133.93031072,5114.15,5136.49856,0.17937006917995824,tp,7.4495200000001205,14.899040000000241
2026-02-21 14:25:00+00:00,2026-02-21 15:55:00+00:00,5141.319375,5131.09317,5133.66,5156.638125,-1.7649876826210513,sl,7.659375000000182,15.318750000000364
2026-02-21 16:15:00+00:00,2026-02-21 23:30:00+00:00,5141.1592949999995,5129.483975,5132.05,5159.377884999998,-1.8892902820633413,sl,9.109294999999292,18.218589999998585
2026-02-22 00:05:00+00:00,2026-02-22 03:45:00+00:00,5145.111269999999,5123.31706,5125.88,5183.573809999998,-2.7575086580760924,sl,19.231269999999313,38.462539999998626
2026-02-22 05:24:00+00:00,2026-02-22 14:37:00+00:00,5138.317875,5165.289688187499,5123.54,5167.873624999999,1.43497700426386,tp,14.777874999999767,29.555749999999534
2026-02-22 17:01:00+00:00,2026-02-22 17:29:00+00:00,5158.327875,5147.5649300000005,5150.14,5174.703624999999,-1.8070872886048757,sl,8.187874999999622,16.375749999999243
2026-02-22 17:48:00+00:00,2026-02-22 18:13:00+00:00,5155.426425,5147.524950000001,5150.1,5166.079274999998,-1.5619646426985159,sl,5.32642499999929,10.65284999999858
2026-02-22 20:01:00+00:00,2026-02-22 22:25:00+00:00,5154.996209999999,5166.604035684999,5147.9,5169.188629999999,0.11034962300830697,tp,7.096209999999701,14.192419999999402
2026-02-22 23:16:00+00:00,2026-02-23 20:51:00+00:00,5172.484949999999,5245.330872574998,5134.75,5247.954849999997,5.337875693295592,tp,37.73494999999912,75.46989999999823
2026-02-23 21:36:00+00:00,2026-02-23 22:03:00+00:00,5253.12525,5241.07815,5243.7,5271.9757500000005,-1.8989380542723857,sl,9.425250000000233,18.850500000000466
2026-02-23 22:21:00+00:00,2026-02-23 23:04:00+00:00,5252.024699999999,5262.9812929499985,5245.23,5265.614099999998,0.03720024652874154,tp,6.794699999999466,13.589399999998932
2026-02-23 23:16:00+00:00,2026-02-24 00:01:00+00:00,5271.6345,5242.947215,5245.57,5323.763500000001,-3.2901797302753466,sl,26.064500000000407,52.129000000000815
2026-02-24 00:18:00+00:00,2026-02-24 01:00:00+00:00,5252.90514,5233.471955,5236.09,5286.535419999999,-2.5191401636867536,sl,16.8151399999997,33.6302799999994
2026-02-24 02:02:00+00:00,2026-02-24 02:17:00+00:00,5202.529965,5185.176115000001,5187.77,5232.049894999998,-2.357703478973885,sl,14.759964999999283,29.519929999998567
2026-02-24 02:34:00+00:00,2026-02-24 04:00:00+00:00,5205.251324999999,5185.90575,5188.5,5238.753974999998,-2.5252750506052055,sl,16.75132499999927,33.50264999999854
2026-02-24 05:49:00+00:00,2026-02-24 06:30:00+00:00,5197.3974,5185.30605,5187.9,5216.3922,-1.9108586635880225,sl,9.497400000000198,18.994800000000396
2026-02-24 06:49:00+00:00,2026-02-24 12:17:00+00:00,5194.986195,5176.010700000001,5178.6,5227.7585850000005,-2.495806832652507,sl,16.386195000000043,32.77239000000009
2026-02-24 13:11:00+00:00,2026-02-24 13:39:00+00:00,5181.72957,5162.85728,5165.44,5214.308710000002,-2.4904368668005787,sl,16.289570000000822,32.579140000001644
2026-02-24 14:31:00+00:00,2026-02-25 01:15:00+00:00,5142.61002,5192.03274497,5116.6,5194.6300599999995,3.356253897521076,tp,26.010019999999713,52.020039999999426
2026-02-25 01:36:00+00:00,2026-02-25 01:44:00+00:00,5207.52246,5192.572415000001,5195.17,5232.22738,-2.150345591044168,sl,12.352460000000065,24.70492000000013
2026-02-25 01:49:00+00:00,2026-02-25 01:57:00+00:00,5204.8011,5192.572415000001,5195.17,5224.063299999999,-1.919809352169177,sl,9.631099999999606,19.26219999999921
2026-02-25 02:12:00+00:00,2026-02-25 02:51:00+00:00,5206.18179,5188.76432,5191.36,5235.82537,-2.3587304678097705,sl,14.821789999999964,29.64357999999993
2026-02-25 03:32:00+00:00,2026-02-25 03:54:00+00:00,5204.340869999999,5192.232585000001,5194.83,5223.362609999997,-1.9087693796120957,sl,9.510869999999159,19.021739999998317
2026-02-25 05:03:00+00:00,2026-02-25 05:44:00+00:00,5205.02121,5217.553548185,5197.45,5220.16363,0.17887936870275978,tp,7.571210000000065,15.14242000000013
2026-02-25 06:59:00+00:00,2026-02-25 07:02:00+00:00,5213.545469999999,5204.246575000001,5206.85,5226.936409999997,-1.6690086084541174,sl,6.69546999999875,13.3909399999975
2026-02-25 08:02:00+00:00,2026-02-25 09:03:00+00:00,5208.252825,5195.04118,5197.64,5229.478474999998,-2.000646876214174,sl,10.612824999999248,21.225649999998495
2026-02-25 09:35:00+00:00,2026-02-25 10:16:00+00:00,5207.6025,5197.330035000001,5199.93,5222.947499999999,-1.7516012728278079,sl,7.672499999999673,15.344999999999345
2026-02-25 10:42:00+00:00,2026-02-25 11:04:00+00:00,5200.1988,5188.094655,5190.69,5219.216400000001,-1.907688959074504,sl,9.50880000000052,19.01760000000104
2026-02-25 11:46:00+00:00,2026-02-25 14:35:00+00:00,5194.445925,5183.10715,5185.7,5211.937775,-1.8435045068445006,sl,8.74592500000017,17.49185000000034
2026-02-25 15:03:00+00:00,2026-02-25 15:24:00+00:00,5214.175784999999,5199.109145,5201.71,5239.107354999998,-2.154362212989697,sl,12.465784999999414,24.93156999999883
2026-02-25 15:50:00+00:00,2026-02-25 20:42:00+00:00,5214.796095,5186.135635,5188.73,5266.928285,-3.3014939289382492,sl,26.066095000000132,52.132190000000264
2026-02-25 23:02:00+00:00,2026-02-26 14:30:00+00:00,5183.3904,5160.418500000001,5163.0,5224.171200000001,-2.8318651963222363,sl,20.390400000000227,40.780800000000454
2026-02-26 14:37:00+00:00,2026-02-26 15:27:00+00:00,5185.861635,5152.982220000001,5155.56,5246.464905,-3.670660235003835,sl,30.301634999999806,60.60326999999961
2026-02-26 15:43:00+00:00,2026-02-27 13:26:00+00:00,5185.6915500000005,5268.4391126750015,5143.0,5271.074650000001,6.137747276070163,tp,42.69155000000046,85.38310000000092
2026-02-27 13:57:00+00:00,2026-02-27 15:58:00+00:00,5239.488434999999,5259.414282347499,5228.21,5262.045304999998,0.792686622330014,tp,11.278434999999263,22.556869999998526
2026-02-27 16:12:00+00:00,2026-02-27 16:23:00+00:00,5269.4334,5249.304035000001,5251.93,5304.440199999999,-2.5627025265501158,sl,17.5033999999996,35.0067999999992
2026-02-27 17:44:00+00:00,2026-02-27 18:25:00+00:00,5252.3748749999995,5237.389995,5240.01,5277.104624999998,-2.136410156781635,sl,12.364874999999302,24.729749999998603
2026-02-27 18:41:00+00:00,2026-02-27 20:21:00+00:00,5250.774074999999,5272.484663887498,5238.6,5275.122224999997,0.93827469004846,tp,12.174074999998993,24.348149999997986
2026-02-27 20:57:00+00:00,2026-02-28 05:46:00+00:00,5288.352855,5314.9597557175,5273.72,5317.618565,1.3328156460739178,tp,14.632854999999836,29.26570999999967
2026-02-28 05:56:00+00:00,2026-02-28 06:28:00+00:00,5321.049195,5340.476011207499,5310.0,5343.147584999999,0.7256177783897875,tp,11.0491949999996,22.0983899999992
2026-02-28 07:31:00+00:00,2026-02-28 08:08:00+00:00,5356.59696,5392.973044559999,5337.06,5395.670879999999,2.1075369161061124,tp,19.536959999999453,39.07391999999891
2026-02-28 08:20:00+00:00,2026-02-28 09:26:00+00:00,5407.96263,5490.421306055001,5365.36,5493.167890000001,5.830649225924832,tp,42.60263000000032,85.20526000000064
2026-02-28 09:42:00+00:00,2026-02-28 09:45:00+00:00,5510.91408,5592.964358879999,5468.49,5595.762239999999,5.676393062587841,tp,42.424079999999776,84.84815999999955
2026-02-28 12:02:00+00:00,2026-02-28 12:52:00+00:00,5488.322789999999,5449.69379,5452.42,5560.128369999998,-3.984724770058601,sl,35.902789999999186,71.80557999999837
2026-02-28 14:55:00+00:00,2026-02-28 16:36:00+00:00,5400.6889949999995,5437.3469515074985,5381.0,5440.066984999999,2.1084085621641986,tp,19.688994999999522,39.377989999999045
2026-02-28 17:44:00+00:00,2026-02-28 18:57:00+00:00,5431.984635,5407.23503,5409.94,5476.073905,-2.8900672813540127,sl,22.0446350000002,44.0892700000004
2026-02-28 19:06:00+00:00,2026-02-28 19:49:00+00:00,5436.97713,5406.11559,5408.82,5493.291390000001,-3.3824964018628028,sl,28.157130000000507,56.31426000000101
2026-02-28 21:34:00+00:00,2026-03-01 02:00:00+00:00,5395.47639,5354.3215,5357.0,5472.429169999999,-4.240535859973017,sl,38.47638999999981,76.95277999999962
2026-03-01 02:21:00+00:00,2026-03-01 02:23:00+00:00,5352.324825,5337.33,5340.0,5376.974474999999,-2.1142839758868,sl,12.324824999999691,24.649649999999383
2026-03-01 02:26:00+00:00,2026-03-01 02:32:00+00:00,5351.17425,5337.33,5340.0,5373.52275,-2.019426287078769,sl,11.174250000000029,22.348500000000058
2026-03-01 04:00:00+00:00,2026-03-01 10:26:00+00:00,5332.154745,5407.079342882499,5293.34,5409.784234999999,5.301081589778707,tp,38.814744999999675,77.62948999999935
2026-03-01 10:59:00+00:00,2026-03-01 20:43:00+00:00,5392.805055,5432.497557417499,5371.6,5435.215164999999,2.3587530440626736,tp,21.205054999999447,42.410109999998895
2026-03-01 21:23:00+00:00,2026-03-01 22:16:00+00:00,5434.55592,5422.20754,5424.92,5453.827759999999,-1.8820404523920504,sl,9.635919999999714,19.27183999999943
2026-03-01 22:44:00+00:00,2026-03-01 22:49:00+00:00,5436.4068449999995,5418.18955,5420.9,5467.420534999999,-2.3565538311685534,sl,15.506844999999885,31.01368999999977
2026-03-01 23:00:00+00:00,2026-03-01 23:00:00+00:00,5433.165225,5414.841225,5417.55,5464.395674999999,-2.3654473102745177,sl,15.615224999999555,31.23044999999911
2026-03-01 23:55:00+00:00,2026-03-02 01:00:00+00:00,5440.09869,5383.02714,5385.72,5548.856069999999,-5.496828957421816,sl,54.37868999999955,108.7573799999991
2026-03-02 02:23:00+00:00,2026-03-02 06:48:00+00:00,5384.8911,5421.3012933499995,5365.33,5424.0133,2.0928740798379764,tp,19.561099999999897,39.12219999999979
2026-03-02 08:10:00+00:00,2026-03-02 08:42:00+00:00,5454.14571,5439.298990000001,5442.02,5478.3971299999985,-2.0777821515981776,sl,12.125709999999344,24.25141999999869
2026-03-02 09:33:00+00:00,2026-03-02 10:01:00+00:00,5440.108695,5423.936675,5426.65,5467.026085,-2.187503943883601,sl,13.458695000000262,26.917390000000523
2026-03-02 10:40:00+00:00,2026-03-02 10:54:00+00:00,5435.1161999999995,5418.559365000001,5421.27,5462.808599999998,-2.219286109922923,sl,13.846199999999044,27.692399999998088
2026-03-02 11:34:00+00:00,2026-03-02 11:45:00+00:00,5434.105695,5420.558365000001,5423.27,5455.777085,-1.9755713219682063,sl,10.83569499999976,21.67138999999952
2026-03-02 12:12:00+00:00,2026-03-02 13:13:00+00:00,5427.092189999999,5409.57386,5412.28,5456.716569999999,-2.2980546269196274,sl,14.812189999999646,29.62437999999929
2026-03-02 13:31:00+00:00,2026-03-02 14:03:00+00:00,5440.43886,5409.064115000001,5411.77,5497.77658,-3.4128128813217815,sl,28.668859999999768,57.337719999999536
2026-03-02 16:26:00+00:00,2026-03-03 00:23:00+00:00,5323.050195,5372.103189707499,5297.18,5374.790584999999,3.1674481912327903,tp,25.870194999999512,51.740389999999024
2026-03-03 01:03:00+00:00,2026-03-03 01:56:00+00:00,5380.34883,5361.318,5364.0,5413.04649,-2.433196567627962,sl,16.348829999999907,32.697659999999814
2026-03-03 02:26:00+00:00,2026-03-03 03:52:00+00:00,5373.06519,5361.6178500000005,5364.3,5390.59557,-1.8148103064280083,sl,8.765190000000075,17.53038000000015
2026-03-03 04:21:00+00:00,2026-03-03 05:31:00+00:00,5375.30631,5358.539390000001,5361.22,5403.478929999999,-2.2485580682001802,sl,14.086309999999685,28.17261999999937
2026-03-03 07:19:00+00:00,2026-03-03 08:30:00+00:00,5335.8766049999995,5321.547895000001,5324.21,5359.209814999998,-2.0575231252959125,sl,11.666604999999436,23.33320999999887
2026-03-03 09:18:00+00:00,2026-03-03 09:24:00+00:00,5318.637989999999,5296.3505000000005,5299.0,5357.913969999998,-2.7175523392395475,sl,19.637989999999263,39.275979999998526
2026-03-03 09:53:00+00:00,2026-03-03 10:38:00+00:00,5290.754054999999,5270.373495000001,5273.01,5326.242164999998,-2.568276652766281,sl,17.744054999999207,35.488109999998414
2026-03-03 11:49:00+00:00,2026-03-03 14:31:00+00:00,5176.977195,5133.65189,5136.22,5258.491585000001,-4.548497555112898,sl,40.75719500000014,81.51439000000028
2026-03-03 15:29:00+00:00,2026-03-04 01:51:00+00:00,5081.3994299999995,5186.9435208549985,5027.33,5189.538289999999,8.227395372278322,tp,54.06942999999956,108.13885999999911
2026-03-04 02:10:00+00:00,2026-03-04 02:34:00+00:00,5197.5975,5179.22909,5181.82,5229.1525,-2.42903368150259,sl,15.777500000000146,31.55500000000029
2026-03-04 02:45:00+00:00,2026-03-04 02:49:00+00:00,5194.01571,5173.641885,5176.23,5229.58713,-2.598793276725894,sl,17.78571000000011,35.57142000000022
2026-03-04 03:48:00+00:00,2026-03-04 05:04:00+00:00,5181.00921,5163.85678,5166.44,5210.147630000001,-2.329685348530069,sl,14.569210000000567,29.138420000001133
2026-03-04 05:09:00+00:00,2026-03-04 05:20:00+00:00,5175.836625,5166.11565,5168.7,5190.109875,-1.7010619148938653,sl,7.136625000000095,14.27325000000019
2026-03-04 05:42:00+00:00,2026-03-04 06:01:00+00:00,5181.079245,5161.907755,5164.49,5214.257735,-2.4994074413139313,sl,16.58924500000012,33.17849000000024
2026-03-04 06:35:00+00:00,2026-03-04 12:03:00+00:00,5165.581499999999,5211.897247749998,5141.12,5214.504499999998,3.051661939184326,tp,24.461499999999432,48.922999999998865
2026-03-04 12:07:00+00:00,2026-03-04 12:16:00+00:00,5214.816105,5197.400000000001,5200.0,5244.448315,-2.341518214628593,sl,14.81610499999988,29.63220999999976
2026-03-04 13:01:00+00:00,2026-03-04 14:48:00+00:00,5191.574489999999,5166.0856650000005,5168.67,5237.383469999997,-3.0288734433817486,sl,22.904489999998987,45.80897999999797
2026-03-04 15:36:00+00:00,2026-03-04 17:23:00+00:00,5177.057235,5138.599415000001,5141.17,5248.8317050000005,-4.131278053279011,sl,35.887235000000146,71.77447000000029
2026-03-04 17:48:00+00:00,2026-03-04 18:10:00+00:00,5151.184305,5130.763335000001,5133.33,5186.892914999999,-2.6124718093486687,sl,17.85430499999984,35.70860999999968
2026-03-04 18:47:00+00:00,2026-03-05 00:17:00+00:00,5140.20882,5182.9936667699985,5117.52,5185.586459999999,2.7671924178576086,tp,22.688819999999396,45.37763999999879
2026-03-05 01:01:00+00:00,2026-03-05 04:51:00+00:00,5187.342374999999,5174.061675,5176.65,5208.7271249999985,-1.9976892391419943,sl,10.692374999999629,21.384749999999258
2026-03-05 06:41:00+00:00,2026-03-05 13:20:00+00:00,5167.5824999999995,5129.973730000001,5132.54,5237.667499999999,-4.062498264388242,sl,35.04249999999956,70.08499999999913
2026-03-05 14:05:00+00:00,2026-03-05 14:15:00+00:00,5140.779105,5118.33955,5120.9,5180.537315,-2.7860414886301443,sl,19.87910499999998,39.75820999999996
2026-03-05 14:59:00+00:00,2026-03-05 15:06:00+00:00,5122.489965,5104.656395,5107.21,5153.049894999999,-2.398644472757039,sl,15.27996499999972,30.55992999999944
2026-03-05 15:53:00+00:00,2026-03-05 16:09:00+00:00,5108.05275,5088.484485,5091.03,5142.09825,-2.5508029081170474,sl,17.022750000000087,34.045500000000175
2026-03-05 16:46:00+00:00,2026-03-05 18:02:00+00:00,5089.62354,5066.8652999999995,5069.4,5130.0706199999995,-2.8301362619594865,sl,20.223539999999957,40.447079999999914
2026-03-05 18:06:00+00:00,2026-03-06 01:36:00+00:00,5085.50148,5113.94618778,5070.0,5116.50444,1.5695622561302338,tp,15.501479999999901,31.002959999999803
2026-03-06 03:01:00+00:00,2026-03-06 03:02:00+00:00,5141.119275,5133.8318,5136.4,5150.557825000001,-1.4947446262455357,sl,4.71927500000038,9.43855000000076
2026-03-06 03:04:00+00:00,2026-03-06 03:05:00+00:00,5141.299364999999,5133.8318,5136.4,5151.098094999998,-1.5097766660230123,sl,4.899364999999307,9.798729999998613
2026-03-06 03:07:00+00:00,2026-03-06 03:24:00+00:00,5141.119275,5147.982546087501,5136.4,5150.557825000001,-0.29147362557278256,tp,4.71927500000038,9.43855000000076
2026-03-06 04:04:00+00:00,2026-03-06 04:25:00+00:00,5146.221825,5137.599915000001,5140.17,5158.325474999999,-1.6068730262491306,sl,6.051824999999553,12.103649999999107
2026-03-06 06:24:00+00:00,2026-03-06 07:03:00+00:00,5132.9451899999995,5120.8383,5123.4,5152.035569999999,-1.9050880106948624,sl,9.54518999999982,19.09037999999964
2026-03-06 07:55:00+00:00,2026-03-06 08:23:00+00:00,5129.993715,5115.770835,5118.33,5153.321144999999,-2.0854283032422583,sl,11.663714999999684,23.327429999999367
2026-03-06 09:33:00+00:00,2026-03-06 09:36:00+00:00,5114.9562,5100.12866,5102.68,5139.508599999998,-2.1401121246465866,sl,12.276199999999335,24.55239999999867
2026-03-06 10:56:00+00:00,2026-03-06 11:05:00+00:00,5107.302374999999,5091.31307,5093.86,5134.187124999999,-2.2407928678981595,sl,13.442374999999629,26.884749999999258
2026-03-06 11:18:00+00:00,2026-03-06 11:53:00+00:00,5101.659554999999,5090.173640000001,5092.72,5119.538664999997,-1.8564514984799438,sl,8.939554999999018,17.879109999998036
2026-03-06 12:19:00+00:00,2026-03-06 15:02:00+00:00,5104.681065,5160.6415834025,5075.41,5163.223195,3.910124303919069,tp,29.271064999999908,58.542129999999815
2026-03-06 15:22:00+00:00,2026-03-06 15:52:00+00:00,5168.162789999999,5144.80631,5147.38,5209.728369999998,-2.846969398723891,sl,20.782789999999295,41.56557999999859
2026-03-06 16:16:00+00:00,2026-03-06 16:39:00+00:00,5162.58,5141.997715,5144.57,5198.6,-2.613656361914321,sl,18.01000000000022,36.02000000000044
2026-03-06 16:47:00+00:00,2026-03-08 22:07:00+00:00,5161.649535,5136.760335,5139.33,5206.288604999999,-2.977232857775469,sl,22.319534999999632,44.639069999999265
2026-03-08 22:30:00+00:00,2026-03-08 22:40:00+00:00,5161.479449999999,5135.440995000001,5138.01,5208.418349999996,-3.073398966469459,sl,23.469449999998687,46.938899999997375
2026-03-08 23:01:00+00:00,2026-03-08 23:10:00+00:00,5145.93168,5114.38153,5116.94,5203.91504,-3.545941463510901,sl,28.991680000000088,57.983360000000175
2026-03-08 23:30:00+00:00,2026-03-08 23:35:00+00:00,5119.458449999999,5102.487480000001,5105.04,5148.295349999998,-2.3172126428999107,sl,14.418449999999211,28.836899999998423
2026-03-09 00:01:00+00:00,2026-03-09 00:13:00+00:00,5090.06376,5053.5719500000005,5056.1,5157.991279999999,-3.995873070068111,sl,33.96375999999964,67.92751999999928
2026-03-09 00:32:00+00:00,2026-03-09 01:00:00+00:00,5065.661564999999,5038.91928,5041.44,5114.104694999999,-3.1709117819685195,sl,24.221564999999828,48.443129999999655
2026-03-09 01:07:00+00:00,2026-03-09 22:59:00+00:00,5071.684574999999,5152.476198137499,5030.0,5155.053724999998,6.063369911884836,tp,41.68457499999931,83.36914999999863
2026-03-09 23:20:00+00:00,2026-03-09 23:44:00+00:00,5160.318869999999,5141.178125,5143.75,5193.456609999997,-2.4880446657957203,sl,16.56886999999915,33.1377399999983
2026-03-10 00:38:00+00:00,2026-03-10 00:39:00+00:00,5141.30937,5134.75134,5137.32,5149.28811,-1.4274333772206722,sl,3.9893700000002354,7.978740000000471
2026-03-10 00:42:00+00:00,2026-03-10 01:26:00+00:00,5141.699565,5163.375715652501,5129.57,5165.958695,0.9639703092576384,tp,12.129565000000184,24.25913000000037
2026-03-10 01:53:00+00:00,2026-03-10 13:18:00+00:00,5176.30686,5212.7928797099985,5156.76,5215.400579999999,2.197789408585894,tp,19.54685999999947,39.09371999999894
2026-03-10 14:39:00+00:00,2026-03-10 18:17:00+00:00,5221.189289999999,5190.66337,5193.26,5277.047869999998,-3.4188580649542293,sl,27.929289999999128,55.858579999998256
2026-03-10 19:17:00+00:00,2026-03-10 19:33:00+00:00,5204.350875,5184.56642,5187.16,5238.732625000001,-2.5270468317090904,sl,17.190875000000233,34.381750000000466
2026-03-10 19:55:00+00:00,2026-03-10 22:02:00+00:00,5198.988195,5185.406,5188.0,5220.964585,-2.0087111683572365,sl,10.988194999999905,21.97638999999981
2026-03-10 23:07:00+00:00,2026-03-11 00:11:00+00:00,5197.837619999999,5186.275565,5188.87,5215.772859999998,-1.839356771446042,sl,8.967619999999442,17.935239999998885
2026-03-11 00:19:00+00:00,2026-03-11 07:37:00+00:00,5204.30085,5185.30605,5187.9,5237.10255,-2.459194180381474,sl,16.40084999999999,32.80169999999998
2026-03-11 08:13:00+00:00,2026-03-11 08:26:00+00:00,5199.188295,5183.82679,5186.42,5224.724885,-2.1560802384854485,sl,12.768294999999853,25.536589999999705
2026-03-11 09:00:00+00:00,2026-03-11 09:01:00+00:00,5190.1938,5181.138135,5183.73,5203.121400000001,-1.6294094291814012,sl,6.463800000000447,12.927600000000893
2026-03-11 09:21:00+00:00,2026-03-11 10:42:00+00:00,5191.9146599999995,5177.419995,5180.01,5215.723979999998,-2.0843482769625976,sl,11.90465999999924,23.80931999999848
2026-03-11 11:04:00+00:00,2026-03-11 11:12:00+00:00,5193.9956999999995,5183.696855,5186.29,5209.4070999999985,-1.7322041180004735,sl,7.705699999999524,15.411399999999048
2026-03-11 12:11:00+00:00,2026-03-11 12:37:00+00:00,5190.944175,5173.721845000001,5176.31,5220.212524999998,-2.3120351905389516,sl,14.634174999999232,29.268349999998463
2026-03-11 13:07:00+00:00,2026-03-11 13:45:00+00:00,5182.840125,5161.31805,5163.9,5220.720375,-2.674138436821989,sl,18.94012500000008,37.88025000000016
2026-03-11 14:02:00+00:00,2026-03-11 22:56:00+00:00,5187.01221,5147.904759999999,5150.48,5260.0766300000005,-4.144474013535139,sl,36.532210000000305,73.06442000000061
2026-03-11 23:14:00+00:00,2026-03-12 00:00:00+00:00,5156.3969099999995,5133.801815,5136.37,5196.450729999999,-2.771633425074891,sl,20.02690999999959,40.05381999999918
2026-03-12 00:25:00+00:00,2026-03-12 15:11:00+00:00,5148.963195,5126.21561,5128.78,5189.329585000001,-2.7863490863234697,sl,20.183195000000524,40.36639000000105
2026-03-12 15:44:00+00:00,2026-03-12 17:16:00+00:00,5139.078255,5120.028705000001,5122.59,5172.054765000001,-2.4769274873096654,sl,16.48825500000021,32.97651000000042
2026-03-12 18:09:00+00:00,2026-03-12 18:21:00+00:00,5120.21883,5106.505470000001,5109.06,5142.536489999999,-2.03009284215735,sl,11.158829999999398,22.317659999998796
2026-03-12 19:29:00+00:00,2026-03-12 20:21:00+00:00,5104.130789999999,5086.565445,5089.11,5134.172369999998,-2.360548541170024,sl,15.020789999999579,30.041579999999158
2026-03-12 21:01:00+00:00,2026-03-13 08:21:00+00:00,5095.236344999999,5066.575445,5069.11,5147.489034999999,-3.306592224223558,sl,26.126344999999674,52.25268999999935
2026-03-13 08:36:00+00:00,2026-03-13 12:46:00+00:00,5083.940699999999,5116.0427989499985,5066.61,5118.602099999998,1.8688704998650612,tp,17.330699999999524,34.66139999999905
2026-03-13 16:30:00+00:00,2026-03-13 19:41:00+00:00,5047.772625,5027.9847500000005,5030.5,5082.317874999999,-2.5670244597332337,sl,17.272624999999607,34.545249999999214
2026-03-13 20:33:00+00:00,2026-03-13 21:14:00+00:00,5023.440465,5013.85182,5016.36,5037.601395,-1.6946804507074824,sl,7.080465000000004,14.160930000000008
2026-03-13 21:48:00+00:00,2026-03-13 22:31:00+00:00,5018.828159999999,5023.971237759998,5015.0,5026.484479999997,-0.42339225480970866,tp,3.828159999999116,7.656319999998232
2026-03-13 22:46:00+00:00,2026-03-15 06:37:00+00:00,5030.67408,5012.4925,5015.0,5062.022239999999,-2.4330806065962576,sl,15.674079999999776,31.348159999999552
2026-03-15 08:03:00+00:00,2026-03-15 09:14:00+00:00,5017.497495,5011.59295,5014.1,5024.292484999998,-1.3767607987390609,sl,3.397494999999253,6.794989999998506
2026-03-15 11:17:00+00:00,2026-03-15 12:45:00+00:00,5017.477485,5007.415040000001,5009.92,5032.592455000001,-1.7353966752822285,sl,7.55748500000027,15.11497000000054
2026-03-15 14:12:00+00:00,2026-03-15 14:57:00+00:00,5011.52451,5005.705895,5008.21,5018.1535300000005,-1.3694502765022754,sl,3.314510000000155,6.62902000000031
2026-03-15 17:54:00+00:00,2026-03-15 18:10:00+00:00,4998.648074999999,4990.9732650000005,4993.47,5009.004224999997,-1.531275560692714,sl,5.178074999998898,10.356149999997797
2026-03-15 20:23:00+00:00,2026-03-15 22:01:00+00:00,4995.15633,5008.423525504999,4987.27,5010.9289899999985,0.28306060534725297,tp,7.8863299999993615,15.772659999998723
2026-03-15 22:48:00+00:00,2026-03-15 23:04:00+00:00,5019.438465,5007.514990000001,5010.02,5038.275395,-1.894661207810525,sl,9.418464999999742,18.836929999999484
2026-03-15 23:58:00+00:00,2026-03-16 09:46:00+00:00,4990.8942,4965.825845,4968.31,5036.062599999998,-3.0398309762423628,sl,22.584199999999328,45.168399999998655
2026-03-16 10:27:00+00:00,2026-03-16 11:26:00+00:00,4980.499005,5007.8318464925,4965.58,5010.337014999999,1.5079450030758506,tp,14.919004999999743,29.838009999999485
2026-03-16 12:15:00+00:00,2026-03-16 14:08:00+00:00,5000.59905,5026.462661425,4986.41,5028.97715,1.37154625301796,tp,14.189049999999952,28.378099999999904
2026-03-16 15:18:00+00:00,2026-03-16 15:28:00+00:00,4998.33792,4981.767870000001,4984.26,5026.493759999999,-2.3008173680704562,sl,14.077919999999722,28.155839999999444
2026-03-16 17:11:00+00:00,2026-03-16 17:34:00+00:00,4993.99575,4981.018245,4983.51,5014.96725,-1.9902494598499167,sl,10.485749999999825,20.97149999999965
2026-03-16 18:01:00+00:00,2026-03-16 18:40:00+00:00,4988.8931999999995,5005.295700199999,4979.44,5007.799599999999,0.5561153830202639,tp,9.453199999999924,18.90639999999985
2026-03-16 19:10:00+00:00,2026-03-16 19:13:00+00:00,5011.2543749999995,5000.748375,5003.25,5027.263124999999,-1.772727745846059,sl,8.004374999999527,16.008749999999054
2026-03-16 20:08:00+00:00,2026-03-16 20:53:00+00:00,5009.753624999999,4996.3805600000005,4998.88,5031.500874999998,-2.0201227155989887,sl,10.873624999999265,21.74724999999853
2026-03-16 21:58:00+00:00,2026-03-17 03:25:00+00:00,4992.71511,5011.358397335,4982.14,5013.86533,0.7488599049434983,tp,10.575109999999768,21.150219999999536
2026-03-17 04:03:00+00:00,2026-03-17 04:44:00+00:00,5015.896695,5023.077289957501,5011.05,5025.590085000001,-0.24664479031672248,tp,4.846695000000182,9.693390000000363
2026-03-17 05:17:00+00:00,2026-03-17 05:45:00+00:00,5030.163825,5016.090700000001,5018.6,5053.291474999998,-2.075259164524409,sl,11.56382499999927,23.12764999999854
2026-03-17 06:33:00+00:00,2026-03-17 10:07:00+00:00,5006.1018,4993.911795,4996.41,5025.485400000001,-1.9179716990856968,sl,9.691800000000512,19.383600000001024
2026-03-17 11:09:00+00:00,2026-03-17 13:32:00+00:00,4999.408455,5014.4968623175,4990.61,5017.005365,0.4390993049740358,tp,8.798455000000104,17.596910000000207
2026-03-17 13:41:00+00:00,2026-03-17 13:52:00+00:00,5021.219355,5003.017240000001,5005.52,5052.618065,-2.431955002254244,sl,15.699354999999741,31.398709999999483
2026-03-17 14:09:00+00:00,2026-03-17 14:31:00+00:00,5014.255875,4997.5,5000.0,5042.7676249999995,-2.3088267231965465,sl,14.255874999999833,28.511749999999665
2026-03-17 14:44:00+00:00,2026-03-17 15:26:00+00:00,5009.833664999999,4998.339580000001,5000.84,5027.820994999997,-1.855806660697147,sl,8.993664999999055,17.98732999999811
2026-03-17 16:19:00+00:00,2026-03-18 01:52:00+00:00,4997.547525,4984.316595,4986.81,5019.022574999999,-2.0079331018004116,sl,10.73752499999955,21.4750499999991
2026-03-18 02:18:00+00:00,2026-03-18 02:54:00+00:00,4997.347425,4987.16517,4989.66,5012.722275,-1.7441130415015602,sl,7.687425000000076,15.374850000000151
2026-03-18 03:24:00+00:00,2026-03-18 03:54:00+00:00,4990.2939,4982.497505,4984.99,5000.901699999999,-1.5386210170765564,sl,5.303899999999885,10.60779999999977
2026-03-18 05:01:00+00:00,2026-03-18 05:01:00+00:00,4982.26989,4979.109200000001,4981.6,4983.609669999998,-1.137857781605978,sl,0.6698899999992136,1.3397799999984272
2026-03-18 05:06:00+00:00,2026-03-18 05:06:00+00:00,4983.040275,4979.109200000001,4981.6,4985.920825,-1.2043823264055906,sl,1.4402749999999287,2.8805499999998574
2026-03-18 05:36:00+00:00,2026-03-18 06:17:00+00:00,4987.682594999999,4997.347861107498,4981.6,4999.847784999997,-0.027690219899965562,tp,6.082594999998946,12.165189999997892
2026-03-18 07:07:00+00:00,2026-03-18 07:20:00+00:00,5006.491994999999,4995.550975,4998.05,5023.375984999998,-1.8067599357417405,sl,8.441994999999224,16.883989999998448
2026-03-18 09:05:00+00:00,2026-03-18 10:33:00+00:00,4985.981744999999,4971.443035,4973.93,5010.085234999997,-2.121533099569895,sl,12.051744999998846,24.10348999999769
2026-03-18 12:54:00+00:00,2026-03-18 13:00:00+00:00,4885.58157,4865.076245,4867.51,4921.72471,-2.6735679826118783,sl,18.071570000000065,36.14314000000013
2026-03-18 13:40:00+00:00,2026-03-18 14:25:00+00:00,4866.73215,4846.21568,4848.64,4902.916449999999,-2.6807361821124287,sl,18.092149999999492,36.184299999998984
2026-03-18 14:48:00+00:00,2026-03-18 19:00:00+00:00,4862.099835,4839.409085,4841.83,4902.639505,-2.8743801149675985,sl,20.269835000000057,40.539670000000115
2026-03-18 19:13:00+00:00,2026-03-18 19:46:00+00:00,4854.596085,4834.32163,4836.74,4890.308255000001,-2.6620716476407544,sl,17.85608500000035,35.7121700000007
2026-03-18 20:50:00+00:00,2026-03-18 21:30:00+00:00,4822.41,4797.87986,4800.28,4866.67,-3.0533749665394487,sl,22.13000000000011,44.26000000000022
2026-03-18 22:02:00+00:00,2026-03-18 22:15:00+00:00,4822.71015,4804.046775,4806.45,4855.23045,-2.5283553158409893,sl,16.260150000000067,32.520300000000134
2026-03-18 22:37:00+00:00,2026-03-19 06:30:00+00:00,4819.658625,4797.6,4800.0,4858.975875,-2.8319094151216784,sl,19.65862500000003,39.31725000000006
2026-03-19 09:02:00+00:00,2026-03-19 10:20:00+00:00,4714.516079999999,4675.111275,4677.45,4788.648239999999,-4.458177012511104,sl,37.0660799999996,74.1321599999992
2026-03-19 10:34:00+00:00,2026-03-19 10:53:00+00:00,4691.544599999999,4664.546560000001,4666.88,4740.873799999998,-3.3360863108262095,sl,24.664599999999155,49.32919999999831
2026-03-19 11:02:00+00:00,2026-03-19 11:16:00+00:00,4688.673164999999,4670.473595,4672.81,4720.399494999997,-2.5295314980445847,sl,15.863164999998844,31.726329999997688
2026-03-19 11:32:00+00:00,2026-03-19 11:35:00+00:00,4692.334994999999,4672.82242,4675.16,4726.684984999998,-2.6477531108038046,sl,17.1749949999994,34.3499899999988
2026-03-19 13:30:00+00:00,2026-03-19 22:15:00+00:00,4582.0899,4681.92756515,4531.0,4684.2697,8.501743606273319,tp,51.08989999999994,102.17979999999989
2026-03-19 22:20:00+00:00,2026-03-19 22:34:00+00:00,4687.3425,4662.40763,4664.74,4732.5475,-3.1489910399034624,sl,22.602499999999964,45.20499999999993
2026-03-19 23:49:00+00:00,2026-03-20 00:08:00+00:00,4655.176425,4662.4768703624995,4650.36,4664.809275,-0.18648952242161132,tp,4.816424999999981,9.632849999999962
2026-03-20 00:39:00+00:00,2026-03-20 01:00:00+00:00,4662.8802749999995,4650.683495,4653.01,4682.620824999998,-1.9852883365633867,sl,9.87027499999931,19.74054999999862
2026-03-20 01:04:00+00:00,2026-03-20 01:12:00+00:00,4673.99583,4661.44811,4663.78,4694.42749,-2.0144296916265163,sl,10.215830000000096,20.431660000000193
2026-03-20 01:30:00+00:00,2026-03-20 03:06:00+00:00,4672.745204999999,4716.935967192498,4649.47,4719.295614999997,3.2036810829866207,tp,23.275204999999005,46.55040999999801
2026-03-20 03:18:00+00:00,2026-03-20 05:53:00+00:00,4735.396514999999,4697.650000000001,4700.0,4806.189544999998,-4.28733961542471,sl,35.396514999999454,70.79302999999891
2026-03-20 07:01:00+00:00,2026-03-20 08:11:00+00:00,4679.888775,4714.867711837501,4661.22,4717.2263250000005,2.3513101133021106,tp,18.668775000000096,37.33755000000019
2026-03-20 09:12:00+00:00,2026-03-20 09:33:00+00:00,4702.339994999999,4682.537560000001,4684.88,4737.259984999998,-2.6703778190308354,sl,17.459994999999253,34.919989999998506
2026-03-20 10:37:00+00:00,2026-03-20 10:56:00+00:00,4663.730699999999,4643.19724,4645.52,4700.152099999997,-2.7518757832169762,sl,18.210699999998724,36.42139999999745
2026-03-20 11:21:00+00:00,2026-03-20 13:11:00+00:00,4674.706185,4656.860404999999,4659.19,4705.738555000001,-2.499606226984864,sl,15.516185000000405,31.03237000000081
2026-03-20 16:01:00+00:00,2026-03-20 16:20:00+00:00,4575.0864,4611.5922504,4555.68,4613.8992,2.566615613227029,tp,19.40639999999985,38.8127999999997
2026-03-20 17:03:00+00:00,2026-03-20 17:31:00+00:00,4603.550625,4576.61055,4578.9,4652.851875,-3.3734937270546683,sl,24.65062500000022,49.30125000000044
2026-03-20 19:45:00+00:00,2026-03-20 20:08:00+00:00,4532.9653499999995,4508.584580000001,4510.84,4577.216049999998,-3.168881732803427,sl,22.125349999999344,44.25069999999869
2026-03-20 20:18:00+00:00,2026-03-20 20:49:00+00:00,4526.752245,4507.745,4510.0,4560.256734999999,-2.6613988797768204,sl,16.752244999999675,33.50448999999935
2026-03-20 20:54:00+00:00,2026-03-20 20:59:00+00:00,4522.64019,4508.194775,4510.45,4547.020570000001,-2.2294300637078197,sl,12.190190000000257,24.380380000000514
2026-03-20 21:19:00+00:00,2026-03-21 04:45:00+00:00,4517.047395,4504.296725,4506.55,4538.042184999998,-2.0696094264804534,sl,10.497394999999415,20.99478999999883
2026-03-21 05:16:00+00:00,2026-03-21 05:40:00+00:00,4514.025885,4507.24525,4509.5,4523.077655,-1.5027446470369519,sl,4.525885000000017,9.051770000000033
2026-03-21 06:03:00+00:00,2026-03-21 07:44:00+00:00,4513.645695,4507.24525,4509.5,4521.9370850000005,-1.4664196378642527,sl,4.14569500000016,8.29139000000032
2026-03-21 09:17:00+00:00,2026-03-21 09:32:00+00:00,4508.93334,4503.317215,4505.57,4515.660019999999,-1.3922326843141701,sl,3.36333999999988,6.72667999999976
2026-03-21 09:44:00+00:00,2026-03-21 09:45:00+00:00,4510.424085,4503.317215,4505.57,4520.1322549999995,-1.5334979939613391,sl,4.854084999999941,9.708169999999882
2026-03-21 10:03:00+00:00,2026-03-21 23:52:00+00:00,4511.094419999999,4502.52761,4504.78,4523.723259999999,-1.6718183682636751,sl,6.3144199999997,12.6288399999994
2026-03-22 00:10:00+00:00,2026-03-22 09:44:00+00:00,4508.603175,4498.019865000001,4500.27,4525.269525,-1.8635788436448384,sl,8.333174999999756,16.66634999999951
2026-03-22 12:18:00+00:00,2026-03-22 12:29:00+00:00,4476.7672649999995,4467.515125,4469.75,4490.8017949999985,-1.7429461274806581,sl,7.017264999999497,14.034529999998995
2026-03-22 13:00:00+00:00,2026-03-22 14:05:00+00:00,4479.41859,4471.6730450000005,4473.91,4490.435770000001,-1.598017562115892,sl,5.508590000000368,11.017180000000735
2026-03-22 14:46:00+00:00,2026-03-22 17:00:00+00:00,4477.2375,4486.468143750001,4471.5,4488.712500000001,0.02555604800881761,tp,5.737500000000182,11.475000000000364
2026-03-22 17:08:00+00:00,2026-03-22 22:00:00+00:00,4498.778265,4472.84246,4475.08,4546.174795,-3.325965820360799,sl,23.698264999999992,47.396529999999984
2026-03-22 22:06:00+00:00,2026-03-22 22:21:00+00:00,4494.836295,4524.3056005575,4478.97,4526.568885,1.9494357779857834,tp,15.866294999999809,31.732589999999618
2026-03-22 23:46:00+00:00,2026-03-22 23:48:00+00:00,4504.35105,4480.71852,4482.96,4547.133150000001,-3.1034487244556166,sl,21.391050000000178,42.782100000000355
2026-03-23 00:59:00+00:00,2026-03-23 05:45:00+00:00,4380.759284999999,4332.982425,4335.15,4471.977854999998,-5.524517400456924,sl,45.609284999999545,91.21856999999909
2026-03-23 07:32:00+00:00,2026-03-23 08:33:00+00:00,4188.022965,4279.8079205525,4141.06,4281.9488949999995,8.517509945123091,tp,46.96296499999971,93.92592999999943
2026-03-23 09:11:00+00:00,2026-03-23 11:06:00+00:00,4283.530695,4362.049968957501,4243.18,4364.232085000001,6.9908667947365695,tp,40.35069500000009,80.70139000000017
2026-03-23 12:17:00+00:00,2026-03-23 12:50:00+00:00,4387.242525,4470.891011212499,4344.3,4473.127574999999,7.311849093746194,tp,42.94252499999948,85.88504999999896
2026-03-23 13:52:00+00:00,2026-03-23 15:37:00+00:00,4457.037405,4420.788500000001,4423.0,4525.112215,-4.34641202797132,sl,34.037405000000035,68.07481000000007
2026-03-23 16:12:00+00:00,2026-03-23 18:34:00+00:00,4391.51466,4451.537098009999,4360.39,4453.763979999999,5.000392816131019,tp,31.124659999999494,62.24931999999899
2026-03-23 19:45:00+00:00,2026-03-23 20:00:00+00:00,4427.8128,4400.65857,4402.86,4477.7184,-3.4888387079829184,sl,24.952800000000025,49.90560000000005
2026-03-23 20:45:00+00:00,2026-03-23 22:04:00+00:00,4425.2215049999995,4393.062370000001,4395.26,4485.144514999998,-3.9738316365476196,sl,29.961504999999306,59.92300999999861
2026-03-23 22:23:00+00:00,2026-03-24 00:33:00+00:00,4418.46813,4374.55163,4376.74,4501.924390000001,-5.117007886269626,sl,41.72813000000042,83.45626000000084
2026-03-24 02:04:00+00:00,2026-03-24 02:12:00+00:00,4345.01142,4319.689075,4321.85,4391.334259999999,-3.3532205900680205,sl,23.161419999999453,46.322839999998905
2026-03-24 02:23:00+00:00,2026-03-24 07:53:00+00:00,4359.768795,4438.1661918075,4319.46,4440.386385,6.840883095972059,tp,40.30879499999992,80.61758999999984
2026-03-24 08:47:00+00:00,2026-03-24 10:57:00+00:00,4414.736265,4441.0471606024985,4400.47,4443.268794999998,1.6956419102636175,tp,14.266264999999294,28.532529999998587
2026-03-24 11:33:00+00:00,2026-03-24 11:52:00+00:00,4429.4836350000005,4412.0028950000005,4414.21,4460.030905000001,-2.549010537385388,sl,15.273635000000468,30.547270000000935
2026-03-24 12:14:00+00:00,2026-03-24 12:22:00+00:00,4429.253519999999,4409.853970000001,4412.06,4463.640559999997,-2.733924757094216,sl,17.193519999998898,34.387039999997796
2026-03-24 14:00:00+00:00,2026-03-24 20:24:00+00:00,4391.1844949999995,4449.307718257498,4361.01,4451.533484999998,4.811136394087159,tp,30.174494999999297,60.348989999998594
2026-03-24 20:52:00+00:00,2026-03-24 22:33:00+00:00,4484.7812699999995,4453.372200000001,4455.6,4543.143809999998,-3.8587852718381535,sl,29.18126999999913,58.36253999999826
2026-03-24 23:17:00+00:00,2026-03-25 00:05:00+00:00,4503.4806149999995,4555.003204077499,4476.58,4557.281844999999,4.0425602867037265,tp,26.90061499999956,53.80122999999912
2026-03-25 00:28:00+00:00,2026-03-25 06:06:00+00:00,4562.28,4540.98837,4543.26,4600.319999999999,-2.857631923525561,sl,19.019999999999527,38.039999999999054
2026-03-25 06:31:00+00:00,2026-03-25 09:48:00+00:00,4552.224974999999,4529.734,4532.0,4592.6749249999975,-2.9739527274172186,sl,20.224974999999176,40.44994999999835
2026-03-25 10:39:00+00:00,2026-03-25 10:43:00+00:00,4557.667695,4548.454635,4550.73,4571.543085000001,-1.7228823880028563,sl,6.937695000000531,13.875390000001062
2026-03-25 10:51:00+00:00,2026-03-25 11:31:00+00:00,4559.61867,4579.864931994999,4548.35,4582.156009999999,1.04391346032233,tp,11.268669999999474,22.53733999999895
2026-03-25 13:04:00+00:00,2026-03-25 14:00:00+00:00,4564.78125,4537.25024,4539.52,4615.303749999999,-3.439622752640309,sl,25.261249999999563,50.52249999999913
2026-03-25 14:16:00+00:00,2026-03-25 15:17:00+00:00,4558.107915,4536.9304,4539.2,4595.923744999999,-2.845430330658042,sl,18.907914999999775,37.81582999999955
2026-03-25 15:31:00+00:00,2026-03-25 19:08:00+00:00,4568.313015,4527.525105000001,4529.79,4645.359044999999,-4.676732062963831,sl,38.52301499999976,77.04602999999952
2026-03-25 19:42:00+00:00,2026-03-26 05:28:00+00:00,4528.172955,4492.102825000001,4494.35,4595.818864999999,-4.262488529855806,sl,33.82295499999964,67.64590999999928
2026-03-26 06:28:00+00:00,2026-03-26 08:43:00+00:00,4442.78028,4417.9099400000005,4420.12,4488.10084,-3.2483332140643375,sl,22.660280000000057,45.320560000000114
2026-03-26 08:56:00+00:00,2026-03-26 16:21:00+00:00,4445.34156,4416.35072,4418.56,4498.904679999999,-3.641754862150597,sl,26.781559999999445,53.56311999999889
2026-03-26 17:01:00+00:00,2026-03-26 19:54:00+00:00,4401.45963,4371.15333,4373.34,4457.698890000001,-3.79561116431912,sl,28.119630000000143,56.239260000000286
2026-03-26 20:13:00+00:00,2026-03-27 14:51:00+00:00,4406.412104999999,4494.847766842499,4361.07,4497.096314999999,7.712817090147805,tp,45.34210499999972,90.68420999999944
2026-03-27 15:13:00+00:00,2026-03-29 23:37:00+00:00,4526.922329999999,4451.663055000001,4453.89,4672.986989999998,-7.95864577549074,sl,73.03232999999909,146.06465999999818
2026-03-30 00:21:00+00:00,2026-03-30 06:07:00+00:00,4462.390079999999,4533.342434879998,4425.78,4535.610239999998,5.932678768182561,tp,36.61007999999947,73.22015999999894
2026-03-30 06:35:00+00:00,2026-03-30 07:02:00+00:00,4545.45159,4532.7325,4535.0,4566.354769999999,-2.0504876900302555,sl,10.451589999999669,20.903179999999338
2026-03-30 07:52:00+00:00,2026-03-30 11:26:00+00:00,4531.994865,4546.470222702499,4523.62,4548.744594999999,0.5090755535576138,tp,8.374864999999772,16.749729999999545
2026-03-30 11:45:00+00:00,2026-03-30 13:48:00+00:00,4568.42307,4534.17178,4536.44,4632.38921,-4.057097421428159,sl,31.983070000000225,63.96614000000045
2026-03-30 14:48:00+00:00,2026-03-30 17:32:00+00:00,4538.738235,4514.60157,4516.86,4582.494705,-3.124782489072449,sl,21.87823500000013,43.75647000000026
2026-03-30 19:27:00+00:00,2026-03-30 21:51:00+00:00,4502.660204999999,4520.159404692498,4492.78,4522.420614999998,0.8041369922725745,tp,9.880204999999478,19.760409999998956
2026-03-30 23:37:00+00:00,2026-03-31 00:17:00+00:00,4513.81578,4496.59058,4498.84,4543.767339999999,-2.4830012896181244,sl,14.975779999999759,29.951559999999517
2026-03-31 00:39:00+00:00,2026-03-31 16:39:00+00:00,4529.8638,4627.2366243,4480.02,4629.551399999999,8.316953949449454,tp,49.843799999999646,99.68759999999929
2026-03-31 17:04:00+00:00,2026-04-01 00:06:00+00:00,4649.9238000000005,4690.724864300001,4628.35,4693.071400000001,2.8923092808356206,tp,21.57380000000012,43.14760000000024
2026-04-01 00:16:00+00:00,2026-04-01 01:39:00+00:00,4698.378014999999,4676.350655,4678.69,4737.754044999999,-2.85814056328024,sl,19.688014999999723,39.376029999999446
2026-04-01 02:06:00+00:00,2026-04-01 02:22:00+00:00,4690.44405,4675.32117,4677.66,4716.0121500000005,-2.2319201156828035,sl,12.784050000000207,25.568100000000413
2026-04-01 02:53:00+00:00,2026-04-01 04:02:00+00:00,4679.108385,4666.32567,4668.66,4700.005155000002,-2.0211402143056354,sl,10.448385000000599,20.896770000001197
2026-04-01 05:13:00+00:00,2026-04-01 06:24:00+00:00,4676.75721,4696.422244185,4665.75,4698.771629999999,0.9402873191889696,tp,11.007209999999759,22.014419999999518
2026-04-01 06:46:00+00:00,2026-04-01 11:38:00+00:00,4708.85325,4737.289920125001,4693.45,4739.659750000001,1.723381392884491,tp,15.403250000000298,30.806500000000597
2026-04-01 12:45:00+00:00,2026-04-01 12:56:00+00:00,4740.559095,4712.46259,4714.82,4792.037284999999,-3.3854936801184117,sl,25.739094999999907,51.47818999999981
2026-04-01 13:28:00+00:00,2026-04-01 14:00:00+00:00,4733.215425,4718.449595000001,4720.81,4758.026275,-2.185989233965781,sl,12.405424999999923,24.810849999999846
2026-04-01 14:20:00+00:00,2026-04-01 14:24:00+00:00,4738.0778549999995,4724.446595,4726.81,4760.613564999998,-2.081885634371575,sl,11.267854999999145,22.53570999999829
2026-04-01 14:39:00+00:00,2026-04-01 15:44:00+00:00,4738.04784,4770.517068240001,4720.62,4772.903520000001,2.0693935450443792,tp,17.427840000000288,34.855680000000575
2026-04-01 16:01:00+00:00,2026-04-01 16:03:00+00:00,4779.578594999999,4770.743435,4773.13,4792.475784999997,-1.6430422501127135,sl,6.448594999998932,12.897189999997863
2026-04-01 16:35:00+00:00,2026-04-01 17:56:00+00:00,4773.285449999999,4761.827895,4764.21,4791.436349999998,-1.87814889262582,sl,9.075449999999364,18.150899999998728
2026-04-01 18:42:00+00:00,2026-04-01 18:47:00+00:00,4751.73468,4738.8294000000005,4741.2,4772.804039999999,-2.0123314835567605,sl,10.534679999999753,21.069359999999506
2026-04-01 19:06:00+00:00,2026-04-01 22:08:00+00:00,4751.024324999999,4736.91036,4739.28,4774.512974999999,-2.1205163151308613,sl,11.744324999999662,23.488649999999325
2026-04-01 22:24:00+00:00,2026-04-01 23:03:00+00:00,4753.645635,4736.45059,4738.82,4783.296905,-2.3956133643796886,sl,14.825635000000148,29.651270000000295
2026-04-01 23:07:00+00:00,2026-04-02 00:03:00+00:00,4773.0953549999995,4758.989315,4761.37,4796.546064999999,-2.1128322553069085,sl,11.725354999999581,23.450709999999162
2026-04-02 00:09:00+00:00,2026-04-02 01:00:00+00:00,4776.457034999999,4758.49956,4760.88,4807.611104999998,-2.455001914325357,sl,15.577034999999341,31.154069999998683
2026-04-02 01:52:00+00:00,2026-04-02 05:33:00+00:00,4701.899775,4640.15876,4642.48,4820.7393250000005,-6.446327768437889,sl,59.4197750000003,118.8395500000006
2026-04-02 06:50:00+00:00,2026-04-02 07:41:00+00:00,4596.33702,4629.75502447,4578.47,4632.071059999999,2.242587947332977,tp,17.867019999999684,35.73403999999937
2026-04-02 07:49:00+00:00,2026-04-02 08:58:00+00:00,4643.00034,4611.842925,4614.15,4700.7010199999995,-3.709538029308468,sl,28.85033999999996,57.70067999999992
2026-04-02 09:54:00+00:00,2026-04-02 10:17:00+00:00,4621.359525,4611.103295,4613.41,4637.258575,-1.7965087351339761,sl,7.949524999999994,15.899049999999988
2026-04-02 10:43:00+00:00,2026-04-02 11:40:00+00:00,4623.760724999999,4598.39965,4600.7,4669.882174999998,-3.1856280405614616,sl,23.060724999999366,46.12144999999873
2026-04-02 12:15:00+00:00,2026-04-02 13:00:00+00:00,4607.9628299999995,4587.16527,4589.46,4644.968489999998,-2.771205778017571,sl,18.50282999999945,37.0056599999989
2026-04-02 13:31:00+00:00,2026-04-02 13:58:00+00:00,4596.7872449999995,4640.760194132498,4573.64,4643.081734999998,3.2161693754575915,tp,23.147244999999202,46.294489999998405
2026-04-02 14:12:00+00:00,2026-04-05 12:17:00+00:00,4651.914795,4622.18775,4624.5,4706.744384999999,-3.5696914546022716,sl,27.414794999999685,54.82958999999937
2026-04-05 13:15:00+00:00,2026-04-05 16:08:00+00:00,4634.245965,4623.26721,4625.58,4651.577895,-1.8584646258955084,sl,8.665965000000142,17.331930000000284
2026-04-05 18:23:00+00:00,2026-04-05 20:00:00+00:00,4622.800244999999,4617.200245000001,4619.51,4629.380734999998,-1.3659566271489068,sl,3.2902449999992314,6.580489999998463
2026-04-05 20:16:00+00:00,2026-04-05 21:59:00+00:00,4626.932309999999,4614.35167,4616.66,4647.476929999998,-2.006496011109332,sl,10.27230999999938,20.54461999999876
2026-04-05 22:02:00+00:00,2026-04-05 22:05:00+00:00,4641.729705,4616.030830000001,4618.34,4688.509114999999,-3.2032125888579905,sl,23.389704999999594,46.77940999999919
2026-04-05 22:40:00+00:00,2026-04-05 23:25:00+00:00,4628.363025,4602.2577200000005,4604.56,4675.969074999998,-3.246096887252074,sl,23.803024999999252,47.606049999998504
2026-04-05 23:52:00+00:00,2026-04-06 00:27:00+00:00,4608.303,4592.7025,4595.0,4634.909,-2.2874079260213964,sl,13.302999999999884,26.605999999999767
2026-04-06 00:47:00+00:00,2026-04-06 02:21:00+00:00,4611.3045,4654.48509325,4588.55,4656.8135,3.1250374594944708,tp,22.754500000000007,45.509000000000015
2026-04-06 03:38:00+00:00,2026-04-06 03:43:00+00:00,4624.95132,4613.692,4616.0,4642.85396,-1.8838787327021826,sl,8.951320000000123,17.902640000000247
2026-04-06 03:51:00+00:00,2026-04-06 05:07:00+00:00,4627.082385000001,4650.180901422503,4614.37,4652.507155000002,1.2693849222125708,tp,12.712385000000722,25.424770000001445
2026-04-06 05:18:00+00:00,2026-04-06 06:00:00+00:00,4666.662165,4632.892395,4635.21,4729.566494999999,-3.9226512952715824,sl,31.452164999999695,62.90432999999939
2026-04-06 06:15:00+00:00,2026-04-06 07:22:00+00:00,4653.00534,4631.34317,4633.66,4691.696019999999,-2.825503154393805,sl,19.34533999999985,38.6906799999997
2026-04-06 07:50:00+00:00,2026-04-07 01:00:00+00:00,4659.3285,4626.835425,4629.15,4719.6855,-3.8081171238941884,sl,30.178499999999985,60.35699999999997
2026-04-07 01:08:00+00:00,2026-04-07 01:52:00+00:00,4650.934305,4612.59255,4614.9,4723.002915,-4.345035052815307,sl,36.03430500000013,72.06861000000026
2026-04-07 02:29:00+00:00,2026-04-07 04:40:00+00:00,4620.709199999999,4641.905486199998,4608.95,4644.227599999998,1.0957752061672859,tp,11.75919999999951,23.51839999999902
2026-04-07 04:49:00+00:00,2026-04-07 05:25:00+00:00,4649.38353,4627.934875,4630.25,4687.65059,-2.804286511783357,sl,19.133530000000064,38.26706000000013
2026-04-07 05:57:00+00:00,2026-04-07 08:21:00+00:00,4630.8242549999995,4659.062068617499,4615.54,4661.392764999999,1.7356893071447579,tp,15.284254999999575,30.56850999999915
2026-04-07 09:11:00+00:00,2026-04-07 09:37:00+00:00,4674.95631,4662.417625,4664.75,4695.368929999999,-1.9854042485058208,sl,10.206309999999576,20.41261999999915
2026-04-07 10:16:00+00:00,2026-04-07 10:26:00+00:00,4666.311989999999,4646.15576,4648.48,4701.975969999999,-2.6788165080204434,sl,17.831989999999678,35.663979999999356
2026-04-07 11:42:00+00:00,2026-04-07 14:02:00+00:00,4646.96232,4616.690500000001,4619.0,4702.886959999999,-3.607749923433449,sl,27.962319999999636,55.92463999999927
2026-04-07 14:22:00+00:00,2026-04-07 17:36:00+00:00,4619.138414999999,4662.602777377499,4596.24,4664.935244999999,3.1367379758219416,tp,22.89841499999966,45.79682999999932
2026-04-07 18:01:00+00:00,2026-04-07 18:50:00+00:00,4667.3324999999995,4655.671,4658.0,4685.997499999999,-1.9064458622347733,sl,9.332499999999527,18.664999999999054
2026-04-07 19:15:00+00:00,2026-04-07 19:20:00+00:00,4657.277475,4680.3110987875,4644.59,4682.652424999999,1.246693310816312,tp,12.687474999999722,25.374949999999444
2026-04-07 19:46:00+00:00,2026-04-07 22:37:00+00:00,4695.296474999999,4746.4350202874975,4668.54,4748.809424999998,3.765308653537991,tp,26.756474999999227,53.512949999998455
2026-04-07 22:55:00+00:00,2026-04-08 14:31:00+00:00,4776.457034999999,4743.16723,4745.54,4838.291104999998,-3.8017809529543793,sl,30.917034999999487,61.834069999998974
2026-04-08 15:17:00+00:00,2026-04-08 18:18:00+00:00,4735.656645,4703.8469000000005,4706.2,4794.569935,-3.6931308814822357,sl,29.456645000000208,58.913290000000416
2026-04-08 19:11:00+00:00,2026-04-09 10:33:00+00:00,4698.908280000001,4726.7602775800015,4683.8,4729.124840000001,1.661925433031953,tp,15.108280000000377,30.216560000000754
2026-04-09 10:44:00+00:00,2026-04-09 15:19:00+00:00,4732.0448400000005,4768.149252740001,4712.8,4770.534520000001,2.383178001342247,tp,19.244840000000295,38.48968000000059
2026-04-09 15:33:00+00:00,2026-04-09 21:13:00+00:00,4777.177395,4747.4251,4749.8,4831.932184999999,-3.48612292595669,sl,27.377394999999524,54.75478999999905
2026-04-09 21:53:00+00:00,2026-04-09 22:29:00+00:00,4755.446534999999,4746.0258,4748.4,4769.539604999998,-1.6864707506527643,sl,7.046534999999494,14.093069999998988
2026-04-09 22:56:00+00:00,2026-04-09 23:06:00+00:00,4750.964295,4742.767430000001,4745.14,4762.612884999999,-1.5778751006856373,sl,5.824294999999438,11.648589999998876
2026-04-09 23:48:00+00:00,2026-04-10 00:00:00+00:00,4750.05384,4741.538045,4743.91,4762.341519999999,-1.606139290412412,sl,6.143839999999727,12.287679999999455
2026-04-10 01:00:00+00:00,2026-04-10 02:12:00+00:00,4749.85374,4737.4301000000005,4739.8,4769.961219999998,-1.9540207332273534,sl,10.05373999999938,20.10747999999876
2026-04-10 02:47:00+00:00,2026-04-10 08:47:00+00:00,4736.32698,4721.747945,4724.11,4760.76094,-2.1492607454729336,sl,12.216980000000149,24.433960000000297
2026-04-10 09:15:00+00:00,2026-04-10 14:15:00+00:00,4732.605119999999,4762.952692319998,4716.24,4765.335359999998,1.865460536097919,tp,16.36511999999948,32.73023999999896
2026-04-10 15:12:00+00:00,2026-04-10 15:36:00+00:00,4766.632125,4750.9633300000005,4753.34,4793.216375,-2.237630011251156,sl,13.292124999999942,26.584249999999884
2026-04-10 16:39:00+00:00,2026-04-10 16:42:00+00:00,4749.71367,4739.76893,4742.14,4764.86101,-1.7322835121449773,sl,7.573669999999765,15.14733999999953
2026-04-10 16:54:00+00:00,2026-04-10 18:04:00+00:00,4750.824224999999,4739.079275,4741.45,4769.5726749999985,-1.8919544527982324,sl,9.37422499999957,18.74844999999914
2026-04-10 18:33:00+00:00,2026-04-10 20:20:00+00:00,4756.366994999999,4734.71146,4737.08,4794.940984999998,-2.7712057840646507,sl,19.28699499999948,38.57398999999896
2026-04-10 20:44:00+00:00,2026-04-12 01:39:00+00:00,4741.26945,4723.307165,4725.67,4772.468349999999,-2.4472174368045962,sl,15.599449999999706,31.198899999999412
2026-04-12 02:56:00+00:00,2026-04-12 04:35:00+00:00,4720.6691550000005,4712.742450000001,4715.1,4731.807465000001,-1.5553012556680015,sl,5.569155000000137,11.138310000000274
2026-04-12 06:22:00+00:00,2026-04-12 13:00:00+00:00,4711.69467,4695.651,4698.0,4739.08401,-2.28409185659989,sl,13.69466999999986,27.38933999999972
2026-04-12 14:17:00+00:00,2026-04-12 22:00:00+00:00,4695.3465,4682.6575,4685.0,4716.039499999999,-1.9867535665457778,sl,10.34649999999965,20.6929999999993
2026-04-12 23:39:00+00:00,2026-04-13 00:59:00+00:00,4645.9218,4673.2276173,4631.1,4675.5653999999995,1.6362325536820943,tp,14.821799999999712,29.643599999999424
2026-04-13 01:11:00+00:00,2026-04-14 07:08:00+00:00,4700.749199999999,4777.457676199999,4661.2,4779.847599999998,6.045720136978249,tp,39.54919999999947,79.09839999999895
2026-04-14 08:07:00+00:00,2026-04-14 09:33:00+00:00,4767.90276,4757.0302950000005,4759.41,4784.88828,-1.8097063260801654,sl,8.49276000000009,16.98552000000018
2026-04-14 09:57:00+00:00,2026-04-14 10:37:00+00:00,4768.8432299999995,4757.629995,4760.01,4786.509689999998,-1.8393205046879588,sl,8.833229999999276,17.66645999999855
2026-04-14 11:07:00+00:00,2026-04-14 12:21:00+00:00,4760.108864999999,4748.56453,4750.94,4778.4465949999985,-1.870125045886045,sl,9.168864999999641,18.337729999999283
2026-04-14 12:32:00+00:00,2026-04-14 12:51:00+00:00,4760.308965,4749.414105,4751.79,4777.346895000001,-1.8120488511314963,sl,8.518965000000208,17.037930000000415
2026-04-14 13:01:00+00:00,2026-04-14 13:38:00+00:00,4761.39951,4784.265200735,4748.77,4786.65853,1.1823734801339922,tp,12.629509999999755,25.25901999999951
2026-04-14 13:43:00+00:00,2026-04-14 17:06:00+00:00,4779.2284199999995,4805.281417369999,4765.0,4807.685259999998,1.4566019937242083,tp,14.22841999999946,28.45683999999892
2026-04-14 17:26:00+00:00,2026-04-14 19:09:00+00:00,4818.66813,4834.685837805001,4809.45,4837.10439,0.558402163110115,tp,9.218130000000201,18.436260000000402
2026-04-14 19:57:00+00:00,2026-04-14 20:22:00+00:00,4838.658119999999,4829.074255,4831.49,4852.994359999998,-1.6822490957732725,sl,7.168119999999362,14.336239999998725
2026-04-14 21:25:00+00:00,2026-04-14 21:37:00+00:00,4838.1078449999995,4822.817384999999,4825.23,4863.8635349999995,-2.180123932069367,sl,12.87784499999998,25.75568999999996
2026-04-14 22:03:00+00:00,2026-04-15 00:39:00+00:00,4839.728655,4815.581005,4817.99,4883.205965,-2.9517785800042313,sl,21.738655000000108,43.477310000000216
2026-04-15 01:10:00+00:00,2026-04-15 01:17:00+00:00,4832.344965,4856.305527552502,4819.15,4858.734895000001,1.2477357020096327,tp,13.194965000000593,26.389930000001186
2026-04-15 02:05:00+00:00,2026-04-15 02:16:00+00:00,4841.539559999999,4832.292645,4834.71,4855.198679999998,-1.6512669808689826,sl,6.829559999999219,13.659119999998438
2026-04-15 03:29:00+00:00,2026-04-15 05:37:00+00:00,4822.41,4807.545025,4809.95,4847.33,-2.1458022716507554,sl,12.460000000000036,24.920000000000073
2026-04-15 06:48:00+00:00,2026-04-15 06:55:00+00:00,4814.315955,4800.948325,4803.35,4836.247864999999,-2.0162178140788765,sl,10.965954999999667,21.931909999999334
2026-04-15 08:19:00+00:00,2026-04-15 09:11:00+00:00,4805.8517249999995,4793.0922550000005,4795.49,4826.575174999999,-1.964419639148169,sl,10.361724999999751,20.723449999999502
2026-04-15 10:07:00+00:00,2026-04-15 21:40:00+00:00,4794.37599,4777.610000000001,4780.0,4823.127969999999,-2.3190649569289405,sl,14.375989999999547,28.751979999999094
2026-04-15 22:22:00+00:00,2026-04-16 00:00:00+00:00,4793.555579999999,4812.199436629999,4783.03,4814.606739999998,0.7957245396030107,tp,10.525579999999536,21.051159999999072
2026-04-16 00:40:00+00:00,2026-04-16 01:27:00+00:00,4818.397994999999,4808.664465,4811.07,4833.053984999999,-1.6958998954848616,sl,7.327994999999646,14.655989999999292
2026-04-16 02:07:00+00:00,2026-04-16 02:22:00+00:00,4812.8052,4803.287155,4805.69,4827.0356,-1.677674036074865,sl,7.115200000000186,14.230400000000373
2026-04-16 03:06:00+00:00,2026-04-16 08:04:00+00:00,4813.04532,4800.868365,4803.27,4832.59596,-1.910140149942447,sl,9.775319999999738,19.550639999999476
2026-04-16 08:59:00+00:00,2026-04-16 09:30:00+00:00,4804.591095,4796.30065,4798.7,4816.373285,-1.5707196431983952,sl,5.89109499999995,11.7821899999999
2026-04-16 09:45:00+00:00,2026-04-16 09:45:00+00:00,4805.1513749999995,4801.088255,4803.49,4808.474124999999,-1.199699683304641,sl,1.6613749999996799,3.3227499999993597
2026-04-16 09:47:00+00:00,2026-04-16 09:47:00+00:00,4805.6516249999995,4801.088255,4803.49,4809.974874999999,-1.2433420015091294,sl,2.161624999999731,4.323249999999462
2026-04-16 10:38:00+00:00,2026-04-16 10:47:00+00:00,4801.009305,4793.602,4796.0,4811.027914999999,-1.4930383533761287,sl,5.009304999999586,10.018609999999171
2026-04-16 10:56:00+00:00,2026-04-16 13:52:00+00:00,4804.0708349999995,4793.602,4796.0,4820.212504999999,-1.760723370798058,sl,8.070834999999533,16.141669999999067
2026-04-16 15:02:00+00:00,2026-04-16 16:33:00+00:00,4785.601605,4774.55153,4776.94,4802.924815,-1.8150319671888182,sl,8.661605000000236,17.323210000000472
2026-04-16 18:01:00+00:00,2026-04-16 21:14:00+00:00,4781.739675,4766.825395000001,4769.21,4806.799024999999,-2.155586859980276,sl,12.52967499999977,25.05934999999954
2026-04-16 21:52:00+00:00,2026-04-17 01:10:00+00:00,4772.735175,4763.666975,4766.05,4786.105524999999,-1.6420502270781152,sl,6.685174999999617,13.370349999999235
2026-04-17 01:46:00+00:00,2026-04-17 04:58:00+00:00,4764.14088,4783.34976868,4753.34,4785.7426399999995,0.8540909339072827,tp,10.800879999999779,21.601759999999558
2026-04-17 07:05:00+00:00,2026-04-17 07:42:00+00:00,4776.52707,4768.124745,4770.51,4788.56121,-1.5826024187717724,sl,6.017069999999876,12.034139999999752
2026-04-17 08:33:00+00:00,2026-04-17 09:02:00+00:00,4774.536074999999,4783.095480887497,4769.06,4785.488224999996,-0.08804581619820384,tp,5.476074999998673,10.952149999997346
2026-04-17 11:00:00+00:00,2026-04-17 11:45:00+00:00,4774.90626,4785.304930609999,4768.51,4787.698779999999,0.07394755648189577,tp,6.396259999999529,12.792519999999058
2026-04-17 12:20:00+00:00,2026-04-17 12:30:00+00:00,4792.1948999999995,4802.142427649998,4786.02,4804.544699999998,0.031037359405201803,tp,6.17489999999907,12.34979999999814
2026-04-17 13:07:00+00:00,2026-04-18 08:35:00+00:00,4834.696139999999,4803.5370299999995,4805.94,4892.208419999998,-3.5536507289839028,sl,28.756139999999505,57.51227999999901
2026-04-18 09:28:00+00:00,2026-04-18 10:08:00+00:00,4807.4025,4799.469065,4801.87,4818.467500000001,-1.53587354731457,sl,5.532500000000255,11.06500000000051
2026-04-18 13:13:00+00:00,2026-04-18 13:42:00+00:00,4793.95578,4785.815895000001,4788.21,4805.447340000001,-1.5556461178681116,sl,5.745780000000195,11.49156000000039
2026-04-18 14:06:00+00:00,2026-04-18 18:33:00+00:00,4794.165885,4784.98631,4787.38,4807.737655000001,-1.6464917926477685,sl,6.785885000000235,13.57177000000047
2026-04-18 19:13:00+00:00,2026-04-18 19:29:00+00:00,4791.394499999999,4781.218195,4783.61,4806.963499999999,-1.7340661292622292,sl,7.784499999999753,15.568999999999505
2026-04-18 20:05:00+00:00,2026-04-19 00:00:00+00:00,4790.8042049999995,4772.402605,4774.79,4822.832614999998,-2.4552638814425793,sl,16.014204999999492,32.028409999998985
2026-04-19 01:54:00+00:00,2026-04-19 03:12:00+00:00,4779.858735,4766.665475000001,4769.05,4801.476204999999,-2.000503336133434,sl,10.808734999999615,21.61746999999923
2026-04-19 03:48:00+00:00,2026-04-19 20:21:00+00:00,4779.30846,4765.955830000001,4768.34,4801.24538,-2.0141655755536108,sl,10.96846000000005,21.9369200000001
2026-04-19 20:35:00+00:00,2026-04-19 21:00:00+00:00,4774.115864999999,4765.49606,4767.88,4786.587594999996,-1.5987095906074202,sl,6.235864999998739,12.471729999997478
2026-04-19 22:10:00+00:00,2026-04-19 23:39:00+00:00,4777.94778,4744.96633,4747.34,4839.163340000001,-3.738265606724248,sl,30.607780000000275,61.21556000000055
2026-04-20 00:12:00+00:00,2026-04-20 01:03:00+00:00,4742.12988,4763.486705180001,4730.26,4765.869640000001,1.0497213070103606,tp,11.869880000000194,23.739760000000388
2026-04-20 01:24:00+00:00,2026-04-20 03:19:00+00:00,4783.380494999999,4770.863375,4773.25,4803.641484999998,-1.9383550124288473,sl,10.130494999999428,20.260989999998856
2026-04-20 04:09:00+00:00,2026-04-20 04:32:00+00:00,4779.48855,4770.93334,4773.32,4791.825650000001,-1.5910034925931023,sl,6.168550000000323,12.337100000000646
2026-04-20 04:48:00+00:00,2026-04-20 04:56:00+00:00,4776.637124999999,4769.1142500000005,4771.5,4786.911374999998,-1.5004893836040987,sl,5.137124999999287,10.274249999998574
2026-04-20 05:31:00+00:00,2026-04-20 05:42:00+00:00,4775.396505,4764.99631,4767.38,4791.429514999999,-1.753103361946578,sl,8.016504999999597,16.033009999999194
2026-04-20 06:03:00+00:00,2026-04-20 13:29:00+00:00,4776.3669899999995,4804.017759514999,4761.34,4806.420969999998,1.5880275465979548,tp,15.026989999999387,30.053979999998774
2026-04-20 14:24:00+00:00,2026-04-20 14:51:00+00:00,4809.993795,4789.743930000001,4792.14,4845.701385,-2.605340583306881,sl,17.85379499999999,35.70758999999998
2026-04-20 15:23:00+00:00,2026-04-20 22:01:00+00:00,4788.9332699999995,4808.594310095,4777.9,4810.999809999999,0.881955136210863,tp,11.033269999999902,22.066539999999804
2026-04-20 22:45:00+00:00,2026-04-20 22:55:00+00:00,4817.177385,4808.964315,4811.37,4828.792155,-1.5544055489435862,sl,5.8073850000000675,11.614770000000135
2026-04-21 00:06:00+00:00,2026-04-21 00:26:00+00:00,4813.50555,4802.89735,4805.3,4829.916649999999,-1.763272446937989,sl,8.205549999999675,16.41109999999935
2026-04-21 02:55:00+00:00,2026-04-21 03:11:00+00:00,4792.284945,4784.656475000001,4787.05,4802.754835000001,-1.5063714538012105,sl,5.2349450000001525,10.469890000000305
2026-04-21 05:34:00+00:00,2026-04-21 05:52:00+00:00,4779.88875,4770.583515,4772.97,4793.72625,-1.6548427000756998,sl,6.918749999999818,13.837499999999636
2026-04-21 07:11:00+00:00,2026-04-21 12:30:00+00:00,4773.035324999999,4758.89936,4761.28,4796.545974999997,-2.07974975914309,sl,11.755324999999175,23.51064999999835
2026-04-21 13:03:00+00:00,2026-04-21 13:06:00+00:00,4773.465539999999,4762.6175,4765.0,4790.396619999998,-1.7905916803189146,sl,8.465539999999237,16.931079999998474
2026-04-21 13:28:00+00:00,2026-04-21 14:39:00+00:00,4763.580599999999,4748.6245,4751.0,4788.741799999998,-2.153356585739809,sl,12.580599999999322,25.161199999998644
2026-04-21 15:11:00+00:00,2026-04-21 16:14:00+00:00,4737.957795,4715.650995000001,4718.01,4777.853385,-2.8094992900809515,sl,19.947795000000042,39.895590000000084
2026-04-21 17:34:00+00:00,2026-04-21 18:16:00+00:00,4697.747699999999,4685.93586,4688.28,4716.6830999999975,-1.890352970968224,sl,9.46769999999924,18.93539999999848
2026-04-21 18:47:00+00:00,2026-04-21 19:41:00+00:00,4695.936795,4680.75845,4683.1,4721.610384999998,-2.1903265467226167,sl,12.836794999999256,25.673589999998512
2026-04-21 20:11:00+00:00,2026-04-22 02:20:00+00:00,4688.5431,4743.236495349999,4660.01,4745.609299999999,4.042676957685082,tp,28.53309999999965,57.0661999999993
2026-04-22 02:54:00+00:00,2026-04-22 02:54:00+00:00,4744.270949999999,4740.958335,4743.33,4746.152849999998,-1.130196120132527,sl,0.9409499999992477,1.8818999999984953
2026-04-22 03:05:00+00:00,2026-04-22 10:09:00+00:00,4748.7732,4736.8503900000005,4739.22,4767.879599999998,-1.8885624828046448,sl,9.553199999999379,19.106399999998757
2026-04-22 10:35:00+00:00,2026-04-22 11:41:00+00:00,4748.252939999999,4737.39012,4739.76,4765.238819999998,-1.7948483291438677,sl,8.49293999999918,16.98587999999836
2026-04-22 13:44:00+00:00,2026-04-22 14:06:00+00:00,4741.419525,4727.55504,4729.92,4764.418575000001,-2.0606663164413916,sl,11.499525000000176,22.999050000000352
2026-04-22 15:11:00+00:00,2026-04-22 15:16:00+00:00,4726.762199999999,4715.38113,4717.74,4744.806599999998,-1.8442255743559606,sl,9.02219999999943,18.04439999999886
2026-04-22 15:57:00+00:00,2026-04-22 16:01:00+00:00,4719.268454999999,4710.973335000001,4713.33,4731.1453649999985,-1.572008169789326,sl,5.9384549999995215,11.876909999999043
2026-04-22 16:06:00+00:00,2026-04-22 16:19:00+00:00,4721.47956,4710.973335000001,4713.33,4737.778679999999,-1.7671403754478043,sl,8.149559999999838,16.299119999999675
2026-04-22 16:35:00+00:00,2026-04-22 18:46:00+00:00,4716.9573,4726.447494050001,4711.03,4728.811900000001,0.004149973179553235,tp,5.927300000000287,11.854600000000573
2026-04-22 21:11:00+00:00,2026-04-22 22:08:00+00:00,4730.844239999999,4723.35714,4725.72,4741.092719999998,-1.498198749398517,sl,5.12423999999919,10.24847999999838
2026-04-22 23:20:00+00:00,2026-04-23 00:01:00+00:00,4716.677159999999,4707.82491,4710.18,4729.671479999997,-1.6208633870532245,sl,6.497159999998985,12.99431999999797
2026-04-23 00:23:00+00:00,2026-04-23 05:30:00+00:00,4717.87776,4679.189235,4681.53,4790.573280000001,-4.262532222777049,sl,36.34776000000056,72.69552000000112
2026-04-23 05:50:00+00:00,2026-04-23 09:03:00+00:00,4697.747699999999,4684.6565,4687.0,4719.243099999997,-1.9996825370843592,sl,10.747699999998986,21.49539999999797
2026-04-23 09:19:00+00:00,2026-04-23 09:54:00+00:00,4692.344999999999,4681.3181700000005,4683.66,4709.714999999998,-1.8168741739023537,sl,8.68499999999949,17.36999999999898
2026-04-23 10:04:00+00:00,2026-04-23 10:08:00+00:00,4690.9843200000005,4681.298180000001,4683.64,4705.672960000001,-1.697472208780104,sl,7.3443200000001525,14.688640000000305
2026-04-23 10:34:00+00:00,2026-04-23 11:55:00+00:00,4683.590625,4701.959719062501,4673.23,4704.311875,0.8012355866316349,tp,10.360625000000255,20.72125000000051
2026-04-23 12:32:00+00:00,2026-04-23 13:08:00+00:00,4728.44304,4713.062290000001,4715.42,4754.48912,-2.1930887045223604,sl,13.023040000000037,26.046080000000075
2026-04-23 13:33:00+00:00,2026-04-23 14:00:00+00:00,4721.229434999999,4709.054295,4711.41,4740.868304999998,-1.9112909155701232,sl,9.81943499999943,19.63886999999886
2026-04-23 14:24:00+00:00,2026-04-23 15:54:00+00:00,4717.627635,4704.826410000001,4707.18,4738.522904999999,-1.9670347311310006,sl,10.447634999999536,20.895269999999073
2026-04-23 16:25:00+00:00,2026-04-23 17:08:00+00:00,4713.49557,4703.56704,4705.92,4728.64671,-1.713390521562499,sl,7.575569999999971,15.151139999999941
2026-04-23 18:02:00+00:00,2026-04-24 04:22:00+00:00,4706.642145,4655.541065,4657.87,4804.186435,-5.3617763604056705,sl,48.77214499999991,97.54428999999982
2026-04-24 05:25:00+00:00,2026-04-24 06:27:00+00:00,4670.21394,4661.777945,4664.11,4682.42182,-1.5869041529384915,sl,6.103939999999966,12.207879999999932
2026-04-24 07:06:00+00:00,2026-04-24 11:07:00+00:00,4671.224445,4685.129598332499,4663.1,4687.473334999999,0.40609969638743426,tp,8.124444999999469,16.248889999998937
2026-04-24 11:23:00+00:00,2026-04-26 23:40:00+00:00,4696.64715,4665.74596,4668.08,4753.7814499999995,-3.5752980941039785,sl,28.567149999999856,57.13429999999971
2026-04-27 00:47:00+00:00,2026-04-27 01:00:00+00:00,4675.666665,4686.275685002501,4669.19,4688.619995,0.11118636403889204,tp,6.476665000000139,12.953330000000278
2026-04-27 01:32:00+00:00,2026-04-27 03:41:00+00:00,4692.344999999999,4712.677482499998,4681.0,4715.034999999998,0.9708153974933874,tp,11.344999999999345,22.68999999999869
2026-04-27 04:02:00+00:00,2026-04-27 04:51:00+00:00,4717.107375,4708.794425,4711.15,4729.0221249999995,-1.5678614232568102,sl,5.957374999999956,11.914749999999913
2026-04-27 06:10:00+00:00,2026-04-27 08:30:00+00:00,4702.16991,4694.411620000001,4696.76,4712.989729999998,-1.5207765831062514,sl,5.4099099999994,10.8198199999988
2026-04-27 08:46:00+00:00,2026-04-27 09:10:00+00:00,4703.09037,4691.31317,4693.66,4721.95111,-1.8761495987820531,sl,9.430370000000039,18.860740000000078
2026-04-27 10:05:00+00:00,2026-04-27 10:15:00+00:00,4696.577114999999,4687.045305000001,4689.39,4710.951344999997,-1.678162798672656,sl,7.187114999998812,14.374229999997624
2026-04-27 10:33:00+00:00,2026-04-27 12:40:00+00:00,4698.00783,4687.03531,4689.38,4715.2634899999985,-1.8051939216481379,sl,8.627829999999449,17.255659999998898
2026-04-27 14:00:00+00:00,2026-04-27 14:09:00+00:00,4687.592624999999,4676.330665,4678.67,4705.437874999998,-1.8326536529410524,sl,8.922624999999243,17.845249999998487
2026-04-27 15:30:00+00:00,2026-04-28 04:23:00+00:00,4672.335,4656.11078,4658.44,4700.125000000001,-2.2773217118738316,sl,13.895000000000437,27.790000000000873
2026-04-28 07:05:00+00:00,2026-04-28 07:55:00+00:00,4634.39604,4615.780955,4618.09,4667.008119999999,-2.503072100196306,sl,16.306039999999484,32.61207999999897
2026-04-28 08:30:00+00:00,2026-04-28 09:21:00+00:00,4623.15042,4612.25272,4614.56,4640.331259999999,-1.812364236705109,sl,8.59041999999954,17.18083999999908
2026-04-28 10:21:00+00:00,2026-04-28 10:58:00+00:00,4612.3250100000005,4599.57906,4601.88,4633.215030000001,-1.9808345694271114,sl,10.445010000000366,20.89002000000073
2026-04-28 12:42:00+00:00,2026-04-28 14:02:00+00:00,4584.15093,4564.75648,4567.04,4618.372789999999,-2.5901264861263074,sl,17.110929999999826,34.22185999999965
2026-04-28 14:57:00+00:00,2026-04-28 15:43:00+00:00,4568.3030100000005,4575.760005485001,4563.43,4578.049030000001,-0.15357381095079692,tp,4.873010000000249,9.746020000000499
2026-04-28 15:51:00+00:00,2026-04-29 00:01:00+00:00,4582.39005,4595.331334924999,4574.77,4597.630149999999,0.341537800233667,tp,7.620049999999537,15.240099999999074
2026-04-29 01:37:00+00:00,2026-04-29 07:10:00+00:00,4582.860285,4571.722995,4574.01,4600.560854999999,-1.8413440208342386,sl,8.85028499999953,17.70056999999906
2026-04-29 08:47:00+00:00,2026-04-29 09:50:00+00:00,4567.252485,4550.04384,4552.32,4597.1174550000005,-2.3965259801563192,sl,14.93248500000027,29.86497000000054
2026-04-29 10:04:00+00:00,2026-04-29 12:34:00+00:00,4559.798760000001,4544.9863700000005,4547.26,4584.876280000001,-2.1801796296004,sl,12.538760000000366,25.07752000000073
2026-04-29 14:16:00+00:00,2026-04-29 15:37:00+00:00,4526.131934999999,4544.022657097498,4516.05,4546.295804999998,0.8098106336695796,tp,10.081934999999248,20.163869999998496
2026-04-29 16:03:00+00:00,2026-04-29 18:00:00+00:00,4556.367045,4536.730500000001,4539.0,4591.101135,-2.6204024254146443,sl,17.367044999999962,34.734089999999924
2026-04-29 18:02:00+00:00,2026-04-29 18:04:00+00:00,4547.37255,4537.41016,4539.68,4562.75765,-1.7401613357433692,sl,7.6925499999997555,15.385099999999511
2026-04-29 19:01:00+00:00,2026-04-30 07:57:00+00:00,4543.31052,4592.87397422,4517.38,4595.17156,3.6959880521280226,tp,25.930519999999888,51.861039999999775
2026-04-30 08:04:00+00:00,2026-04-30 11:12:00+00:00,4601.289494999999,4638.827910757498,4581.36,4641.148484999998,2.5556566640398826,tp,19.929494999999406,39.85898999999881
2026-04-30 11:48:00+00:00,2026-04-30 12:30:00+00:00,4629.023354999999,4618.10979,4620.42,4646.230064999998,-1.8103871898075732,sl,8.603354999999283,17.206709999998566
2026-04-30 12:55:00+00:00,2026-04-30 13:36:00+00:00,4629.383534999999,4617.270210000001,4619.58,4648.990604999997,-1.917513111034772,sl,9.803534999999101,19.607069999998203
2026-04-30 15:30:00+00:00,2026-04-30 15:44:00+00:00,4618.157925,4606.5555699999995,4608.86,4636.753775000002,-1.8737853986878217,sl,9.29792500000076,18.59585000000152
2026-04-30 16:34:00+00:00,2026-04-30 19:06:00+00:00,4606.332014999999,4617.086346977497,4599.8,4619.396044999997,0.13805686032416753,tp,6.532014999998864,13.064029999997729
2026-04-30 20:20:00+00:00,2026-04-30 20:30:00+00:00,4613.885789999999,4606.73548,4609.04,4623.577369999998,-1.4739281276489913,sl,4.845789999999397,9.691579999998794
2026-04-30 20:54:00+00:00,2026-04-30 23:41:00+00:00,4614.20595,4622.185601074998,4609.06,4624.497849999998,-0.11312050484012204,tp,5.145949999999175,10.29189999999835
2026-05-01 02:03:00+00:00,2026-05-01 02:52:00+00:00,4615.5066,4607.704995,4610.01,4626.499799999999,-1.531968579968662,sl,5.496599999999489,10.993199999998978
2026-05-01 03:30:00+00:00,2026-05-01 04:29:00+00:00,4619.708699999999,4607.23523,4609.54,4640.046099999998,-1.950563594708706,sl,10.168699999999262,20.337399999998524
2026-05-01 07:18:00+00:00,2026-05-01 07:22:00+00:00,4592.114909999999,4581.2582250000005,4583.55,4609.244729999998,-1.8108152232681736,sl,8.564909999999145,17.12981999999829
2026-05-01 08:46:00+00:00,2026-05-01 09:02:00+00:00,4570.6641899999995,4559.838940000001,4562.12,4587.752569999999,-1.8121692462971208,sl,8.544189999999617,17.088379999999233
2026-05-01 09:21:00+00:00,2026-05-01 09:54:00+00:00,4568.653184999999,4559.609055000001,4561.89,4582.179554999997,-1.6505893582504796,sl,6.7631849999988845,13.526369999997769
2026-05-01 10:20:00+00:00,2026-05-01 12:22:00+00:00,4567.72272,4586.853585919999,4557.01,4589.148159999999,0.9061457626235666,tp,10.712719999999536,21.42543999999907
2026-05-01 13:03:00+00:00,2026-05-01 13:17:00+00:00,4592.284995,4582.60755,4584.9,4607.054985000001,-1.7033839351537634,sl,7.384995000000345,14.76999000000069
2026-05-01 13:34:00+00:00,2026-05-01 14:00:00+00:00,4597.387545,4621.790583682499,4584.03,4624.102634999999,1.3701184391809975,tp,13.357544999999845,26.71508999999969
2026-05-01 14:13:00+00:00,2026-05-04 01:07:00+00:00,4652.335005,4591.453125,4593.75,4769.505015,-6.254099167696376,sl,58.58500499999991,117.17000999999982
2026-05-04 01:52:00+00:00,2026-05-04 02:28:00+00:00,4602.500099999999,4585.92589,4588.22,4631.060299999997,-2.320746945409538,sl,14.280099999999038,28.560199999998076
2026-05-04 03:14:00+00:00,2026-05-04 03:39:00+00:00,4607.80275,4596.460620000001,4598.76,4625.888249999999,-1.84821057153884,sl,9.042749999999614,18.08549999999923
2026-05-04 03:47:00+00:00,2026-05-04 04:22:00+00:00,4608.373035,4600.01884,4602.32,4620.479104999999,-1.5792604237123133,sl,6.053034999999909,12.106069999999818
2026-05-04 05:20:00+00:00,2026-05-04 05:24:00+00:00,4606.9023,4598.4996,4600.8,4619.106899999999,-1.5835568928112913,sl,6.102299999999559,12.204599999999118
2026-05-04 07:46:00+00:00,2026-05-04 07:53:00+00:00,4584.260985,4575.780965,4578.07,4596.642955,-1.5939617586249888,sl,6.1909850000001825,12.381970000000365
2026-05-04 08:41:00+00:00,2026-05-04 09:58:00+00:00,4577.977844999999,4567.7249950000005,4570.01,4593.913534999998,-1.7549276082420127,sl,7.967844999999215,15.93568999999843
2026-05-04 10:30:00+00:00,2026-05-04 15:21:00+00:00,4544.381055,4520.35869,4522.62,4587.903165,-3.0147795693197903,sl,21.761054999999942,43.522109999999884
2026-05-04 17:18:00+00:00,2026-05-05 13:09:00+00:00,4528.18296,4570.26260556,4506.0,4572.54888,3.0147818612831556,tp,22.182960000000094,44.36592000000019
2026-05-05 13:18:00+00:00,2026-05-05 16:25:00+00:00,4577.60766,4552.372675,4554.65,4623.52298,-3.108485750637402,sl,22.957660000000033,45.915320000000065
2026-05-05 16:52:00+00:00,2026-05-05 17:09:00+00:00,4552.945334999999,4545.396165,4547.67,4563.496004999998,-1.5134405933382071,sl,5.275334999999359,10.550669999998718
2026-05-05 17:37:00+00:00,2026-05-05 19:15:00+00:00,4556.407064999999,4546.10581,4548.38,4572.461194999998,-1.7623519330364634,sl,8.027064999999311,16.054129999998622
2026-05-05 19:50:00+00:00,2026-05-05 19:52:00+00:00,4551.294510000001,4544.716505,4546.99,4559.903530000002,-1.4248920019258193,sl,4.304510000000846,8.609020000001692
2026-05-05 20:26:00+00:00,2026-05-05 21:58:00+00:00,4551.504614999999,4544.54659,4546.82,4560.873844999997,-1.4591238142356733,sl,4.684614999999212,9.369229999998424
2026-05-05 22:56:00+00:00,2026-05-06 01:47:00+00:00,4564.2309749999995,4613.005268537499,4538.69,4615.312924999999,3.58823197497108,tp,25.54097499999989,51.08194999999978
2026-05-06 02:09:00+00:00,2026-05-06 03:14:00+00:00,4621.8297600000005,4635.550345360001,4613.81,4637.869280000001,0.39958251360054764,tp,8.019760000000133,16.039520000000266
2026-05-06 03:40:00+00:00,2026-05-06 03:57:00+00:00,4642.770224999999,4631.3031900000005,4633.62,4661.070674999998,-1.8486270325887224,sl,9.15022499999941,18.30044999999882
2026-05-06 04:16:00+00:00,2026-05-06 06:01:00+00:00,4639.368525,4650.399212212501,4632.69,4652.725575,0.15524489257470075,tp,6.678525000000263,13.357050000000527
2026-05-06 06:32:00+00:00,2026-05-06 07:15:00+00:00,4657.847760000001,4643.627025,4645.95,4681.643280000002,-2.0892888516225523,sl,11.897760000000744,23.79552000000149
2026-05-06 07:45:00+00:00,2026-05-06 08:50:00+00:00,4661.179425,4676.9186458625,4652.14,4679.258275,0.5680104445380656,tp,9.039424999999937,18.078849999999875
2026-05-06 09:01:00+00:00,2026-05-06 12:15:00+00:00,4695.2264399999995,4659.259205,4661.59,4762.499319999998,-3.992782477332609,sl,33.63643999999931,67.27287999999862
2026-05-06 13:01:00+00:00,2026-05-06 13:08:00+00:00,4676.51709,4664.64651,4666.98,4695.591270000002,-1.8752967017404494,sl,9.537090000000717,19.074180000001434
2026-05-06 13:34:00+00:00,2026-05-06 16:58:00+00:00,4685.58162,4667.98484,4670.32,4716.10486,-2.377488840344498,sl,15.261620000000221,30.523240000000442
2026-05-06 17:55:00+00:00,2026-05-06 19:05:00+00:00,4671.684675,4678.313697987502,4667.2,4680.654025000002,-0.24068211411003992,tp,4.484675000000607,8.969350000001214
2026-05-06 20:14:00+00:00,2026-05-06 20:31:00+00:00,4688.513085,4678.209725000001,4680.55,4704.439254999998,-1.7336089251107754,sl,7.96308499999941,15.92616999999882
2026-05-06 20:55:00+00:00,2026-05-07 01:01:00+00:00,4682.34,4672.36265,4674.7,4697.620000000001,-1.7057052669496442,sl,7.640000000000327,15.280000000000655
2026-05-07 01:04:00+00:00,2026-05-07 01:12:00+00:00,4682.80023,4696.051489654999,4675.0,4698.4006899999995,0.3415661106295199,tp,7.800229999999829,15.600459999999657
2026-05-07 01:41:00+00:00,2026-05-07 02:30:00+00:00,4706.8122299999995,4688.824415,4691.17,4738.0966899999985,-2.4031372581373134,sl,15.642229999999472,31.284459999998944
2026-05-07 02:48:00+00:00,2026-05-07 03:57:00+00:00,4698.358005,4686.4556,4688.8,4717.474015,-1.8709566437817102,sl,9.558004999999866,19.116009999999733
2026-05-07 04:41:00+00:00,2026-05-07 06:27:00+00:00,4688.32299,4699.717935514999,4681.45,4702.068969999999,0.17672651617795776,tp,6.872989999999845,13.74597999999969
2026-05-07 07:08:00+00:00,2026-05-07 08:19:00+00:00,4732.40502,4721.19822,4723.56,4750.09506,-1.8024311993058855,sl,8.84501999999975,17.6900399999995
2026-05-07 09:11:00+00:00,2026-05-07 16:08:00+00:00,4728.933284999999,4707.714965,4710.07,4766.659854999998,-2.675744747404594,sl,18.86328499999945,37.7265699999989
2026-05-07 16:55:00+00:00,2026-05-07 17:18:00+00:00,4712.104875,4701.458095000001,4703.81,4728.694624999999,-1.7566677047848862,sl,8.294874999999593,16.589749999999185
2026-05-07 17:57:00+00:00,2026-05-07 18:50:00+00:00,4703.3505,4689.97384,4692.32,4725.411499999999,-1.9972348946103926,sl,11.030499999999847,22.060999999999694
2026-05-07 19:39:00+00:00,2026-05-07 20:53:00+00:00,4707.062355,4689.424115000001,4691.77,4737.647064999999,-2.368866832189963,sl,15.292354999999588,30.584709999999177
2026-05-07 21:14:00+00:00,2026-05-07 21:34:00+00:00,4690.954304999999,4677.66,4680.0,4712.862914999998,-1.9920421965544954,sl,10.954304999999295,21.90860999999859
2026-05-07 22:02:00+00:00,2026-05-07 22:45:00+00:00,4685.331494999999,4675.760950000001,4678.1,4699.794484999998,-1.6656617715200457,sl,7.231494999999086,14.462989999998172
2026-05-07 23:10:00+00:00,2026-05-08 01:01:00+00:00,4686.802229999999,4701.274876654998,4678.39,4703.626689999997,0.447124819057659,tp,8.412229999999,16.824459999998
2026-05-08 01:50:00+00:00,2026-05-08 07:23:00+00:00,4713.03534,4695.900875,4698.25,4742.606020000001,-2.321296654969733,sl,14.78534000000036,29.57068000000072
2026-05-08 08:17:00+00:00,2026-05-08 12:10:00+00:00,4707.3525,4696.650500000001,4699.0,4724.0575,-1.7599546606714078,sl,8.352499999999964,16.704999999999927
2026-05-08 12:32:00+00:00,2026-05-08 12:44:00+00:00,4705.211429999999,4717.634292854999,4697.82,4719.994289999999,0.2626662606058001,tp,7.391429999999673,14.782859999999346
2026-05-08 12:55:00+00:00,2026-05-08 12:59:00+00:00,4723.46055,4709.034305000001,4711.39,4747.601649999999,-2.0809457300487386,sl,12.070549999999457,24.141099999998914
2026-05-08 13:31:00+00:00,2026-05-08 14:53:00+00:00,4727.532585,4705.436105,4707.79,4767.017755,-2.7469179887496455,sl,19.742584999999963,39.485169999999925
2026-05-08 15:07:00+00:00,2026-05-08 15:12:00+00:00,4713.985815,4704.6465,4707.0,4727.957445,-1.6383852940801962,sl,6.985815000000002,13.971630000000005
2026-05-08 15:30:00+00:00,2026-05-08 15:30:00+00:00,4707.362505,4703.746950000001,4706.1,4709.887514999999,-1.1391690246756614,sl,1.2625049999996918,2.5250099999993836
2026-05-08 15:37:00+00:00,2026-05-08 15:45:00+00:00,4708.9933200000005,4694.5615450000005,4696.91,4733.159960000002,-2.0833660452067053,sl,12.08332000000064,24.16664000000128
2026-05-08 16:01:00+00:00,2026-05-10 17:45:00+00:00,4705.2214349999995,4720.902672847499,4696.2,4723.264304999999,0.5470382664993635,tp,9.021434999999656,18.04286999999931
2026-05-10 21:03:00+00:00,2026-05-10 21:43:00+00:00,4707.85275,4698.099775,4700.45,4722.65825,-1.6747105390099957,sl,7.4027500000001965,14.805500000000393
2026-05-10 22:00:00+00:00,2026-05-10 22:00:00+00:00,4705.19142,4697.659995000001,4700.01,4715.55426,-1.480786338304749,sl,5.181419999999889,10.362839999999778
2026-05-10 22:29:00+00:00,2026-05-11 00:13:00+00:00,4690.374014999999,4674.80143,4677.14,4716.842044999998,-2.1871313456843415,sl,13.23401499999909,26.46802999999818
2026-05-11 01:23:00+00:00,2026-05-11 01:58:00+00:00,4699.218435,4674.90138,4677.24,4743.175305,-2.9484919434029573,sl,21.97843499999999,43.95686999999998
2026-05-11 02:31:00+00:00,2026-05-11 02:50:00+00:00,4688.733195,4676.870395,4679.21,4707.779584999999,-1.8612963519081431,sl,9.52319499999976,19.04638999999952
2026-05-11 03:29:00+00:00,2026-05-11 03:38:00+00:00,4686.68217,4675.790935,4678.13,4703.78651,-1.7762104865379684,sl,8.552169999999933,17.104339999999866
2026-05-11 04:47:00+00:00,2026-05-11 05:43:00+00:00,4672.03485,4662.117775,4664.45,4687.20455,-1.6932219502187844,sl,7.584850000000188,15.169700000000375
2026-05-11 06:31:00+00:00,2026-05-11 09:24:00+00:00,4669.17342,4658.019825,4660.35,4686.8202599999995,-1.802099274847698,sl,8.823419999999714,17.64683999999943
2026-05-11 10:10:00+00:00,2026-05-11 12:21:00+00:00,4660.879275,4671.061126087501,4654.62,4673.397825000001,0.07490007031314982,tp,6.259275000000343,12.518550000000687
2026-05-11 12:32:00+00:00,2026-05-11 23:52:00+00:00,4693.50558,4748.741181630001,4664.7,4751.11674,4.007613881739308,tp,28.80558000000019,57.61116000000038
2026-05-12 00:18:00+00:00,2026-05-12 00:23:00+00:00,4763.740679999999,4746.385620000001,4748.76,4793.7020399999965,-2.3175777201371366,sl,14.980679999998756,29.961359999997512
2026-05-12 02:11:00+00:00,2026-05-12 02:30:00+00:00,4726.74219,4713.292175,4715.65,4748.9265700000005,-1.989550187301075,sl,11.0921900000003,22.1843800000006
2026-05-12 02:45:00+00:00,2026-05-12 03:26:00+00:00,4724.070855,4713.38213,4715.74,4740.732565,-1.7498862600719178,sl,8.330855000000156,16.661710000000312
2026-05-12 04:16:00+00:00,2026-05-12 04:52:00+00:00,4717.547594999999,4706.735455,4709.09,4734.462784999997,-1.7615292230166493,sl,8.457594999998946,16.915189999997892
2026-05-12 05:31:00+00:00,2026-05-12 06:00:00+00:00,4713.665655,4698.369640000001,4700.72,4739.556964999999,-2.1520826071150467,sl,12.945654999999533,25.891309999999066
2026-05-12 06:47:00+00:00,2026-05-12 06:50:00+00:00,4698.4980749999995,4686.11577,4688.46,4718.5742249999985,-1.901530523210816,sl,10.03807499999948,20.07614999999896
2026-05-12 07:35:00+00:00,2026-05-12 13:16:00+00:00,4694.916284999999,4676.6605,4679.0,4726.748854999998,-2.4147732044779406,sl,15.916284999999334,31.832569999998668
2026-05-12 14:14:00+00:00,2026-05-12 14:33:00+00:00,4692.214935,4669.94386,4672.28,4732.084805,-2.7656847811876797,sl,19.934935000000223,39.86987000000045
2026-05-12 15:46:00+00:00,2026-05-15 00:25:00+00:00,4667.222445,4635.690995000001,4638.01,4725.647335000001,-3.58804481005297,sl,29.212445000000116,58.42489000000023
2026-05-15 01:00:00+00:00,2026-05-15 01:06:00+00:00,4630.103894999999,4614.6915,4617.0,4656.311684999998,-2.18299827991645,sl,13.103894999999284,26.207789999998568
2026-05-15 01:43:00+00:00,2026-05-15 01:53:00+00:00,4621.479585,4605.25622,4607.56,4649.318754999999,-2.256801458981721,sl,13.919584999999643,27.839169999999285
2026-05-15 02:10:00+00:00,2026-05-15 02:15:00+00:00,4616.877285,4605.925885,4608.23,4634.171855,-1.7902486183265227,sl,8.64728500000001,17.29457000000002
2026-05-15 02:52:00+00:00,2026-05-15 03:34:00+00:00,4618.44807,4603.697,4606.0,4643.344210000001,-2.1261828399807756,sl,12.44807000000037,24.89614000000074
2026-05-15 03:39:00+00:00,2026-05-15 04:22:00+00:00,4614.436065,4605.19625,4607.5,4628.308195,-1.6381653001783985,sl,6.936064999999871,13.872129999999743
2026-05-15 06:16:00+00:00,2026-05-15 08:17:00+00:00,4574.476094999999,4555.2212500000005,4557.5,4608.428284999997,-2.5404539081186863,sl,16.976094999999077,33.952189999998154
2026-05-15 08:43:00+00:00,2026-05-15 09:02:00+00:00,4566.292005,4551.723,4554.0,4590.876015000001,-2.1231602374188894,sl,12.292005000000245,24.58401000000049
2026-05-15 10:06:00+00:00,2026-05-15 13:37:00+00:00,4555.596659999999,4533.732,4536.0,4594.789979999998,-2.7803196049068424,sl,19.596659999999247,39.193319999998494
2026-05-15 14:13:00+00:00,2026-05-16 07:14:00+00:00,4551.904815,4528.504615000001,4530.77,4594.174444999999,-2.9188165200889387,sl,21.134814999999435,42.26962999999887
2026-05-16 08:33:00+00:00,2026-05-16 09:17:00+00:00,4539.78876,4532.89242,4535.16,4549.046280000001,-1.4383463464912252,sl,4.628760000000511,9.257520000001023
2026-05-16 09:40:00+00:00,2026-05-16 10:07:00+00:00,4536.14694,4528.17478,4530.44,4547.56082,-1.5354554860629817,sl,5.706940000000031,11.413880000000063
2026-05-16 14:32:00+00:00,2026-05-17 06:05:00+00:00,4532.244989999999,4524.366685,4526.63,4543.4749699999975,-1.5273288583769387,sl,5.614989999999125,11.22997999999825
2026-05-17 07:22:00+00:00,2026-05-17 22:05:00+00:00,4534.155945,4546.333531082501,4526.93,4548.607835000001,0.27915153804254944,tp,7.225945000000138,14.451890000000276
2026-05-17 22:39:00+00:00,2026-05-17 23:07:00+00:00,4552.765245,4536.35069,4538.62,4581.055734999999,-2.2894122206334475,sl,14.145244999999704,28.29048999999941
2026-05-17 23:54:00+00:00,2026-05-18 00:02:00+00:00,4544.961345,4529.09432,4531.36,4572.164035,-2.242125780552229,sl,13.601345000000038,27.202690000000075
2026-05-18 00:57:00+00:00,2026-05-18 07:30:00+00:00,4503.820785,4549.146643822499,4480.02,4551.422354999999,3.2897037900517128,tp,23.80078499999945,47.6015699999989
2026-05-18 07:57:00+00:00,2026-05-18 10:14:00+00:00,4547.142435,4533.702015000001,4535.97,4569.487304999999,-2.0238801146255545,sl,11.172434999999496,22.34486999999899
2026-05-18 10:44:00+00:00,2026-05-18 11:09:00+00:00,4541.64969,4529.034350000001,4531.3,4562.34907,-1.9506947295529593,sl,10.34969000000001,20.69938000000002
2026-05-18 11:34:00+00:00,2026-05-18 12:43:00+00:00,4543.3505399999995,4564.688134189999,4531.54,4566.971619999998,1.099394948198769,tp,11.810539999999492,23.621079999998983
2026-05-18 13:01:00+00:00,2026-05-18 13:10:00+00:00,4575.876795,4559.768975000001,4562.05,4603.530385,-2.2534732891389195,sl,13.826794999999947,27.653589999999895
2026-05-18 13:15:00+00:00,2026-05-18 14:04:00+00:00,4569.04338,4559.768975000001,4562.05,4583.03014,-1.6448504649005486,sl,6.993379999999888,13.986759999999776
2026-05-18 15:55:00+00:00,2026-05-18 16:28:00+00:00,4543.89081,4534.831450000001,4537.1,4557.472429999999,-1.629798661635279,sl,6.79080999999951,13.58161999999902
2026-05-18 16:48:00+00:00,2026-05-18 18:15:00+00:00,4547.15244,4539.42915,4541.7,4558.05732,-1.5090675136365839,sl,5.452440000000024,10.904880000000048
2026-05-18 19:02:00+00:00,2026-05-19 04:15:00+00:00,4553.53563,4535.571080000001,4537.84,4584.926890000001,-2.4248269009137475,sl,15.695630000000165,31.39126000000033
2026-05-19 05:11:00+00:00,2026-05-19 05:21:00+00:00,4545.921824999999,4535.23125,4537.5,4562.765474999998,-1.7745863637130794,sl,8.421824999999444,16.84364999999889
2026-05-19 05:41:00+00:00,2026-05-19 10:43:00+00:00,4542.930329999999,4527.265235,4529.53,4569.730989999998,-2.221063417808015,sl,13.400329999999485,26.80065999999897
2026-05-19 11:00:00+00:00,2026-05-19 13:04:00+00:00,4544.99136,4523.9069150000005,4526.17,4582.63408,-2.705603680469555,sl,18.821359999999913,37.64271999999983
2026-05-19 13:51:00+00:00,2026-05-20 01:30:00+00:00,4497.6476999999995,4474.92142,4477.16,4538.623099999999,-2.8732654013605754,sl,20.487699999999677,40.975399999999354
2026-05-20 02:23:00+00:00,2026-05-20 02:31:00+00:00,4489.06341,4478.3497050000005,4480.59,4506.010229999999,-1.7867288128610455,sl,8.473409999999603,16.946819999999207
2026-05-20 03:04:00+00:00,2026-05-20 03:05:00+00:00,4473.185474999999,4462.7675,4465.0,4489.556424999998,-1.7628753890778972,sl,8.185474999999315,16.37094999999863
2026-05-20 03:38:00+00:00,2026-05-20 10:22:00+00:00,4471.644705,4492.6866479425,4460.0,4494.934114999999,1.1002445030655912,tp,11.644704999999703,23.289409999999407
2026-05-20 10:36:00+00:00,2026-05-20 13:28:00+00:00,4500.8493,4490.083835,4492.33,4517.8879,-1.7883288456076123,sl,8.51929999999993,17.03859999999986
2026-05-20 14:17:00+00:00,2026-05-20 15:15:00+00:00,4501.4996249999995,4533.890795562498,4484.17,4536.158874999998,2.113371844895079,tp,17.329624999999396,34.65924999999879
2026-05-20 15:37:00+00:00,2026-05-20 15:57:00+00:00,4537.237485,4524.39667,4526.66,4558.392454999999,-1.9667654824803846,sl,10.577484999999797,21.154969999999594
2026-05-20 16:42:00+00:00,2026-05-20 19:39:00+00:00,4530.083909999999,4542.339424134999,4522.82,4544.611729999999,0.2862129987040588,tp,7.263909999999669,14.527819999999338
2026-05-20 20:11:00+00:00,2026-05-20 20:16:00+00:00,4547.762744999999,4539.48912,4541.76,4559.768234999997,-1.555018956619695,sl,6.002744999998868,12.005489999997735
2026-05-20 21:04:00+00:00,2026-05-20 21:05:00+00:00,4542.710219999999,4536.980375,4539.25,4549.630659999997,-1.3277164423916754,sl,3.460219999999026,6.920439999998052
2026-05-20 22:01:00+00:00,2026-05-20 22:03:00+00:00,4543.600665,4536.980375,4539.25,4552.301995,-1.4071219007397513,sl,4.350664999999935,8.70132999999987
2026-05-20 23:38:00+00:00,2026-05-21 00:26:00+00:00,4541.019375,4532.23275,4534.5,4554.058125,-1.6012465178250264,sl,6.5193749999998545,13.038749999999709
2026-05-21 00:53:00+00:00,2026-05-21 02:30:00+00:00,4545.2715,4531.103315,4533.37,4569.0745,-2.0816569961754956,sl,11.901499999999942,23.802999999999884
2026-05-21 03:10:00+00:00,2026-05-21 03:35:00+00:00,4534.506119999999,4526.505615000001,4528.77,4545.978359999996,-1.5311729723670608,sl,5.736119999998664,11.472239999997328
2026-05-21 04:12:00+00:00,2026-05-21 05:08:00+00:00,4532.00487,4525.03635,4527.3,4541.414609999999,-1.4387249619550366,sl,4.704869999999573,9.409739999999147
2026-05-21 05:55:00+00:00,2026-05-21 07:23:00+00:00,4526.001869999999,4512.7425,4515.0,4548.005609999997,-2.0041559698169746,sl,11.001869999999144,22.003739999998288
2026-05-21 07:51:00+00:00,2026-05-21 08:16:00+00:00,4518.51813,4528.568972805002,4512.36,4530.834390000002,0.09034478920294509,tp,6.15813000000071,12.31626000000142
2026-05-21 08:30:00+00:00,2026-05-21 08:34:00+00:00,4533.375555,4523.487125000001,4525.75,4548.626664999999,-1.6996345735898204,sl,7.625554999999622,15.251109999999244
2026-05-21 09:07:00+00:00,2026-05-21 10:25:00+00:00,4532.975355,4520.81846,4523.08,4552.766064999999,-1.9026398738527366,sl,9.895354999999654,19.790709999999308
2026-05-21 11:04:00+00:00,2026-05-21 11:34:00+00:00,4518.468105,4506.68553,4508.94,4537.524315000001,-1.872048148563815,sl,9.528105000000323,19.056210000000647
2026-05-21 12:10:00+00:00,2026-05-21 12:16:00+00:00,4517.51763,4506.70552,4508.96,4534.632890000001,-1.7846172600434964,sl,8.557630000000245,17.11526000000049
2026-05-21 13:44:00+00:00,2026-05-21 13:44:00+00:00,4502.75025,4495.850950000001,4498.1,4512.050749999999,-1.4346637555714326,sl,4.650249999999687,9.300499999999374
2026-05-21 13:49:00+00:00,2026-05-21 17:16:00+00:00,4504.150949999999,4532.165633574998,4489.01,4534.432849999997,1.7118173371709695,tp,15.140949999999066,30.28189999999813
2026-05-21 17:32:00+00:00,2026-05-22 05:57:00+00:00,4544.95134,4511.093325000001,4513.35,4608.154019999998,-3.836837143141632,sl,31.601339999999254,63.20267999999851
2026-05-22 06:24:00+00:00,2026-05-22 14:00:00+00:00,4522.620179999999,4503.537105,4505.79,4556.280539999997,-2.5243919650828075,sl,16.830179999999018,33.660359999998036
2026-05-22 14:33:00+00:00,2026-05-23 20:45:00+00:00,4500.16896,4522.24462656,4488.0,4524.50688,1.1777493480982,tp,12.16895999999997,24.33791999999994
2026-05-23 21:12:00+00:00,2026-05-23 21:25:00+00:00,4529.0133749999995,4519.41916,4521.68,4543.680124999998,-1.6715905392080652,sl,7.333374999999251,14.666749999998501
2026-05-23 22:02:00+00:00,2026-05-24 00:38:00+00:00,4521.2895149999995,4532.421200727498,4514.59,4534.688544999998,0.18660124173599613,tp,6.699514999999337,13.399029999998675
2026-05-24 01:16:00+00:00,2026-05-24 12:16:00+00:00,4542.83028,4531.703015,4533.97,4560.55084,-1.8055521000710346,sl,8.860279999999875,17.72055999999975
2026-05-24 13:20:00+00:00,2026-05-24 13:38:00+00:00,4536.006869999999,4527.735000000001,4530.0,4548.020609999998,-1.5513700467512468,sl,6.006869999999253,12.013739999998506
2026-05-24 16:05:00+00:00,2026-05-24 17:19:00+00:00,4526.262,4519.049345,4521.31,4536.165999999998,-1.457784958714414,sl,4.951999999999316,9.903999999998632
2026-05-24 17:59:00+00:00,2026-05-24 18:25:00+00:00,4523.350545,4517.150295,4519.41,4531.231635000001,-1.3672094361110276,sl,3.940545000000384,7.881090000000768
2026-05-24 20:19:00+00:00,2026-05-24 22:00:00+00:00,4522.36005,4530.8136099250005,4517.0,4533.080150000001,-0.05379255779349679,tp,5.3600500000002285,10.720100000000457
2026-05-24 22:32:00+00:00,2026-05-25 06:05:00+00:00,4555.3265249999995,4543.637045,4545.91,4574.159574999999,-1.8514642981613512,sl,9.416524999999638,18.833049999999275
2026-05-25 06:25:00+00:00,2026-05-25 11:45:00+00:00,4551.77475,4565.4803678749995,4543.78,4567.764249999999,0.40887518705444303,tp,7.99474999999984,15.98949999999968
2026-05-25 13:08:00+00:00,2026-05-25 13:17:00+00:00,4565.04138,4553.332195,4555.61,4583.90414,-1.850671371616694,sl,9.43137999999999,18.86275999999998
2026-05-25 13:36:00+00:00,2026-05-25 13:47:00+00:00,4561.349534999999,4553.04234,4555.32,4573.408604999999,-1.5489269485335273,sl,6.029534999999669,12.059069999999338
2026-05-25 14:04:00+00:00,2026-05-25 23:33:00+00:00,4561.369545,4552.752485,4555.03,4574.048634999999,-1.5761446167425892,sl,6.339544999999816,12.679089999999633
2026-05-25 23:55:00+00:00,2026-05-26 00:00:00+00:00,4556.03688,4546.3257,4548.6,4570.910639999998,-1.6739888626508947,sl,7.436879999999292,14.873759999998583
2026-05-26 01:54:00+00:00,2026-05-26 04:45:00+00:00,4529.853795,4518.949395000001,4521.21,4547.141385,-1.7852867317750638,sl,8.643794999999955,17.28758999999991
2026-05-26 05:06:00+00:00,2026-05-26 05:52:00+00:00,4526.772255,4518.739500000001,4521.0,4538.316765,-1.5287589919559301,sl,5.772254999999859,11.544509999999718
2026-05-26 06:21:00+00:00,2026-05-26 06:28:00+00:00,4530.42408,4522.827455000001,4525.09,4541.092239999999,-1.4889294023838433,sl,5.334079999999631,10.668159999999261
2026-05-26 07:49:00+00:00,2026-05-26 08:29:00+00:00,4530.10392,4517.740000000001,4520.0,4550.311759999999,-1.9145486899702668,sl,10.103919999999562,20.207839999999123
2026-05-26 09:20:00+00:00,2026-05-26 09:23:00+00:00,4525.011375,4517.490125,4519.75,4535.534125,-1.4823764853772639,sl,5.261375000000044,10.522750000000087
2026-05-26 09:28:00+00:00,2026-05-26 09:32:00+00:00,4525.48161,4514.30172,4516.56,4543.324829999999,-1.809044803312625,sl,8.921609999999419,17.843219999998837
2026-05-26 10:08:00+00:00,2026-05-26 11:35:00+00:00,4523.390565,4509.8739350000005,4512.13,4545.911694999999,-2.018010341976705,sl,11.260564999999588,22.521129999999175
2026-05-26 12:43:00+00:00,2026-05-26 16:14:00+00:00,4511.9948699999995,4498.5496,4500.8,4534.384609999998,-2.014164374716338,sl,11.194869999999355,22.38973999999871
2026-05-26 16:31:00+00:00,2026-05-26 17:29:00+00:00,4510.264005,4498.22976,4500.48,4529.832015000001,-1.8876736346506637,sl,9.784005000000434,19.568010000000868
2026-05-26 18:48:00+00:00,2026-05-27 07:35:00+00:00,4501.0193850000005,4482.467645000001,4484.71,4533.6381550000015,-2.474588931125457,sl,16.309385000000475,32.61877000000095
2026-05-27 08:02:00+00:00,2026-05-27 10:32:00+00:00,4488.16296,4473.5221200000005,4475.76,4512.9688799999985,-2.126582702075487,sl,12.402959999999439,24.805919999998878
2026-05-27 12:19:00+00:00,2026-05-27 13:06:00+00:00,4451.46462,4429.034375,4431.25,4491.893859999999,-2.84360113231176,sl,20.21461999999974,40.42923999999948
2026-05-27 13:33:00+00:00,2026-05-27 18:20:00+00:00,4429.953869999999,4457.6316791949985,4415.0,4459.861609999998,1.714187005113582,tp,14.95386999999937,29.90773999999874
2026-05-27 19:00:00+00:00,2026-05-27 19:12:00+00:00,4460.739255,4454.401685000001,4456.63,4468.957765000001,-1.3821581883774832,sl,4.109255000000303,8.218510000000606
2026-05-27 19:40:00+00:00,2026-05-27 19:56:00+00:00,4461.54966,4453.442165,4455.67,4473.308979999999,-1.5419864894749935,sl,5.879659999999603,11.759319999999207
2026-05-27 20:15:00+00:00,2026-05-27 21:44:00+00:00,4462.009889999999,4452.75251,4454.98,4476.069669999999,-1.6456445591167204,sl,7.029889999999796,14.059779999999591
2026-05-27 22:01:00+00:00,2026-05-27 23:08:00+00:00,4466.221995,4451.383195,4453.61,4491.445985,-2.148881209322484,sl,12.611995000000206,25.223990000000413
2026-05-28 00:46:00+00:00,2026-05-28 01:09:00+00:00,4456.30704,4443.55711,4445.78,4477.36112,-1.96216324697333,sl,10.527039999999943,21.054079999999885
2026-05-28 02:31:00+00:00,2026-05-28 02:38:00+00:00,4416.106949999999,4405.676060000001,4407.88,4432.560849999998,-1.7603637446887324,sl,8.226949999999306,16.45389999999861
2026-05-28 04:07:00+00:00,2026-05-28 04:20:00+00:00,4384.29105,4372.8125,4375.0,4402.873149999999,-1.8632629268182703,sl,9.291049999999814,18.582099999999627
2026-05-28 04:45:00+00:00,2026-05-28 09:21:00+00:00,4383.540675,4399.8809839875,4374.27,4402.082025,0.6957832270248081,tp,9.270674999999756,18.54134999999951
2026-05-28 09:51:00+00:00,2026-05-28 10:44:00+00:00,4402.630215,4392.52264,4394.72,4418.450645,-1.733028695267261,sl,7.91021499999988,15.82042999999976
2026-05-28 11:05:00+00:00,2026-05-28 12:54:00+00:00,4395.816809999999,4419.979334784998,4382.63,4422.190429999998,1.4088879931268643,tp,13.186809999999241,26.373619999998482
2026-05-28 13:46:00+00:00,2026-05-28 14:13:00+00:00,4430.584185,4451.505688722499,4419.01,4453.732554999999,1.096782200983328,tp,11.574184999999488,23.148369999998977
2026-05-28 14:44:00+00:00,2026-05-28 17:00:00+00:00,4468.603185,4503.2368102225,4450.16,4505.489555,2.318195833908735,tp,18.443185000000085,36.88637000000017
2026-05-28 17:56:00+00:00,2026-05-28 18:37:00+00:00,4503.8808149999995,4492.79248,4495.04,4521.562444999999,-1.8007144716737358,sl,8.840814999999566,17.68162999999913
2026-05-28 23:18:00+00:00,2026-05-28 23:40:00+00:00,4491.334545,4481.967895000001,4484.21,4505.583634999999,-1.6484875861524426,sl,7.124544999999671,14.249089999999342
2026-05-28 23:58:00+00:00,2026-05-29 01:09:00+00:00,4488.96336,4494.361774959999,4485.14,4496.610079999999,-0.3223342244124761,tp,3.8233599999994112,7.6467199999988225
2026-05-29 02:05:00+00:00,2026-05-29 02:30:00+00:00,4504.99137,4494.221765,4496.47,4522.034109999999,-1.7711021211239708,sl,8.521369999999479,17.042739999998958
2026-05-29 03:49:00+00:00,2026-05-29 04:57:00+00:00,4495.54665,4504.866390025,4489.76,4507.11995,0.02866253995739987,tp,5.786650000000009,11.573300000000017
2026-05-29 05:53:00+00:00,2026-05-29 09:46:00+00:00,4508.723235,4525.905620147501,4499.0,4528.169705000001,0.7292015059392238,tp,9.723235000000386,19.446470000000772
2026-05-29 10:28:00+00:00,2026-05-29 11:30:00+00:00,4527.872804999999,4519.39917,4521.66,4540.2984149999975,-1.5615816908491302,sl,6.212804999999207,12.425609999998414
2026-05-29 11:56:00+00:00,2026-05-29 12:02:00+00:00,4531.36455,4521.7979700000005,4524.06,4545.97365,-1.6579177322769438,sl,7.304549999999836,14.609099999999671
2026-05-29 13:00:00+00:00,2026-05-29 14:09:00+00:00,4520.01888,4541.424791679999,4508.18,4543.696639999998,1.1016945503005888,tp,11.838879999999335,23.67775999999867
2026-05-29 14:43:00+00:00,2026-05-29 14:53:00+00:00,4532.295015,4554.986412477499,4519.81,4557.265044999998,1.2109899214005364,tp,12.485014999999294,24.970029999998587
2026-05-29 16:34:00+00:00,2026-05-29 17:30:00+00:00,4562.6802,4550.573575,4552.85,4582.340599999999,-1.876620318718855,sl,9.830199999999422,19.660399999998845
2026-05-29 18:21:00+00:00,2026-05-29 18:45:00+00:00,4553.065395,4544.9064100000005,4547.18,4564.836184999998,-1.5290189510621186,sl,5.885394999999335,11.77078999999867
2026-05-29 19:08:00+00:00,2026-05-29 19:37:00+00:00,4550.1839549999995,4541.757985,4544.03,4562.491864999999,-1.5528289450996478,sl,6.153954999999769,12.307909999999538
2026-05-29 20:15:00+00:00,2026-05-29 20:31:00+00:00,4543.140434999999,4533.37218,4535.64,4558.141304999997,-1.6727122979931563,sl,7.500434999999015,15.00086999999803
2026-05-29 22:32:00+00:00,2026-05-30 04:14:00+00:00,4534.40607,4527.235250000001,4529.5,4544.21821,-1.4433129585094302,sl,4.90607,9.81214
2026-05-30 04:49:00+00:00,2026-05-30 19:19:00+00:00,4532.515125,4522.7375,4525.0,4547.545375,-1.6749283141810634,sl,7.515124999999898,15.030249999999796
2026-05-30 19:57:00+00:00,2026-05-30 21:00:00+00:00,4529.2635,4522.387675,4524.65,4538.490500000001,-1.4172548215308662,sl,4.613500000000386,9.227000000000771
2026-05-30 22:22:00+00:00,2026-05-30 22:40:00+00:00,4527.64269,4520.9783800000005,4523.24,4536.4480699999995,-1.3984188120623462,sl,4.402689999999893,8.805379999999786
2026-05-31 01:19:00+00:00,2026-05-31 02:21:00+00:00,4529.353545,4520.458640000001,4522.72,4542.620634999999,-1.5961629609460983,sl,6.633544999999685,13.26708999999937
2026-05-31 05:07:00+00:00,2026-05-31 07:48:00+00:00,4525.2615,4532.11730775,4520.7,4534.384499999999,-0.19596558992569224,tp,4.561499999999796,9.122999999999593
2026-05-31 10:09:00+00:00,2026-05-31 10:41:00+00:00,4538.268,4529.07433,4531.34,4552.124,-1.6207459275682317,sl,6.927999999999884,13.855999999999767
2026-05-31 11:51:00+00:00,2026-05-31 14:18:00+00:00,4535.396565,4529.3142100000005,4531.58,4543.029695,-1.3449498428676399,sl,3.8165650000000824,7.633130000000165
2026-05-31 16:08:00+00:00,2026-05-31 19:34:00+00:00,4534.476105,4528.49462,4530.76,4541.908314999999,-1.3358868634669845,sl,3.7161049999995157,7.432209999999031
2026-05-31 22:46:00+00:00,2026-06-01 01:08:00+00:00,4533.52563,4525.296220000001,4527.56,4545.4568899999995,-1.5351922461429222,sl,5.965629999999692,11.931259999999384
2026-06-01 01:22:00+00:00,2026-06-01 01:49:00+00:00,4532.295015,4520.468635,4522.73,4551.425045,-1.8542144503745939,sl,9.56501500000013,19.13003000000026
2026-06-01 02:11:00+00:00,2026-06-01 02:44:00+00:00,4527.32253,4515.501120000001,4517.76,4546.447590000001,-1.8544981603071635,sl,9.562530000000152,19.125060000000303
2026-06-01 03:30:00+00:00,2026-06-01 03:42:00+00:00,4515.8568000000005,4506.435655,4508.69,4530.190400000002,-1.6431114638531157,sl,7.166800000000876,14.333600000001752
2026-06-01 04:42:00+00:00,2026-06-01 04:46:00+00:00,4513.13544,4506.38568,4508.64,4522.126319999999,-1.405433021726195,sl,4.4954399999996895,8.990879999999379
2026-06-01 05:13:00+00:00,2026-06-01 06:20:00+00:00,4513.365554999999,4502.237755,4504.49,4531.116664999999,-1.7948703496698553,sl,8.875554999999622,17.751109999999244
2026-06-01 07:04:00+00:00,2026-06-01 07:41:00+00:00,4505.33154,4494.341705000001,4496.59,4522.81462,-1.7839356117290155,sl,8.741539999999986,17.483079999999973
2026-06-01 08:43:00+00:00,2026-06-01 09:32:00+00:00,4496.8473,4487.65505,4489.9,4510.741900000002,-1.6248587532363712,sl,6.947300000000723,13.894600000001446
2026-06-01 10:07:00+00:00,2026-06-01 13:11:00+00:00,4498.638195,4489.044355,4491.29,4513.334585000001,-1.660045198602588,sl,7.348195000000487,14.696390000000974
2026-06-01 15:05:00+00:00,2026-06-01 17:30:00+00:00,4463.160465,4480.460044302499,4453.39,4482.701394999999,0.7522873675114888,tp,9.770464999999604,19.540929999999207
2026-06-01 17:38:00+00:00,2026-06-02 01:01:00+00:00,4486.412085,4471.942910000001,4474.18,4510.876254999999,-2.098446852497108,sl,12.232084999999643,24.464169999999285
2026-06-02 01:08:00+00:00,2026-06-02 01:47:00+00:00,4484.771264999999,4470.32372,4472.56,4509.193794999997,-2.096436830215885,sl,12.211264999999003,24.422529999998005
2026-06-02 02:19:00+00:00,2026-06-02 04:06:00+00:00,4479.228494999999,4495.4366422574985,4470.0,4497.685484999998,0.6486166522622264,tp,9.228494999999384,18.45698999999877
2026-06-02 04:42:00+00:00,2026-06-02 07:13:00+00:00,4507.322534999999,4532.460241197498,4493.62,4534.727604999998,1.434597882843979,tp,13.702534999999443,27.405069999998886
2026-06-02 07:57:00+00:00,2026-06-02 07:57:00+00:00,4530.50412,4526.075830000001,4528.34,4534.8323599999985,-1.1957950324436826,sl,2.164119999999457,4.328239999998914
2026-06-02 09:15:00+00:00,2026-06-02 09:30:00+00:00,4529.913825,4517.989875,4520.25,4549.241474999999,-1.8596822825601937,sl,9.663824999999633,19.327649999999267
2026-06-02 10:11:00+00:00,2026-06-02 10:22:00+00:00,4528.18296,4518.589575000001,4520.85,4542.84888,-1.6531678235526268,sl,7.33295999999973,14.66591999999946
2026-06-02 10:48:00+00:00,2026-06-02 11:37:00+00:00,4528.503119999999,4519.109315,4521.37,4542.769359999998,-1.6350896193311781,sl,7.133119999999508,14.266239999999016
2026-06-02 11:56:00+00:00,2026-06-02 12:07:00+00:00,4526.98236,4518.99937,4521.26,4538.4270799999995,-1.510056226994596,sl,5.722359999999753,11.444719999999506
2026-06-02 12:22:00+00:00,2026-06-02 12:30:00+00:00,4528.202969999999,4517.430155,4519.69,4545.228909999999,-1.7566108631875261,sl,8.512969999999768,17.025939999999537
2026-06-02 14:12:00+00:00,2026-06-02 14:16:00+00:00,4504.89132,4494.17179,4496.42,4521.833959999999,-1.7564199606315571,sl,8.47131999999965,16.9426399999993
2026-06-02 14:45:00+00:00,2026-06-02 16:36:00+00:00,4504.41108,4484.946405,4487.19,4538.85324,-2.5342386053085173,sl,17.221080000000256,34.44216000000051
2026-06-02 18:27:00+00:00,2026-06-02 18:40:00+00:00,4490.894324999999,4481.408175,4483.65,4505.382974999999,-1.6484165191800435,sl,7.244324999999662,14.488649999999325
2026-06-02 19:54:00+00:00,2026-06-02 23:10:00+00:00,4487.332545,4475.171295,4477.41,4507.177635000001,-1.8875483601954364,sl,9.922545000000355,19.84509000000071
2026-06-02 23:58:00+00:00,2026-06-03 05:31:00+00:00,4472.365065,4454.301735,4456.53,4504.035195,-2.4192380191577465,sl,15.835065000000213,31.670130000000427
2026-06-03 06:18:00+00:00,2026-06-03 06:23:00+00:00,4465.71174,4456.210779999999,4458.44,4480.25522,-1.6532892591016202,sl,7.271740000000136,14.543480000000272
2026-06-03 07:04:00+00:00,2026-06-03 07:27:00+00:00,4463.41059,4452.01288,4454.24,4481.751770000002,-1.8234860236885226,sl,9.17059000000063,18.34118000000126
2026-06-03 07:52:00+00:00,2026-06-03 07:58:00+00:00,4459.128449999999,4449.044365000001,4451.27,4474.845349999997,-1.70616148879248,sl,7.858449999998811,15.716899999997622
2026-06-03 08:43:00+00:00,2026-06-03 08:45:00+00:00,4455.936855,4449.424175,4451.65,4464.5105650000005,-1.3857701205515938,sl,4.286855000000287,8.573710000000574
2026-06-03 10:06:00+00:00,2026-06-03 13:42:00+00:00,4449.733755,4435.86096,4438.08,4473.041265000001,-2.048016190843772,sl,11.653755000000274,23.307510000000548
2026-06-03 14:07:00+00:00,2026-06-03 15:23:00+00:00,4449.593685,4437.28025,4439.5,4469.7810549999995,-1.9073774376614798,sl,10.093684999999823,20.187369999999646
2026-06-03 15:51:00+00:00,2026-06-03 16:23:00+00:00,4441.65972,4431.513135,4433.73,4457.51916,-1.7138429929143788,sl,7.9297200000000885,15.859440000000177
2026-06-03 16:58:00+00:00,2026-06-03 17:31:00+00:00,4440.95937,4431.52313,4433.74,4455.398109999999,-1.6496795114209415,sl,7.219369999999799,14.438739999999598
2026-06-03 18:31:00+00:00,2026-06-03 20:33:00+00:00,4441.2195,4431.04337,4433.26,4457.1385,-1.7158720797065512,sl,7.9594999999999345,15.918999999999869
2026-06-03 21:06:00+00:00,2026-06-03 22:15:00+00:00,4435.076429999999,4426.42568,4428.64,4447.949289999997,-1.5793433412433857,sl,6.436429999998836,12.872859999997672
2026-06-03 22:54:00+00:00,2026-06-04 04:34:00+00:00,4438.958369999999,4470.6386724449985,4422.0,4472.875109999998,2.051376249915153,tp,16.958369999999377,33.916739999998754
2026-06-04 04:41:00+00:00,2026-06-04 06:47:00+00:00,4478.328045,4456.280745,4458.51,4517.964135,-2.767282872012003,sl,19.818044999999984,39.63608999999997
2026-06-04 07:05:00+00:00,2026-06-04 07:12:00+00:00,4466.6722199999995,4455.900935000001,4458.13,4483.756659999998,-1.7630221014089908,sl,8.54221999999936,17.08443999999872
2026-06-04 07:39:00+00:00,2026-06-04 07:44:00+00:00,4463.1104399999995,4453.59209,4455.82,4477.691319999999,-1.651284971223633,sl,7.290439999999762,14.580879999999524
2026-06-04 08:02:00+00:00,2026-06-04 08:14:00+00:00,4458.60819,4452.7725,4455.0,4465.82457,-1.322001756794743,sl,3.6081899999999223,7.216379999999845
2026-06-04 08:31:00+00:00,2026-06-04 08:49:00+00:00,4464.060915,4451.89294,4454.12,4483.942745,-1.8874488066556423,sl,9.940915000000132,19.881830000000264
2026-06-04 08:56:00+00:00,2026-06-04 11:25:00+00:00,4460.729249999999,4472.030616124998,4453.96,4474.267749999998,0.2121476318501173,tp,6.769249999999374,13.538499999998749
2026-06-04 11:46:00+00:00,2026-06-04 13:48:00+00:00,4488.903329999999,4510.353685004998,4477.05,4512.609989999997,1.1082305245726207,tp,11.853329999999005,23.70665999999801
2026-06-04 13:50:00+00:00,2026-06-04 13:53:00+00:00,4508.573159999999,4498.22976,4500.48,4524.759479999998,-1.7150205932447462,sl,8.093159999999443,16.186319999998886
2026-06-04 15:37:00+00:00,2026-06-04 18:39:00+00:00,4474.326045,4465.376195,4467.61,4487.758135,-1.5973554680015043,sl,6.716045000000122,13.432090000000244
2026-06-04 19:02:00+00:00,2026-06-04 21:35:00+00:00,4480.599179999999,4465.376195,4467.61,4506.577539999998,-2.1545906693729884,sl,12.989179999999578,25.978359999999157
2026-06-04 22:16:00+00:00,2026-06-04 22:54:00+00:00,4470.524144999999,4461.777995,4464.01,4483.552434999998,-1.5791069482226519,sl,6.514144999999189,13.028289999998378
2026-06-05 00:37:00+00:00,2026-06-05 01:25:00+00:00,4462.3200449999995,4445.915930000001,4448.14,4490.680134999998,-2.2647050173490815,sl,14.180044999999154,28.36008999999831
2026-06-05 01:55:00+00:00,2026-06-05 02:35:00+00:00,4446.72225,4433.891945,4436.11,4467.94675,-1.948744434795447,sl,10.612250000000131,21.224500000000262
2026-06-05 03:17:00+00:00,2026-06-05 06:16:00+00:00,4438.548164999999,4423.56711,4425.78,4464.084494999998,-2.143550451390964,sl,12.768164999999499,25.536329999998998
2026-06-05 06:25:00+00:00,2026-06-05 12:52:00+00:00,4438.31805,4420.598595,4422.81,4469.334149999999,-2.388932792606843,sl,15.508049999999457,31.016099999998914
2026-06-05 13:15:00+00:00,2026-06-05 13:30:00+00:00,4418.438114999999,4397.210295,4399.41,4456.494344999997,-2.711722342502157,sl,19.02811499999916,38.05622999999832
2026-06-05 14:52:00+00:00,2026-06-05 15:37:00+00:00,4367.02242,4341.538145,4343.71,4413.647260000001,-3.1215187457976965,sl,23.312420000000202,46.624840000000404
2026-06-05 16:49:00+00:00,2026-06-05 18:26:00+00:00,4334.9664,4321.348245,4323.51,4357.8792,-2.0477070852050585,sl,11.45640000000003,22.91280000000006
2026-06-05 18:57:00+00:00,2026-06-05 19:01:00+00:00,4324.34109,4312.96244,4315.12,4342.78327,-1.844127509336765,sl,9.221090000000004,18.442180000000008
2026-06-05 20:22:00+00:00,2026-06-05 22:01:00+00:00,4318.908375,4333.3773524375,4310.59,4335.545125,0.5364585093245858,tp,8.318374999999833,16.636749999999665
2026-06-05 23:54:00+00:00,2026-06-06 02:11:00+00:00,4323.7608,4316.2408,4318.4,4334.482400000001,-1.4888229908494794,sl,5.360800000000381,10.721600000000763
2026-06-06 02:48:00+00:00,2026-06-06 02:48:00+00:00,4321.349595,4318.8395,4321.0,4322.048784999999,-1.0276581996789589,sl,0.349594999999681,0.699189999999362
2026-06-06 05:36:00+00:00,2026-06-06 10:54:00+00:00,4306.222035,4289.854,4292.0,4334.666104999999,-2.308584704770041,sl,14.222034999999778,28.444069999999556
2026-06-06 11:18:00+00:00,2026-06-06 16:30:00+00:00,4297.937895,4288.8545,4291.0,4311.813685,-1.6367458321289536,sl,6.937895000000026,13.875790000000052
2026-06-06 17:01:00+00:00,2026-06-06 21:33:00+00:00,4294.476165,4289.814020000001,4291.96,4299.508495,-1.2277212161054203,sl,2.516165000000001,5.032330000000002
2026-06-06 22:12:00+00:00,2026-06-07 01:08:00+00:00,4293.695775,4298.9167913375,4290.01,4301.067325,-0.3124987205491252,tp,3.6857749999999214,7.371549999999843
2026-06-07 01:17:00+00:00,2026-06-07 08:32:00+00:00,4304.561205,4313.985543192499,4298.77,4316.143614999999,0.07449389231417225,tp,5.791204999999536,11.582409999999072
2026-06-07 08:35:00+00:00,2026-06-07 09:47:00+00:00,4317.97791,4310.593625,4312.75,4328.433729999999,-1.4757723308453463,sl,5.227909999999611,10.455819999999221
2026-06-07 10:24:00+00:00,2026-06-07 10:35:00+00:00,4315.566704999999,4309.394225,4311.55,4323.6001149999975,-1.36426649545317,sl,4.016704999999092,8.033409999998185
2026-06-07 11:49:00+00:00,2026-06-07 11:49:00+00:00,4313.695769999999,4309.394225,4311.55,4317.987309999998,-1.1919135140811419,sl,2.1457699999991746,4.291539999998349
2026-06-07 12:51:00+00:00,2026-06-07 12:56:00+00:00,4309.503675,4301.92796,4304.08,4320.351025,-1.4940115284738376,sl,5.423675000000003,10.847350000000006
2026-06-07 14:02:00+00:00,2026-06-07 21:43:00+00:00,4302.780315,4313.303214527501,4296.44,4315.460945000001,0.17623369447094472,tp,6.340315000000373,12.680630000000747
2026-06-07 22:01:00+00:00,2026-06-07 22:06:00+00:00,4322.30007,4301.90797,4304.06,4358.78021,-2.6697229442197568,sl,18.240069999999832,36.480139999999665
2026-06-07 22:15:00+00:00,2026-06-08 01:30:00+00:00,4327.612725,4301.30827,4303.46,4375.918175,-3.2091153283837173,sl,24.15272499999992,48.30544999999984
2026-06-08 01:44:00+00:00,2026-06-08 05:34:00+00:00,4320.5391899999995,4290.93346,4293.08,4375.457569999999,-3.515108874542442,sl,27.45918999999958,54.91837999999916
2026-06-08 05:52:00+00:00,2026-06-09 05:43:00+00:00,4289.873865,4339.250884202498,4264.1,4341.421594999998,3.772996175528508,tp,25.773864999999205,51.54772999999841
2026-06-09 06:50:00+00:00,2026-06-09 06:53:00+00:00,4334.796315,4327.365235,4329.53,4345.328944999999,-1.475389745382305,sl,5.2663149999998495,10.532629999999699
2026-06-09 08:13:00+00:00,2026-06-09 14:14:00+00:00,4328.913375,4310.58363,4312.74,4361.260125000001,-2.4753758315546053,sl,16.173375000000306,32.34675000000061
2026-06-09 16:26:00+00:00,2026-06-09 16:38:00+00:00,4262.19003,4247.9149800000005,4250.04,4286.490089999999,-2.1234164406120484,sl,12.150029999999788,24.300059999999576
2026-06-09 17:01:00+00:00,2026-06-09 22:49:00+00:00,4252.98543,4233.64212,4235.76,4287.436289999999,-2.5984731523332583,sl,17.225429999999506,34.45085999999901
2026-06-10 00:06:00+00:00,2026-06-10 00:32:00+00:00,4224.661275,4206.19585,4208.3,4257.383825000001,-2.527307805502944,sl,16.361275000000205,32.72255000000041
2026-06-10 00:57:00+00:00,2026-06-10 01:03:00+00:00,4211.24457,4194.96147,4197.06,4239.613709999999,-2.326579683038707,sl,14.18456999999944,28.36913999999888
2026-06-10 02:30:00+00:00,2026-06-10 02:32:00+00:00,4188.71331,4177.100405,4179.19,4207.759930000001,-1.8922529111130661,sl,9.523310000000492,19.046620000000985
2026-06-10 03:17:00+00:00,2026-06-10 03:20:00+00:00,4182.500204999999,4172.212850000001,4174.3,4198.900614999998,-1.767855322805406,sl,8.200204999999187,16.400409999998374
2026-06-10 03:35:00+00:00,2026-06-10 04:30:00+00:00,4181.6898,4171.9130000000005,4174.0,4197.0694,-1.7192833006948536,sl,7.689800000000105,15.37960000000021
2026-06-10 05:03:00+00:00,2026-06-10 05:04:00+00:00,4178.448179999999,4171.982965,4174.07,4187.204539999999,-1.4057342421055352,sl,4.378179999999702,8.756359999999404
2026-06-10 05:07:00+00:00,2026-06-10 05:33:00+00:00,4179.46869,4188.170936965,4174.07,4190.26607,0.03173474632258744,tp,5.398689999999988,10.797379999999976
2026-06-10 08:37:00+00:00,2026-06-10 08:45:00+00:00,4176.917415,4167.665125,4169.75,4191.252245,-1.6699442948974974,sl,7.167414999999892,14.334829999999783
2026-06-10 09:19:00+00:00,2026-06-10 09:29:00+00:00,4174.836375,4164.136890000001,4166.22,4192.069124999999,-1.8072707133143382,sl,8.616374999999607,17.232749999999214
2026-06-10 09:33:00+00:00,2026-06-10 09:53:00+00:00,4177.017465,4164.426745000001,4166.51,4198.032394999999,-1.9855448371313789,sl,10.507464999999684,21.014929999999367
2026-06-10 10:45:00+00:00,2026-06-10 11:03:00+00:00,4172.335125,4162.167875,4164.25,4188.505374999999,-1.7565346430326159,sl,8.085124999999607,16.170249999999214
2026-06-10 12:31:00+00:00,2026-06-10 13:20:00+00:00,4174.10601,4133.932,4136.0,4250.318030000001,-4.599855671836119,sl,38.106010000000424,76.21202000000085
2026-06-10 13:37:00+00:00,2026-06-10 14:55:00+00:00,4161.33963,4133.142395,4135.21,4213.598890000001,-3.4708477997174603,sl,26.12963000000036,52.25926000000072
2026-06-10 16:14:00+00:00,2026-06-10 17:30:00+00:00,4134.416175,4107.5452000000005,4109.6,4184.048525,-3.3599818331106333,sl,24.81617499999993,49.63234999999986
2026-06-10 18:01:00+00:00,2026-06-10 18:50:00+00:00,4122.090015,4103.4572450000005,4105.51,4155.250044999999,-2.576682098012948,sl,16.58001499999955,33.1600299999991
2026-06-10 19:41:00+00:00,2026-06-10 20:01:00+00:00,4095.48672,4083.2773400000005,4085.32,4115.820159999999,-1.9680230183181848,sl,10.166719999999714,20.333439999999428
2026-06-10 21:32:00+00:00,2026-06-10 22:01:00+00:00,4078.33815,4069.754105,4071.79,4091.43445,-1.6215041893891446,sl,6.548150000000078,13.096300000000156
2026-06-10 22:38:00+00:00,2026-06-10 23:12:00+00:00,4068.1930799999996,4036.9805,4039.0,4126.579239999999,-3.818984804856287,sl,29.193079999999554,58.38615999999956
2026-06-10 23:27:00+00:00,2026-06-11 17:33:00+00:00,4064.661315,4138.953433027499,4026.48,4141.023944999999,6.421735688383162,tp,38.18131499999981,76.36262999999917
2026-06-11 18:44:00+00:00,2026-06-11 19:17:00+00:00,4163.58075,4189.066668875001,4149.79,4191.16225,1.6265862646026485,tp,13.790750000000116,27.581500000000233
2026-06-11 19:31:00+00:00,2026-06-14 22:08:00+00:00,4207.852875,4300.567265687499,4160.42,4302.718624999999,7.911803340077501,tp,47.43287499999951,94.86574999999903
2026-06-14 23:47:00+00:00,2026-06-15 01:52:00+00:00,4289.793825,4310.864964262499,4278.18,4313.021474999999,1.150467198942923,tp,11.613824999999451,23.227649999998903
2026-06-15 01:54:00+00:00,2026-06-15 02:49:00+00:00,4315.266554999999,4326.055555167498,4308.79,4328.219664999998,0.19699361369688528,tp,6.47655499999928,12.95310999999856
2026-06-15 04:35:00+00:00,2026-06-15 05:37:00+00:00,4323.24054,4313.94195,4316.1,4337.521619999999,-1.642147214966929,sl,7.140539999999419,14.281079999998838
2026-06-15 06:26:00+00:00,2026-06-15 06:41:00+00:00,4305.83184,4295.721065,4297.87,4321.75552,-1.719816292761795,sl,7.961839999999938,15.923679999999877
2026-06-15 06:57:00+00:00,2026-06-15 08:03:00+00:00,4304.9514,4317.394422900001,4297.65,4319.5542000000005,0.3511470353366042,tp,7.301400000000285,14.60280000000057
2026-06-15 08:18:00+00:00,2026-06-15 11:30:00+00:00,4324.66125,4336.834248125001,4317.49,4339.003750000001,0.3212751244983927,tp,7.171250000000327,14.342500000000655
2026-06-15 12:07:00+00:00,2026-06-15 12:08:00+00:00,4333.135485,4325.836,4328.0,4343.406454999999,-1.4572781206792245,sl,5.13548499999979,10.27096999999958
2026-06-15 12:31:00+00:00,2026-06-15 17:34:00+00:00,4335.856844999999,4317.610115,4319.77,4368.030534999997,-2.4544510427017947,sl,16.086844999998902,32.173689999997805
2026-06-15 18:18:00+00:00,2026-06-15 19:51:00+00:00,4318.9684050000005,4307.6650899999995,4309.82,4337.265215000002,-1.8250100337593884,sl,9.148405000000821,18.296810000001642
2026-06-15 21:26:00+00:00,2026-06-15 22:25:00+00:00,4306.23204,4297.85,4300.0,4318.69612,-1.5596807239964388,sl,6.23203999999987,12.46407999999974
2026-06-15 22:42:00+00:00,2026-06-16 03:42:00+00:00,4305.761804999999,4318.205232292497,4298.46,4320.3654149999975,0.3506753376027204,tp,7.301804999999149,14.603609999998298
2026-06-16 05:03:00+00:00,2026-06-16 05:38:00+00:00,4318.89837,4310.593625,4312.75,4331.19511,-1.5501193594028924,sl,6.148369999999886,12.296739999999772
2026-06-16 05:53:00+00:00,2026-06-16 05:57:00+00:00,4314.906375,4307.6650899999995,4309.82,4325.079124999999,-1.453197812053304,sl,5.086374999999862,10.172749999999724
2026-06-16 06:35:00+00:00,2026-06-16 07:57:00+00:00,4314.23604,4323.22542594,4308.66,4325.38812,0.032236884712956604,tp,5.576039999999921,11.152079999999842
2026-06-16 08:08:00+00:00,2026-06-16 14:18:00+00:00,4329.28356,4317.370235,4319.53,4348.79068,-1.8767909468193629,sl,9.753560000000107,19.507120000000214
2026-06-16 15:16:00+00:00,2026-06-16 16:08:00+00:00,4321.69977,4334.371040345001,4314.28,4336.539310000001,0.36707826680325384,tp,7.419770000000426,14.839540000000852
2026-06-16 16:14:00+00:00,2026-06-16 17:13:00+00:00,4339.5687,4325.885975,4328.05,4362.606099999999,-2.034800771386542,sl,11.518699999999626,23.037399999999252
2026-06-16 17:52:00+00:00,2026-06-16 18:49:00+00:00,4335.056445,4327.984925,4330.15,4344.869335000001,-1.4337530314587403,sl,4.906445000000531,9.812890000001062
2026-06-16 21:44:00+00:00,2026-06-16 22:03:00+00:00,4328.993415,4322.347745,4324.51,4337.960244999999,-1.395581810392497,sl,4.483414999999695,8.96682999999939
2026-06-16 22:48:00+00:00,2026-06-17 00:00:00+00:00,4328.2630500000005,4320.048895,4322.21,4340.369150000001,-1.5383897155584845,sl,6.0530500000004395,12.106100000000879
2026-06-17 00:11:00+00:00,2026-06-17 04:27:00+00:00,4334.18601,4319.289275,4321.45,4359.658030000001,-2.145169139363771,sl,12.736010000000533,25.472020000001066
2026-06-17 05:31:00+00:00,2026-06-17 05:56:00+00:00,4325.751795,4315.62111,4317.78,4341.695385000001,-1.7127997093310876,sl,7.971795000000384,15.943590000000768
2026-06-17 06:15:00+00:00,2026-06-17 06:18:00+00:00,4323.52068,4314.30177,4316.46,4337.642039999999,-1.6297706762484405,sl,7.060679999999593,14.121359999999186
2026-06-17 06:43:00+00:00,2026-06-17 08:15:00+00:00,4323.130485,4313.672085,4315.83,4337.731454999999,-1.6513436458523374,sl,7.300484999999753,14.600969999999506
2026-06-17 09:27:00+00:00,2026-06-17 11:56:00+00:00,4326.7623,4312.62261,4314.78,4350.7269000000015,-2.076607891548485,sl,11.982300000000578,23.964600000001155
2026-06-17 12:24:00+00:00,2026-06-17 13:43:00+00:00,4320.269055,4331.6402614174995,4313.5,4333.807164999999,0.24820640433611552,tp,6.769054999999753,13.538109999999506
2026-06-17 14:08:00+00:00,2026-06-17 14:47:00+00:00,4340.339085,4324.17683,4326.34,4368.337254999999,-2.2556793443600123,sl,13.999084999999468,27.998169999998936
2026-06-17 15:16:00+00:00,2026-06-17 17:33:00+00:00,4345.881855,4362.363292217498,4336.55,4364.5455649999985,0.7051443698224862,tp,9.33185499999945,18.6637099999989
2026-06-17 18:43:00+00:00,2026-06-17 19:05:00+00:00,4310.69427,4265.52617,4267.66,4396.76281,-4.91564771289405,sl,43.034270000000106,86.06854000000021
2026-06-17 20:06:00+00:00,2026-06-17 23:14:00+00:00,4246.272074999999,4273.618346887498,4231.53,4275.756224999997,1.7469626401123328,tp,14.742074999999204,29.484149999998408
2026-06-18 00:00:00+00:00,2026-06-18 00:06:00+00:00,4275.59673,4288.344944905001,4268.15,4290.490190000001,0.385695120689724,tp,7.446730000000571,14.893460000001141
2026-06-18 00:16:00+00:00,2026-06-18 08:56:00+00:00,4294.0359450000005,4266.615625,4268.75,4344.607835000002,-3.3025492745882747,sl,25.285945000000538,50.571890000001076
2026-06-18 09:18:00+00:00,2026-06-18 10:52:00+00:00,4267.51269,4252.8725,4255.0,4292.538069999999,-2.138132539943009,sl,12.512689999999566,25.02537999999913
2026-06-18 11:29:00+00:00,2026-06-18 11:50:00+00:00,4245.511695,4233.692095,4235.81,4264.915085,-1.8831401446559477,sl,9.701694999999745,19.40338999999949
2026-06-18 12:10:00+00:00,2026-06-18 12:19:00+00:00,4240.7993400000005,4251.071420990001,4234.6,4253.198020000001,0.16529585774991484,tp,6.19934000000012,12.39868000000024
2026-06-18 13:28:00+00:00,2026-06-18 14:04:00+00:00,4259.278574999999,4234.891495000001,4237.01,4303.815724999998,-3.039903459701487,sl,22.268574999999146,44.53714999999829
2026-06-18 14:59:00+00:00,2026-06-18 15:18:00+00:00,4251.474675,4235.591145,4237.71,4279.004025000001,-2.256349649387312,sl,13.764675000000352,27.529350000000704
2026-06-18 16:10:00+00:00,2026-06-18 16:19:00+00:00,4230.144015,4217.300295,4219.41,4251.612045,-1.9806129536239432,sl,10.734015,21.46803
2026-06-18 17:06:00+00:00,2026-06-18 19:02:00+00:00,4224.431159999999,4209.923985,4212.03,4249.233479999998,-2.1364866918686767,sl,12.401159999999436,24.802319999998872
2026-06-18 19:38:00+00:00,2026-06-18 23:02:00+00:00,4207.672785,4196.410745,4198.51,4225.998354999999,-1.8382514215127455,sl,9.16278499999953,18.32556999999906
2026-06-18 23:31:00+00:00,2026-06-18 23:45:00+00:00,4196.4671849999995,4187.415245,4189.51,4210.381554999998,-1.6337485268630254,sl,6.957184999999299,13.914369999998598
2026-06-19 00:35:00+00:00,2026-06-19 01:20:00+00:00,4189.323614999999,4179.329290000001,4181.42,4205.130844999998,-1.7231995531420456,sl,7.903614999999263,15.807229999998526
2026-06-19 01:24:00+00:00,2026-06-19 01:38:00+00:00,4186.342125,4179.909000000001,4182.0,4195.026375,-1.389472223894322,sl,4.342125000000124,8.684250000000247
2026-06-19 02:36:00+00:00,2026-06-19 02:51:00+00:00,4179.138525,4168.05493,4170.14,4197.135575,-1.8271241770995534,sl,8.998524999999972,17.997049999999945
2026-06-19 04:18:00+00:00,2026-06-19 04:35:00+00:00,4147.1925599999995,4138.359785000001,4140.43,4160.717679999998,-1.6217001618746791,sl,6.762559999999212,13.525119999998424
2026-06-19 05:24:00+00:00,2026-06-19 07:03:00+00:00,4131.0644999999995,4151.036943249999,4120.04,4153.113499999999,1.111575654921959,tp,11.024499999999534,22.04899999999907
2026-06-19 07:58:00+00:00,2026-06-19 10:36:00+00:00,4161.15954,4147.335295,4149.41,4184.658619999999,-2.089565793741625,sl,11.749539999999797,23.499079999999594
2026-06-19 11:41:00+00:00,2026-06-19 12:51:00+00:00,4149.25359,4164.817319615,4140.43,4166.90077,0.6862262199660845,tp,8.823589999999967,17.647179999999935
2026-06-19 13:10:00+00:00,2026-06-19 13:19:00+00:00,4181.219565,4160.7186,4162.8,4218.058695000001,-2.709528113337748,sl,18.419565000000148,36.839130000000296
2026-06-19 14:58:00+00:00,2026-06-21 22:00:00+00:00,4152.245085,4140.56868,4142.64,4171.455254999998,-1.8883649902372293,sl,9.605084999999235,19.21016999999847
2026-06-21 22:51:00+00:00,2026-06-21 23:33:00+00:00,4153.65579,4145.156385,4147.23,4166.50737,-1.5875817156814964,sl,6.425790000000234,12.851580000000467
2026-06-22 00:02:00+00:00,2026-06-22 00:49:00+00:00,4148.983455,4175.9613398175,4134.45,4178.050364999999,1.764497973949236,tp,14.533454999999776,29.066909999999552
2026-06-22 02:31:00+00:00,2026-06-22 03:09:00+00:00,4191.13452,4180.16887,4182.26,4208.883559999998,-1.811213460486607,sl,8.874519999999393,17.749039999998786
2026-06-22 04:23:00+00:00,2026-06-22 05:29:00+00:00,4178.2680900000005,4186.090177865,4173.31,4188.184270000001,-0.05093690906242154,tp,4.958090000000084,9.916180000000168
2026-06-22 05:37:00+00:00,2026-06-22 15:39:00+00:00,4195.166534999999,4175.930990000001,4178.02,4229.459604999997,-2.5827035315164872,sl,17.14653499999895,34.2930699999979
2026-06-22 16:32:00+00:00,2026-06-22 17:34:00+00:00,4180.78935,4172.582665,4174.67,4193.02805,-1.5540707731930246,sl,6.11934999999994,12.23869999999988
2026-06-22 18:45:00+00:00,2026-06-22 19:42:00+00:00,4187.19255,4179.849029999999,4181.94,4197.69765,-1.4718040978418765,sl,5.252550000000156,10.505100000000311
2026-06-22 19:59:00+00:00,2026-06-22 21:45:00+00:00,4188.563235,4178.92949,4181.02,4203.649704999998,-1.685532145154224,sl,7.543234999999186,15.086469999998371
2026-06-22 22:02:00+00:00,2026-06-23 00:10:00+00:00,4189.653780000001,4177.300305000001,4179.39,4210.181340000001,-1.9392197425886462,sl,10.263780000000224,20.52756000000045
2026-06-23 00:40:00+00:00,2026-06-23 01:17:00+00:00,4183.720815,4172.132890000001,4174.22,4202.7224449999985,-1.8687179607987812,sl,9.50081499999942,19.00162999999884
2026-06-23 02:28:00+00:00,2026-06-23 02:59:00+00:00,4160.429175,4143.927000000001,4146.0,4189.287525000001,-2.3368099236983055,sl,14.429175000000214,28.858350000000428
2026-06-23 03:58:00+00:00,2026-06-23 04:55:00+00:00,4142.9404349999995,4128.944495000001,4131.01,4166.801304999998,-2.105887168295074,sl,11.930434999999306,23.860869999998613
2026-06-23 05:21:00+00:00,2026-06-23 06:09:00+00:00,4129.573755,4111.8430499999995,4113.9,4160.921265000002,-2.463493742476435,sl,15.67375500000071,31.34751000000142
2026-06-23 06:53:00+00:00,2026-06-23 07:42:00+00:00,4116.33714,4105.76609,4107.82,4133.3714199999995,-1.7877277642515246,sl,8.517139999999927,17.034279999999853
2026-06-23 08:20:00+00:00,2026-06-23 08:23:00+00:00,4097.857905,4092.9525000000003,4095.0,4103.5737149999995,-1.251129984428682,sl,2.857904999999846,5.715809999999692
2026-06-23 08:33:00+00:00,2026-06-23 09:21:00+00:00,4099.38867,4109.730116995001,4093.19,4111.786010000001,0.20360060794446655,tp,6.19867000000022,12.39734000000044
2026-06-23 09:36:00+00:00,2026-06-23 13:00:00+00:00,4116.89742,4105.0664400000005,4107.12,4136.452260000001,-1.9066171791254136,sl,9.777420000000347,19.554840000000695
2026-06-23 13:33:00+00:00,2026-06-23 22:33:00+00:00,4117.487715,4098.639655,4100.69,4151.083145000001,-2.5722448494789063,sl,16.797715000000608,33.595430000001215
2026-06-24 00:02:00+00:00,2026-06-24 01:03:00+00:00,4103.23059,4076.9704950000005,4079.01,4151.67177,-3.2835816918603733,sl,24.220589999999902,48.441179999999804
2026-06-24 01:31:00+00:00,2026-06-24 01:50:00+00:00,4100.299125,4080.408775,4082.45,4135.997374999999,-2.677119838815447,sl,17.84912499999973,35.69824999999946
2026-06-24 03:35:00+00:00,2026-06-24 05:33:00+00:00,4062.0299999999997,4081.748104999999,4051.15,4083.789999999999,1.1138546027494522,tp,10.879999999999654,21.75999999999931
2026-06-24 06:06:00+00:00,2026-06-24 09:07:00+00:00,4081.9199399999998,4071.0434600000003,4073.08,4099.599819999999,-1.8226335441249226,sl,8.839939999999842,17.679879999999685
2026-06-24 09:20:00+00:00,2026-06-24 09:29:00+00:00,4081.13955,4069.2443600000006,4071.28,4100.858649999999,-1.9198776898755687,sl,9.859549999999672,19.719099999999344
2026-06-24 10:30:00+00:00,2026-06-24 10:55:00+00:00,4064.461215,4056.3608050000003,4058.39,4076.6036449999997,-1.559590906893665,sl,6.071214999999938,12.142429999999877
2026-06-24 11:32:00+00:00,2026-06-24 12:07:00+00:00,4051.9149449999995,4039.53922,4041.56,4072.6248349999987,-1.9735168591135057,sl,10.354944999999589,20.709889999999177
2026-06-24 13:31:00+00:00,2026-06-24 13:42:00+00:00,3985.29165,4015.4062425250004,3969.23,4017.4149500000003,2.1673976417868976,tp,16.0616500000001,32.1233000000002
2026-06-24 13:58:00+00:00,2026-06-24 18:02:00+00:00,4035.9469649999996,3967.245385,3969.23,4169.380894999998,-7.425588527529299,sl,66.71696499999962,133.43392999999878
2026-06-24 18:10:00+00:00,2026-06-25 15:54:00+00:00,3985.6918499999997,4037.0560122249994,3959.0,4039.075549999999,4.2446356103920975,tp,26.691849999999704,53.38369999999941
2026-06-25 15:56:00+00:00,2026-06-25 19:51:00+00:00,4040.07903,4019.2493700000005,4021.26,4077.717089999999,-2.7926698306432565,sl,18.819029999999657,37.638059999999314
2026-06-25 21:13:00+00:00,2026-06-25 22:13:00+00:00,4028.37318,4020.02898,4022.04,4041.03954,-1.5886931443613177,sl,6.333180000000084,12.666360000000168
2026-06-25 22:36:00+00:00,2026-06-25 23:48:00+00:00,4032.165075,4016.100945,4018.11,4060.2752249999994,-2.3341862704196,sl,14.05507499999976,28.11014999999952
2026-06-26 00:15:00+00:00,2026-06-26 02:19:00+00:00,4020.58929,4008.69465,4010.7,4040.36787,-1.933698391432471,sl,9.889290000000074,19.778580000000147
2026-06-26 03:07:00+00:00,2026-06-26 06:22:00+00:00,3995.6168099999995,4019.3197647849984,3982.76,4021.330429999998,1.5317229002522657,tp,12.856809999999314,25.713619999998627
2026-06-26 06:47:00+00:00,2026-06-26 13:58:00+00:00,4029.883935,4075.7329190974997,4005.94,4077.7718049999994,3.6545112833662174,tp,23.943934999999783,47.887869999999566
2026-06-26 14:13:00+00:00,2026-06-26 18:46:00+00:00,4082.1000299999996,4064.68664,4066.72,4112.860089999999,-2.4443575942052345,sl,15.380029999999806,30.760059999999612
2026-06-26 19:34:00+00:00,2026-06-26 20:56:00+00:00,4068.3831749999995,4079.6886602374984,4061.71,4081.7295249999984,0.3028713142235835,tp,6.673174999999446,13.346349999998893
2026-06-26 22:04:00+00:00,2026-06-26 22:07:00+00:00,4081.7798699999994,4076.9904850000003,4079.03,4087.279609999998,-1.2380087599759027,sl,2.7498699999991914,5.499739999998383
2026-06-26 22:42:00+00:00,2026-06-27 00:26:00+00:00,4082.6803199999995,4076.9904850000003,4079.03,4089.980959999998,-1.3236873194913654,sl,3.650319999999283,7.300639999998566
2026-06-27 03:03:00+00:00,2026-06-27 04:57:00+00:00,4084.691325,4077.60018,4079.64,4094.7939749999996,-1.4569052037845212,sl,5.051324999999906,10.102649999999812
2026-06-27 06:31:00+00:00,2026-06-27 07:49:00+00:00,4082.62029,4077.9899850000006,4080.03,4087.800869999999,-1.2220933330503145,sl,2.5902899999996407,5.180579999999281
2026-06-27 10:03:00+00:00,2026-06-27 11:11:00+00:00,4082.94045,4078.3098250000003,4080.35,4088.1213500000003,-1.2218977773760722,sl,2.5904500000001462,5.1809000000002925
2026-06-27 11:53:00+00:00,2026-06-27 13:25:00+00:00,4083.7808699999996,4076.42077,4078.46,4094.4226099999987,-1.4819835870022926,sl,5.320869999999559,10.641739999999118
2026-06-27 14:05:00+00:00,2026-06-27 14:15:00+00:00,4083.770865,4078.2598500000004,4080.3,4090.7125949999995,-1.305350175835015,sl,3.470864999999776,6.941729999999552
2026-06-27 15:18:00+00:00,2026-06-27 15:49:00+00:00,4083.3506549999997,4078.2598500000004,4080.3,4089.451964999999,-1.2651114610202818,sl,3.0506549999995514,6.101309999999103
2026-06-27 17:56:00+00:00,2026-06-27 19:24:00+00:00,4079.308635,4072.4027800000003,4074.44,4089.0459049999995,-1.4386268610369917,sl,4.868634999999813,9.737269999999626
2026-06-27 19:58:00+00:00,2026-06-27 19:58:00+00:00,4074.7563599999994,4071.2233700000006,4073.26,4077.749079999998,-1.1168701085096897,sl,1.4963599999991857,2.9927199999983713
2026-06-27 20:00:00+00:00,2026-06-27 21:32:00+00:00,4075.4667149999996,4077.8402049274987,4073.26,4079.8801449999983,-0.5525534253811024,tp,2.206714999999349,4.413429999998698
2026-06-27 22:38:00+00:00,2026-06-28 15:09:00+00:00,4078.01799,4070.813575,4072.85,4088.3539699999997,-1.4667558496262743,sl,5.167989999999918,10.335979999999836
2026-06-28 17:24:00+00:00,2026-06-28 17:35:00+00:00,4076.2370999999994,4070.7236200000007,4072.76,4083.1912999999977,-1.3053598610283759,sl,3.4770999999991545,6.954199999998309
2026-06-28 17:57:00+00:00,2026-06-28 22:01:00+00:00,4077.4076849999997,4069.5142250000004,4071.55,4089.1230549999987,-1.5320846824201957,sl,5.857684999999492,11.715369999998984
2026-06-28 22:03:00+00:00,2026-06-28 22:03:00+00:00,4081.1995799999995,4070.373795,4072.41,4098.778739999999,-1.81056739713124,sl,8.78957999999966,17.57915999999932
2026-06-28 22:41:00+00:00,2026-06-28 23:28:00+00:00,4061.8198949999996,4051.0234750000004,4053.05,4079.3596849999985,-1.8122567845598365,sl,8.769894999999451,17.539789999998902
2026-06-28 23:46:00+00:00,2026-06-29 00:23:00+00:00,4062.4702199999997,4046.5757000000003,4048.6,4090.2106599999993,-2.299589188735922,sl,13.87021999999979,27.74043999999958
2026-06-29 00:43:00+00:00,2026-06-29 05:01:00+00:00,4064.321145,4043.91703,4045.94,4101.083435,-2.72948936516721,sl,18.381144999999833,36.762289999999666
2026-06-29 05:55:00+00:00,2026-06-29 09:48:00+00:00,4052.735355,4035.7411200000006,4037.76,4082.686064999999,-2.4071892604336167,sl,14.975354999999581,29.950709999999162
2026-06-29 11:51:00+00:00,2026-06-29 13:54:00+00:00,4038.1380599999998,4027.3053400000003,4029.32,4055.774179999999,-1.8196506691108651,sl,8.818059999999605,17.63611999999921
2026-06-29 14:56:00+00:00,2026-06-29 15:23:00+00:00,4027.8129,4012.842575,4014.85,4053.7387,-2.220822174119575,sl,12.96289999999999,25.92579999999998
2026-06-29 15:48:00+00:00,2026-06-29 18:50:00+00:00,4024.4612249999996,4012.8325800000002,4014.84,4043.7036749999984,-1.8990255648206864,sl,9.621224999999413,19.242449999998826
2026-06-29 19:23:00+00:00,2026-06-29 21:44:00+00:00,4013.255625,4019.7559915624997,4009.0,4021.7668749999993,-0.14837560952925577,tp,4.255624999999782,8.511249999999563
2026-06-29 22:10:00+00:00,2026-06-29 22:25:00+00:00,4021.599795,4014.5917,4016.6,4031.5993850000004,-1.453390119575626,sl,4.9997950000001765,9.999590000000353
2026-06-29 22:55:00+00:00,2026-06-30 00:03:00+00:00,4015.736865,4005.6861550000003,4007.69,4031.8305949999994,-1.748124605473235,sl,8.046864999999798,16.093729999999596
2026-06-30 02:49:00+00:00,2026-06-30 04:30:00+00:00,3965.8519349999997,3980.5845170975,3957.49,3982.5758049999995,0.6645339370321534,tp,8.361934999999903,16.723869999999806
2026-06-30 06:04:00+00:00,2026-06-30 06:27:00+00:00,3985.661835,4001.7036522475,3976.64,4003.705505,0.7848798441274134,tp,9.02183500000001,18.04367000000002
2026-06-30 06:50:00+00:00,2026-06-30 08:18:00+00:00,4034.5762799999998,4018.5397250000005,4020.55,4062.628839999999,-2.3192334052830423,sl,14.026279999999588,28.052559999999175
2026-06-30 09:05:00+00:00,2026-06-30 09:31:00+00:00,4019.3386649999998,4011.5232350000006,4013.53,4030.955994999999,-1.5309284607074416,sl,5.808664999999564,11.617329999999129
2026-06-30 09:54:00+00:00,2026-06-30 12:56:00+00:00,4023.220605,4009.1444250000004,4011.15,4047.3618149999998,-2.1334503615653464,sl,12.070604999999887,24.141209999999774
2026-06-30 13:08:00+00:00,2026-06-30 14:20:00+00:00,4021.8098999999997,4047.225075149999,4008.09,4049.249699999999,1.6740105703281039,tp,13.719899999999598,27.439799999999195
2026-06-30 15:33:00+00:00,2026-06-30 17:08:00+00:00,4031.7148499999994,4019.359315,4021.37,4052.4045499999984,-1.964950288452398,sl,10.344849999999497,20.689699999998993
2026-06-30 17:31:00+00:00,2026-06-30 19:36:00+00:00,4027.4427149999997,4017.3103400000005,4019.32,4043.6881449999987,-1.7516869742858958,sl,8.122714999999516,16.245429999999033
2026-06-30 19:42:00+00:00,2026-06-30 19:50:00+00:00,4022.720355,4017.3103400000005,4019.32,4029.5210649999995,-1.297377930396947,sl,3.400354999999763,6.800709999999526
2026-06-30 20:13:00+00:00,2026-06-30 20:13:00+00:00,4021.019505,4017.3103400000005,4019.32,4024.4185150000003,-1.133441377031993,sl,1.6995050000000447,3.3990100000000893
2026-06-30 21:23:00+00:00,2026-06-30 23:45:00+00:00,4009.9839899999997,4004.65667,4006.66,4016.6319699999995,-1.290635337419392,sl,3.323989999999867,6.647979999999734
2026-07-01 00:11:00+00:00,2026-07-01 00:19:00+00:00,4010.1740849999996,4002.1279350000004,4004.13,4022.2622549999987,-1.5530832368954604,sl,6.044084999999541,12.088169999999081
2026-07-01 02:20:00+00:00,2026-07-01 06:07:00+00:00,3982.85043,3968.57472,3970.56,4007.43129,-2.1639977698904875,sl,12.290430000000015,24.58086000000003
2026-07-01 06:44:00+00:00,2026-07-01 07:07:00+00:00,3974.9764949999994,3962.7776200000003,3964.76,3995.409484999998,-1.963804820839398,sl,10.216494999999213,20.432989999998426
2026-07-01 07:50:00+00:00,2026-07-01 11:03:00+00:00,3972.9855,4003.1739117499997,3956.89,4005.1764999999996,2.16676452565501,tp,16.0954999999999,32.1909999999998
2026-07-01 11:19:00+00:00,2026-07-01 14:35:00+00:00,4022.1900899999996,4106.076204864999,3979.22,4108.13027,7.3016754539109465,tp,42.9700899999998,85.94018000000005
2026-07-01 15:51:00+00:00,2026-07-01 16:32:00+00:00,4083.9309449999996,4072.20288,4074.24,4103.312834999999,-1.8892785560791405,sl,9.690944999999829,19.381889999999203
2026-07-01 17:32:00+00:00,2026-07-01 17:58:00+00:00,4068.47322,4061.818075,4063.85,4077.7196599999997,-1.4098185853262466,sl,4.623219999999947,9.246439999999893
2026-07-01 19:09:00+00:00,2026-07-01 19:24:00+00:00,4065.401685,4052.9824950000007,4055.01,4086.185054999999,-1.9594189743514683,sl,10.391684999999597,20.783369999999195
2026-07-01 21:36:00+00:00,2026-07-02 01:00:00+00:00,4038.308145,4053.2567927825,4029.82,4055.2844349999996,0.6584334052204631,tp,8.488144999999804,16.976289999999608
2026-07-02 02:42:00+00:00,2026-07-02 03:56:00+00:00,4054.0159949999997,4068.9524910074992,4045.53,4070.987984999999,0.6517714633208269,tp,8.485994999999548,16.971989999999096
2026-07-02 05:25:00+00:00,2026-07-02 05:33:00+00:00,4060.7793749999996,4050.51373,4052.54,4077.258124999999,-1.7551289800020387,sl,8.239374999999654,16.47874999999931
2026-07-02 05:38:00+00:00,2026-07-02 12:30:00+00:00,4062.0700199999997,4079.089494969999,4052.54,4081.130059999999,0.8474813803728786,tp,9.530019999999695,19.06003999999939
2026-07-02 13:33:00+00:00,2026-07-02 13:46:00+00:00,4120.71933,4131.851031005001,4114.12,4133.91799,0.2709460314268115,tp,6.599330000000009,13.198660000000018
2026-07-02 13:48:00+00:00,2026-07-02 14:10:00+00:00,4135.196565,4120.8685350000005,4122.93,4159.729695,-2.117952249474938,sl,12.2665649999999,24.5331299999998
2026-07-02 14:17:00+00:00,2026-07-02 14:20:00+00:00,4132.075005,4117.3403,4119.4,4157.425015,-2.1565061908877796,sl,12.675005000000056,25.35001000000011
2026-07-02 14:52:00+00:00,2026-07-02 16:30:00+00:00,4123.48071,4108.9445000000005,4111.0,4148.442129999999,-2.1401452470646722,sl,12.480709999999817,24.961419999999634
2026-07-02 17:17:00+00:00,2026-07-02 17:24:00+00:00,4117.3076249999995,4108.12491,4110.18,4131.562874999998,-1.638285322855943,sl,7.1276249999991705,14.255249999998341
2026-07-02 18:04:00+00:00,2026-07-02 22:10:00+00:00,4109.883914999999,4120.950239127499,4103.32,4123.011744999999,0.2672742001478895,tp,6.563914999999724,13.127829999999449
2026-07-02 23:09:00+00:00,2026-07-03 00:14:00+00:00,4123.88091,4130.416488635,4119.58,4132.48273,-0.16146268201382086,tp,4.300909999999931,8.601819999999861
2026-07-03 00:22:00+00:00,2026-07-03 01:07:00+00:00,4135.396664999999,4158.269820002498,4122.92,4160.349994999998,1.3658075964195429,tp,12.47666499999923,24.95332999999846
2026-07-03 01:59:00+00:00,2026-07-03 04:03:00+00:00,4178.017965,4166.595660000001,4168.68,4196.693894999999,-1.833199075211152,sl,9.337964999999713,18.675929999999425
2026-07-03 05:01:00+00:00,2026-07-03 05:22:00+00:00,4173.8859,4165.706105,4167.79,4186.077700000001,-1.533174420362197,sl,6.095900000000256,12.191800000000512
2026-07-03 05:31:00+00:00,2026-07-03 05:41:00+00:00,4176.00696,4165.666125000001,4167.75,4192.520879999999,-1.7327113652061703,sl,8.256959999999708,16.513919999999416
2026-07-03 06:35:00+00:00,2026-07-03 08:33:00+00:00,4165.061489999999,4177.674587764997,4157.71,4179.764469999997,0.3970071643049451,tp,7.351489999999103,14.702979999998206
2026-07-03 10:13:00+00:00,2026-07-03 13:06:00+00:00,4176.78735,4163.73709,4165.82,4198.722049999999,-1.9831780677878548,sl,10.967349999999897,21.934699999999793
2026-07-03 13:27:00+00:00,2026-07-03 13:48:00+00:00,4168.113015,4157.929995,4160.01,4184.319044999999,-1.7191393829324246,sl,8.103014999999687,16.206029999999373
2026-07-03 14:28:00+00:00,2026-07-03 16:18:00+00:00,4162.80036,4155.58117,4157.66,4173.081080000001,-1.4446653661418476,sl,5.140360000000328,10.280720000000656
2026-07-03 16:24:00+00:00,2026-07-03 18:55:00+00:00,4162.03998,4168.854470029999,4157.59,4170.939939999998,-0.14099296395183236,tp,4.449979999999414,8.899959999998828
2026-07-03 20:20:00+00:00,2026-07-03 22:09:00+00:00,4174.32612,4168.564675,4170.65,4181.67836,-1.307515959076326,sl,3.6761200000000827,7.352240000000165
2026-07-03 23:25:00+00:00,2026-07-03 23:59:00+00:00,4173.655785,4165.296310000001,4167.38,4186.207355,-1.5479833832634817,sl,6.275784999999814,12.551569999999629
2026-07-04 08:38:00+00:00,2026-07-04 18:39:00+00:00,4168.253085,4162.43774,4164.52,4175.719255,-1.3128077871533985,sl,3.7330849999998463,7.466169999999693
2026-07-04 19:27:00+00:00,2026-07-05 20:01:00+00:00,4168.813364999999,4177.7301849524965,4163.31,4179.820094999996,0.05290780191421174,tp,5.5033649999986665,11.006729999997333
2026-07-05 21:57:00+00:00,2026-07-05 22:00:00+00:00,4180.8293699999995,4172.15288,4174.24,4194.008109999999,-1.5753914585698143,sl,6.58936999999969,13.17873999999938
2026-07-05 22:25:00+00:00,2026-07-05 23:28:00+00:00,4180.379145,4190.501136282499,4174.27,4192.597434999999,0.16197921372851043,tp,6.109144999999444,12.218289999998888
2026-07-06 00:17:00+00:00,2026-07-06 00:26:00+00:00,4178.06799,4165.306305000001,4167.39,4199.423969999998,-1.953356230464117,sl,10.677989999999227,21.355979999998453
2026-07-06 00:35:00+00:00,2026-07-06 02:35:00+00:00,4178.56824,4165.306305000001,4167.39,4200.924719999998,-1.9989582311209497,sl,11.178239999999278,22.356479999998555
2026-07-06 05:34:00+00:00,2026-07-06 05:57:00+00:00,4152.525224999999,4143.817055,4145.89,4165.795674999998,-1.5827061233391375,sl,6.635224999999082,13.270449999998164
2026-07-06 06:26:00+00:00,2026-07-06 09:26:00+00:00,4151.21457,4140.638645,4142.71,4168.22371,-1.7563256013773814,sl,8.504570000000058,17.009140000000116
2026-07-06 10:13:00+00:00,2026-07-06 12:36:00+00:00,4144.35114,4136.200865000001,4138.27,4156.513419999998,-1.531664413819214,sl,6.081139999999323,12.162279999998646
2026-07-06 12:55:00+00:00,2026-07-06 14:44:00+00:00,4138.16805,4125.3363,4127.4,4159.704150000001,-1.9690252593344788,sl,10.768050000000585,21.53610000000117
2026-07-06 15:05:00+00:00,2026-07-07 01:27:00+00:00,4142.160045,4122.9774800000005,4125.04,4176.400134999999,-2.5588395685934433,sl,17.120044999999664,34.24008999999933
2026-07-07 01:42:00+00:00,2026-07-07 03:46:00+00:00,4138.838385,4120.9385,4123.0,4170.515155,-2.439909276153166,sl,15.838385000000017,31.676770000000033
2026-07-07 04:10:00+00:00,2026-07-07 05:01:00+00:00,4136.78736,4119.269335,4121.33,4167.702080000001,-2.4043780392968133,sl,15.457360000000335,30.91472000000067
2026-07-07 05:52:00+00:00,2026-07-07 11:35:00+00:00,4123.340639999999,4139.371199039999,4114.29,4141.441919999998,0.7267731854816297,tp,9.050639999999476,18.10127999999895
2026-07-07 11:45:00+00:00,2026-07-07 12:14:00+00:00,4146.642285,4165.443091572501,4136.2,4167.526855,0.9759202085855587,tp,10.442285000000084,20.884570000000167
2026-07-07 12:52:00+00:00,2026-07-07 13:11:00+00:00,4166.92242,4155.28132,4157.36,4186.04726,-1.848673706380728,sl,9.562420000000202,19.124840000000404
2026-07-07 13:37:00+00:00,2026-07-07 13:56:00+00:00,4175.02647,4156.430745000001,4158.51,4208.059409999999,-2.4881175523177195,sl,16.516469999999572,33.032939999999144
2026-07-07 14:19:00+00:00,2026-07-07 14:23:00+00:00,4155.146535,4145.316305,4147.39,4170.659604999999,-1.6827794575210753,sl,7.7565349999995306,15.513069999999061
2026-07-07 15:41:00+00:00,2026-07-07 15:45:00+00:00,4144.361145,4135.901015,4137.97,4157.143434999999,-1.557443923657356,sl,6.391144999999597,12.782289999999193
2026-07-07 16:20:00+00:00,2026-07-07 18:30:00+00:00,4142.13003,4133.57218,4135.64,4155.11009,-1.566638175421319,sl,6.490029999999933,12.980059999999867
2026-07-07 19:55:00+00:00,2026-07-07 22:00:00+00:00,4111.704825,4094.4017750000003,4096.45,4142.214475,-2.3911266291519304,sl,15.254824999999983,30.509649999999965
2026-07-07 23:05:00+00:00,2026-07-07 23:45:00+00:00,4098.638295,4091.403275,4093.45,4109.014885,-1.4500433255724436,sl,5.1882949999999255,10.376589999999851
2026-07-08 00:05:00+00:00,2026-07-08 00:39:00+00:00,4101.50973,4115.090615404999,4093.69,4117.149189999999,0.5038253762446175,tp,7.8197299999997085,15.639459999999417
2026-07-08 02:08:00+00:00,2026-07-08 08:17:00+00:00,4112.11503,4098.739605,4100.79,4134.76509,-2.0223339792612984,sl,11.32502999999997,22.65005999999994
2026-07-08 10:20:00+00:00,2026-07-08 12:17:00+00:00,4049.84391,4069.475974135,4039.01,4071.5117299999997,1.0948809573041012,tp,10.833909999999833,21.667819999999665
2026-07-08 12:43:00+00:00,2026-07-08 13:29:00+00:00,4076.2671149999996,4064.4067800000003,4066.44,4095.921344999999,-1.8900675382017655,sl,9.827114999999594,19.65422999999919
2026-07-08 13:33:00+00:00,2026-07-08 13:50:00+00:00,4078.1080349999997,4066.155905,4068.19,4097.944104999999,-1.8977583176473671,sl,9.91803499999969,19.836069999998927
2026-07-08 15:41:00+00:00,2026-07-08 16:51:00+00:00,4033.605795,4056.4881263075,4021.15,4058.5173849999996,1.411935604158483,tp,12.455794999999853,24.911589999999705
2026-07-08 17:07:00+00:00,2026-07-08 18:46:00+00:00,4065.8819249999997,4077.8658221124997,4058.87,4079.9057749999993,0.36370347856491436,tp,7.011924999999792,14.023849999999584
2026-07-08 19:34:00+00:00,2026-07-08 19:42:00+00:00,4087.3926749999996,4079.289335,4081.33,4099.518024999999,-1.5329090460388333,sl,6.062674999999672,12.125349999999798
2026-07-08 20:52:00+00:00,2026-07-09 00:54:00+00:00,4076.037,4066.3658000000005,4068.4,4091.3109999999992,-1.6826810770287477,sl,7.636999999999716,15.273999999999432
2026-07-09 01:43:00+00:00,2026-07-09 03:07:00+00:00,4070.31414,4057.9700000000003,4060.0,4090.94242,-1.9361303604943396,sl,10.314139999999952,20.628279999999904
2026-07-09 03:33:00+00:00,2026-07-09 05:50:00+00:00,4059.70884,4073.8485767399998,4051.62,4075.8865199999996,0.5693606235132045,tp,8.088839999999891,16.177679999999782
2026-07-09 06:22:00+00:00,2026-07-09 12:35:00+00:00,4094.756355,4112.711680467501,4084.75,4114.769065,0.9162146869567979,tp,10.006354999999985,20.012710000000425
2026-07-09 13:17:00+00:00,2026-07-10 07:43:00+00:00,4121.559749999999,4099.799075000001,4101.85,4160.979249999998,-2.800059926046994,sl,19.709749999999076,39.41949999999815
2026-07-10 08:19:00+00:00,2026-07-10 08:34:00+00:00,4102.840395,4093.5721900000003,4095.62,4117.281185000001,-1.6378883846752048,sl,7.220395000000281,14.440790000000561
2026-07-10 09:15:00+00:00,2026-07-10 13:27:00+00:00,4096.0369949999995,4086.125915,4088.17,4111.770984999998,-1.6992995618529114,sl,7.866994999999406,15.733989999998812
2026-07-10 13:42:00+00:00,2026-07-10 14:33:00+00:00,4095.5067299999996,4078.7795900000006,4080.82,4124.880189999998,-2.338503647759313,sl,14.686729999999443,29.37345999999843
2026-07-10 15:24:00+00:00,2026-07-12 22:00:00+00:00,4103.11053,4090.823565,4092.87,4123.59159,-1.9192220480496491,sl,10.240530000000035,20.48106000000007
2026-07-12 23:28:00+00:00,2026-07-13 00:05:00+00:00,4071.49473,4080.3429979049997,4066.05,4082.3841899999993,0.0657513574014903,tp,5.4447299999997085,10.889459999999417
2026-07-13 00:59:00+00:00,2026-07-13 01:00:00+00:00,4074.766365,4063.817075,4065.85,4092.599095,-1.800692547484906,sl,8.916365000000042,17.832730000000083
2026-07-13 01:08:00+00:00,2026-07-13 02:28:00+00:00,4077.33765,4061.4782450000002,4063.51,4104.99295,-2.261962337563446,sl,13.827649999999721,27.655299999999897
2026-07-13 02:36:00+00:00,2026-07-13 03:03:00+00:00,4074.5062349999994,4059.5791950000003,4061.61,4100.298704999997,-2.1745063750535563,sl,12.896234999999251,25.792469999998048
2026-07-13 04:57:00+00:00,2026-07-13 06:04:00+00:00,4055.92695,4046.8555600000004,4048.88,4070.02085,-1.6263647428506984,sl,7.046949999999924,14.093899999999849
2026-07-13 06:19:00+00:00,2026-07-13 08:15:00+00:00,4052.14506,4072.41795241,4040.99,4074.45518,1.151255908985977,tp,11.155060000000049,22.310120000000097
2026-07-13 08:23:00+00:00,2026-07-13 10:41:00+00:00,4077.35766,4051.7930900000006,4053.82,4124.43298,-3.173770772130829,sl,23.53765999999996,47.075319999999465
2026-07-13 12:19:00+00:00,2026-07-13 13:43:00+00:00,4058.698335,4048.2248750000003,4050.25,4075.595005,-1.7574938227572883,sl,8.448335000000043,16.896670000000086
2026-07-13 15:20:00+00:00,2026-07-13 15:51:00+00:00,4020.059025,4009.2743600000003,4011.28,4037.6170749999997,-1.796284683827095,sl,8.77902499999982,17.55804999999964
2026-07-13 16:03:00+00:00,2026-07-13 16:24:00+00:00,4017.9979949999997,4007.9550200000003,4009.96,4034.073984999999,-1.7256293895271866,sl,8.037994999999682,16.075989999999365
2026-07-13 17:10:00+00:00,2026-07-14 00:07:00+00:00,4001.4497249999995,3986.38581,3988.38,4027.5891749999982,-2.2101092435799465,sl,13.06972499999938,26.13944999999876
2026-07-14 00:33:00+00:00,2026-07-14 05:35:00+00:00,3998.83842,4025.561472370001,3984.47,4027.5752600000005,1.7934056574767436,tp,14.368420000000242,28.736840000000484
2026-07-14 06:11:00+00:00,2026-07-14 06:15:00+00:00,4032.27513,4025.676155,4027.69,4041.44539,-1.39442883368688,sl,4.5851299999999355,9.170259999999871
2026-07-14 06:52:00+00:00,2026-07-14 07:00:00+00:00,4025.31165,4016.63068,4018.64,4038.6549500000006,-1.5934449814059786,sl,6.671650000000227,13.343300000000454
2026-07-14 07:06:00+00:00,2026-07-14 07:56:00+00:00,4026.35217,4016.3108400000006,4018.32,4042.41651,-1.7223325933355385,sl,8.032169999999951,16.064339999999902
2026-07-14 09:06:00+00:00,2026-07-14 12:30:00+00:00,4018.82841,4032.5879273850005,4010.94,4034.60523,0.5445391339470241,tp,7.888410000000022,15.776820000000043
2026-07-14 13:22:00+00:00,2026-07-14 14:05:00+00:00,4076.387175,4064.58669,4066.62,4095.9215249999997,-1.8756389767890322,sl,9.767174999999952,19.534349999999904
2026-07-14 14:14:00+00:00,2026-07-14 14:17:00+00:00,4079.448705,4064.0269700000003,4066.06,4106.2261149999995,-2.214273989094103,sl,13.388704999999845,26.77740999999969
2026-07-14 14:56:00+00:00,2026-07-14 15:37:00+00:00,4079.308635,4070.2438600000005,4072.28,4093.365904999999,-1.6171099524594608,sl,7.028634999999667,14.057269999999335
2026-07-14 17:01:00+00:00,2026-07-14 17:07:00+00:00,4058.88843,4049.904035,4051.93,4072.8052900000002,-1.6134679826870415,sl,6.958430000000135,13.91686000000027
2026-07-14 18:16:00+00:00,2026-07-14 18:22:00+00:00,4058.32815,4052.8125800000003,4054.84,4065.304449999999,-1.286165421017081,sl,3.4881499999996777,6.976299999999355
2026-07-14 19:46:00+00:00,2026-07-14 23:10:00+00:00,4050.774375,4041.5082350000002,4043.53,4065.2631249999995,-1.64116497001106,sl,7.2443749999997635,14.488749999999527
2026-07-14 23:26:00+00:00,2026-07-15 01:35:00+00:00,4049.053515,4041.0884450000003,4043.11,4060.940545,-1.5182717090253743,sl,5.943514999999934,11.887029999999868
2026-07-15 02:31:00+00:00,2026-07-15 03:30:00+00:00,4033.3256549999996,4023.62718,4025.64,4048.696964999999,-1.6852669905962585,sl,7.68565499999977,15.37130999999954
2026-07-15 03:35:00+00:00,2026-07-15 03:40:00+00:00,4031.2146,4025.296345,4027.31,4039.0237999999995,-1.3268257261922942,sl,3.9045999999998457,7.8091999999996915
2026-07-15 04:01:00+00:00,2026-07-15 04:05:00+00:00,4031.0945399999996,4025.256365,4027.27,4038.743619999999,-1.3190180069545199,sl,3.8245399999996152,7.6490799999992305
2026-07-15 04:12:00+00:00,2026-07-15 04:41:00+00:00,4031.684835,4024.9964950000003,4027.01,4041.0345049999996,-1.3993100452086153,sl,4.674834999999803,9.349669999999605
2026-07-15 05:01:00+00:00,2026-07-15 05:11:00+00:00,4033.91595,4023.2473700000005,4025.26,4051.2278499999998,-1.7757749223091077,sl,8.655949999999848,17.311899999999696
2026-07-15 05:38:00+00:00,2026-07-15 07:27:00+00:00,4027.682835,4015.981005,4017.99,4047.0685050000006,-1.8749410616549125,sl,9.692835000000287,19.385670000000573
2026-07-15 07:50:00+00:00,2026-07-15 08:11:00+00:00,4024.161075,4015.4512700000005,4017.46,4037.563225,-1.5914491415552936,sl,6.701074999999946,13.402149999999892
2026-07-15 08:29:00+00:00,2026-07-15 12:30:00+00:00,4023.8609249999995,4039.102213612499,4015.23,4041.1227749999985,0.6819589122095846,tp,8.630924999999479,17.261849999998958
2026-07-15 12:59:00+00:00,2026-07-15 13:25:00+00:00,4067.29263,4050.8235750000003,4052.85,4096.17789,-2.311106223275286,sl,14.442630000000008,28.885260000000017
2026-07-15 13:58:00+00:00,2026-07-15 14:24:00+00:00,4060.9794749999996,4048.7346200000006,4050.76,4081.4184249999985,-1.9156518898659045,sl,10.21947499999942,20.43894999999884
2026-07-15 14:59:00+00:00,2026-07-15 15:11:00+00:00,4055.90694,4045.11643,4047.14,4073.44082,-1.7797370809842645,sl,8.766939999999977,17.533879999999954
2026-07-15 15:41:00+00:00,2026-07-15 16:02:00+00:00,4044.871425,4036.9605100000003,4038.98,4056.6542749999994,-1.5104063781973203,sl,5.891424999999799,11.782849999999598
2026-07-15 16:51:00+00:00,2026-07-15 17:46:00+00:00,4033.9459649999994,4055.249256052498,4022.28,4057.277894999998,1.2511142700759845,tp,11.665964999999233,23.331929999998465
2026-07-15 18:04:00+00:00,2026-07-15 18:57:00+00:00,4062.7203449999997,4052.5627050000003,4054.59,4078.981034999999,-1.71811339635165,sl,8.13034499999958,16.26068999999916
2026-07-15 19:53:00+00:00,2026-07-16 00:59:00+00:00,4051.30464,4041.978,4044.0,4065.9139199999995,-1.642155846566556,sl,7.304639999999836,14.609279999999671
2026-07-16 02:31:00+00:00,2026-07-16 02:38:00+00:00,4030.43421,4022.6376750000004,4024.65,4042.0026299999995,-1.501538005507349,sl,5.784209999999803,11.568419999999605
2026-07-16 02:57:00+00:00,2026-07-16 06:37:00+00:00,4028.663325,4017.9999950000006,4020.01,4045.9699749999995,-1.7729517919878897,sl,8.653324999999768,17.306649999999536
2026-07-16 07:41:00+00:00,2026-07-16 11:25:00+00:00,4024.8714299999997,4017.440275,4019.45,4035.7142899999994,-1.4673003553002237,sl,5.421429999999873,10.842859999999746
2026-07-16 11:36:00+00:00,2026-07-16 11:48:00+00:00,4027.682835,4034.2903507475007,4023.37,4036.3085050000004,-0.13779887539292301,tp,4.312835000000177,8.625670000000355
2026-07-16 13:25:00+00:00,2026-07-16 19:35:00+00:00,3999.47874,3970.5237450000004,3972.51,4053.4162199999996,-3.5229717494860178,sl,26.968739999999798,53.937479999999596
2026-07-16 19:52:00+00:00,2026-07-17 03:19:00+00:00,3979.7088599999997,3995.6677467099994,3970.73,3997.666579999999,0.7651280603725888,tp,8.978859999999713,17.957719999999426
2026-07-17 05:31:00+00:00,2026-07-17 06:33:00+00:00,3985.2316199999996,4001.493112569999,3976.1,4003.494859999999,0.7920222118302352,tp,9.131619999999657,18.263239999999314
2026-07-17 06:58:00+00:00,2026-07-17 07:07:00+00:00,4000.91946,3993.36232,3995.36,4012.03838,-1.4828270079384431,sl,5.559459999999945,11.11891999999989
2026-07-17 07:45:00+00:00,2026-07-17 07:56:00+00:00,3998.728365,3991.1234400000003,3993.12,4009.945095,-1.487486537422126,sl,5.608365000000049,11.216730000000098
2026-07-17 08:05:00+00:00,2026-07-17 08:11:00+00:00,3998.8484249999997,3990.973515,3992.97,4010.6052749999994,-1.5128953401647582,sl,5.878424999999879,11.756849999999758
2026-07-17 08:48:00+00:00,2026-07-17 12:07:00+00:00,3996.007005,3985.1364350000003,3987.13,4013.7610149999996,-1.7986618373846963,sl,8.877004999999826,17.754009999999653
2026-07-17 13:05:00+00:00,2026-07-17 13:30:00+00:00,3976.2771449999996,3962.7276450000004,3964.71,3999.4114349999986,-2.059927938274702,sl,11.567144999999527,23.134289999999055
2026-07-17 13:37:00+00:00,2026-07-17 15:04:00+00:00,3978.5883,4004.9414275500003,3964.41,4006.9449,1.7594452543428352,tp,14.178300000000036,28.35660000000007
2026-07-17 15:30:00+00:00,2026-07-17 19:08:00+00:00,4011.134565,3998.649675,4000.65,4032.1036949999993,-1.9475075355981548,sl,10.484564999999748,20.969129999999495
2026-07-17 19:31:00+00:00,2026-07-18 07:17:00+00:00,4002.82041,4010.215119385,3998.12,4012.2212299999997,-0.05886347526836533,tp,4.70040999999992,9.40081999999984
2026-07-18 08:24:00+00:00,2026-07-18 20:18:00+00:00,4015.4167049999996,4004.11694,4006.12,4034.010114999999,-1.8333769837043141,sl,9.296704999999747,18.593409999999494
2026-07-19 00:01:00+00:00,2026-07-19 12:28:00+00:00,4014.82641,4003.147425,4005.15,4034.17923,-1.8690415538217047,sl,9.676410000000033,19.352820000000065
2026-07-19 13:12:00+00:00,2026-07-19 22:00:00+00:00,4007.232615,4002.47776,4004.48,4012.7378449999997,-1.2132253715237784,sl,2.752614999999878,5.505229999999756
2026-07-19 23:52:00+00:00,2026-07-20 00:00:00+00:00,3995.45673,3987.6052,3989.6,4007.17019,-1.5092155603287214,sl,5.8567299999999705,11.713459999999941
2026-07-20 00:14:00+00:00,2026-07-20 11:30:00+00:00,3997.047525,4025.0690337124997,3982.03,4027.0825749999995,1.9050318770185788,tp,15.01752499999975,30.0350499999995
2026-07-20 12:36:00+00:00,2026-07-20 12:42:00+00:00,4014.556275,4004.47676,4006.48,4030.7088249999997,-1.716878588695121,sl,8.076274999999896,16.152549999999792
2026-07-20 12:49:00+00:00,2026-07-20 13:11:00+00:00,4014.9164549999996,4004.47676,4006.48,4031.7893649999987,-1.7505286640373408,sl,8.436454999999569,16.872909999999138
2026-07-20 13:33:00+00:00,2026-07-20 13:58:00+00:00,4012.34517,4002.9975000000004,4005.0,4027.03551,-1.6472610947921904,sl,7.345170000000053,14.690340000000106
2026-07-20 14:26:00+00:00,2026-07-21 00:36:00+00:00,4004.4012,4016.3943981999996,3997.4,4018.403599999999,0.3775351067311431,tp,7.001199999999699,14.002399999999398
2026-07-21 01:06:00+00:00,2026-07-21 03:26:00+00:00,4024.4612249999996,4039.742793162499,4015.81,4041.763674999999,0.6825493835498444,tp,8.651224999999613,17.302449999999226
2026-07-21 03:50:00+00:00,2026-07-21 05:26:00+00:00,4042.550265,4048.3855896025,4038.62,4050.410795,-0.2123787073329133,tp,3.930264999999963,7.860529999999926
2026-07-21 06:10:00+00:00,2026-07-21 11:04:00+00:00,4063.13055,4053.53222,4055.56,4078.2716499999997,-1.6594731724133391,sl,7.570549999999912,15.141099999999824
2026-07-21 12:07:00+00:00,2026-07-21 12:37:00+00:00,4058.12805,4049.19439,4051.22,4071.94415,-1.5979538417468897,sl,6.908050000000003,13.816100000000006
2026-07-21 14:07:00+00:00,2026-07-22 00:17:00+00:00,4057.0675199999996,4088.1774487199996,4040.49,4090.2225599999992,2.153537243554834,tp,16.577519999999822,33.155039999999644
2026-07-22 01:01:00+00:00,2026-07-22 13:33:00+00:00,4102.440195,4134.7921547075,4085.23,4136.860585,2.2370059939783413,tp,17.210195000000112,34.420390000000225
2026-07-22 13:49:00+00:00,2026-07-22 22:00:00+00:00,4143.080505,4121.538200000001,4123.6,4182.041514999999,-2.738725197345464,sl,19.48050499999954,38.96100999999908
2026-07-22 22:27:00+00:00,2026-07-22 22:41:00+00:00,4123.750845,4113.4822300000005,4115.54,4140.172534999999,-1.70771344034691,sl,8.210844999999608,16.421689999999217
2026-07-22 23:46:00+00:00,2026-07-23 01:49:00+00:00,4121.109525,4111.5531949999995,4113.61,4136.108575,-1.6422458146993084,sl,7.499525000000176,14.999050000000352
2026-07-23 02:31:00+00:00,2026-07-23 07:07:00+00:00,4115.0565,4106.125910000001,4108.18,4128.8094999999985,-1.5854057282790983,sl,6.876499999999396,13.752999999998792
2026-07-23 08:35:00+00:00,2026-07-23 08:36:00+00:00,4089.7638599999996,4084.59668,4086.64,4096.0115799999985,-1.2405790703555843,sl,3.123859999999695,6.247719999998935
2026-07-23 08:40:00+00:00,2026-07-23 08:41:00+00:00,4089.7238399999997,4083.07744,4085.12,4098.931519999999,-1.3777698388702706,sl,4.603839999999764,9.207679999999527
2026-07-23 08:56:00+00:00,2026-07-23 10:21:00+00:00,4090.2040799999995,4081.3583000000003,4083.4,4103.812239999998,-1.581662899991008,sl,6.804079999999431,13.608159999998861
2026-07-23 10:50:00+00:00,2026-07-23 11:16:00+00:00,4090.594275,4079.949005,4081.99,4107.802825000001,-1.7482897177867736,sl,8.604275000000143,17.20855000000074
2026-07-23 11:51:00+00:00,2026-07-23 12:16:00+00:00,4081.1595599999996,4067.54521,4069.58,4104.3186799999985,-2.02634412220841,sl,11.579559999999674,23.159119999998893
2026-07-23 14:25:00+00:00,2026-07-23 15:33:00+00:00,4052.0249999999996,4039.21938,4041.24,4073.5949999999993,-1.9591609592333596,sl,10.784999999999854,21.56999999999971
2026-07-23 16:59:00+00:00,2026-07-23 17:09:00+00:00,4051.30464,4044.426775,4046.45,4061.01392,-1.4037194951393541,sl,4.854640000000018,9.709280000000035
2026-07-23 18:28:00+00:00,2026-07-24 00:15:00+00:00,4043.5107449999996,4037.2803500000005,4039.3,4051.9322349999984,-1.3439585429243794,sl,4.210744999999406,8.421489999998812
2026-07-24 00:37:00+00:00,2026-07-24 01:01:00+00:00,4047.572775,4040.49874,4042.52,4057.6783250000003,-1.4221875098970123,sl,5.052775000000111,10.105550000000221
2026-07-24 01:17:00+00:00,2026-07-24 02:47:00+00:00,4043.8509149999995,4035.751115,4037.77,4056.0127449999986,-1.5187208775387555,sl,6.08091499999955,12.1618299999991
2026-07-24 04:26:00+00:00,2026-07-24 04:37:00+00:00,4030.144065,4024.456765,4026.47,4037.4921950000003,-1.294046798138519,sl,3.674065000000155,7.34813000000031
2026-07-24 04:58:00+00:00,2026-07-24 04:58:00+00:00,4028.663325,4024.456765,4026.47,4033.0499750000004,-1.154696521417232,sl,2.1933250000001863,4.3866500000003725
2026-07-24 05:05:00+00:00,2026-07-24 05:08:00+00:00,4029.303645,4024.456765,4026.47,4034.9709350000003,-1.214688395999501,sl,2.8336450000001605,5.667290000000321
2026-07-24 05:33:00+00:00,2026-07-24 05:55:00+00:00,4028.8634249999996,4019.48925,4021.5,4043.5902749999987,-1.6403733210244122,sl,7.363424999999552,14.726849999999104
2026-07-24 06:13:00+00:00,2026-07-24 07:34:00+00:00,4031.31465,4046.019928025,4022.95,4048.0439499999998,0.6235226915154206,tp,8.364649999999983,16.729299999999967
2026-07-24 08:28:00+00:00,2026-07-24 10:27:00+00:00,4045.271625,4053.8469375625,4039.97,4055.874875,0.04464698090783226,tp,5.301625000000058,10.603250000000116
2026-07-24 11:02:00+00:00,2026-07-24 11:39:00+00:00,4056.4372049999997,4049.324325,4051.35,4066.6116149999993,-1.4229497121627874,sl,5.087204999999813,10.174409999999625
2026-07-24 12:25:00+00:00,2026-07-24 12:47:00+00:00,4055.0465099999997,4044.7266250000002,4046.75,4071.639529999999,-1.7225136509617243,sl,8.296509999999671,16.593019999999342
2026-07-24 13:32:00+00:00,2026-07-24 13:58:00+00:00,4045.5017399999997,4055.07666739,4039.7,4057.1052199999995,0.13816759575845983,tp,5.8017399999998815,11.603479999999763
2026-07-24 14:58:00+00:00,2026-07-24 18:20:00+00:00,4066.0720199999996,4053.69214,4055.72,4086.7760599999992,-1.9114259059212495,sl,10.352019999999811,20.704039999999623
2026-07-24 19:36:00+00:00,2026-07-26 21:31:00+00:00,4054.8264,4068.0441604000002,4047.2,4070.0792,0.47625467676617506,tp,7.626400000000103,15.252800000000207
2026-07-26 21:54:00+00:00,2026-07-26 21:56:00+00:00,4073.465715,4067.9050300000004,4069.94,4080.5171449999993,-1.2750454593724685,sl,3.5257149999997637,7.051429999999527
2026-07-26 21:59:00+00:00,2026-07-26 22:00:00+00:00,4074.0259949999995,4080.1568860074985,4069.94,4082.1979849999984,-0.18821996877706282,tp,4.085994999999457,8.171989999998914
2026-07-26 22:33:00+00:00,2026-07-26 23:11:00+00:00,4088.4431999999997,4079.1594,4081.2,4102.9295999999995,-1.617679717717205,sl,7.243199999999888,14.486399999999776
2026-07-26 23:36:00+00:00,2026-07-27 00:01:00+00:00,4083.7008299999998,4092.175378754999,4078.44,4094.222489999999,0.027712063067614756,tp,5.260829999999714,10.521659999999429
2026-07-27 00:10:00+00:00,2026-07-27 00:27:00+00:00,4103.31063,4084.8165700000004,4086.86,4136.21189,-2.4638603709261577,sl,16.45062999999982,32.90125999999964
2026-07-27 00:46:00+00:00,2026-07-27 03:10:00+00:00,4098.208079999999,4083.267345,4085.31,4124.004239999998,-2.1370918085088086,sl,12.898079999999482,25.796159999998963
2026-07-27 03:18:00+00:00,2026-07-27 03:22:00+00:00,4089.00348,4081.91802,4083.96,4099.09044,-1.4128607593867166,sl,5.043479999999818,10.08696000000009
2026-07-27 04:01:00+00:00,2026-07-27 04:17:00+00:00,4088.42319,4081.248355,4083.29,4098.6895700000005,-1.4209583887252664,sl,5.133190000000013,10.266380000000481
2026-07-27 04:31:00+00:00,2026-07-27 05:25:00+00:00,4086.1620599999997,4081.248355,4083.29,4091.906179999999,-1.2118028244421588,sl,2.872059999999692,5.744119999999384
2026-07-27 05:40:00+00:00,2026-07-27 05:45:00+00:00,4085.2215899999997,4079.2993300000003,4081.34,4092.9847699999987,-1.3050567300738427,sl,3.8815899999995054,7.763179999999011
2026-07-27 05:59:00+00:00,2026-07-27 12:19:00+00:00,4089.4837199999997,4078.149905,4080.19,4108.0711599999995,-1.8044994516874284,sl,9.293719999999666,18.587439999999788
2026-07-27 12:46:00+00:00,2026-07-27 12:50:00+00:00,4084.94145,4075.68114,4077.72,4099.38435,-1.6133937343112879,sl,7.221450000000004,14.442900000000463
2026-07-27 13:39:00+00:00,2026-07-27 13:55:00+00:00,4082.04,4074.00198,4076.04,4094.04,-1.5005163324684347,sl,6.0,12.0
2026-07-27 14:46:00+00:00,2026-07-27 16:08:00+00:00,4066.702335,4076.0679514975,4061.0,4078.107005,0.11371178811643212,tp,5.702334999999948,11.404669999999896
2026-07-27 16:26:00+00:00,2026-07-27 17:02:00+00:00,4085.40168,4073.912025,4075.95,4104.30504,-1.8188109452068528,sl,9.451680000000124,18.903360000000248
2026-07-27 17:52:00+00:00,2026-07-27 21:57:00+00:00,4074.81639,4067.315325,4069.35,4085.74917,-1.4514282534720269,sl,5.466390000000047,10.932780000000093
2026-07-28 00:00:00+00:00,2026-07-28 00:00:00+00:00,4069.0935299999996,4065.00648,4067.04,4073.200589999999,-1.1352960904265164,sl,2.0535299999996823,4.107059999999365
2026-07-28 02:10:00+00:00,2026-07-28 02:41:00+00:00,4043.44071,4035.9909950000006,4038.01,4054.302129999999,-1.4515300467149352,sl,5.430709999999635,10.86141999999927
2026-07-28 03:10:00+00:00,2026-07-28 05:00:00+00:00,4042.78038,4034.2418700000003,4036.26,4055.82114,-1.5530313405086258,sl,6.520379999999932,13.040759999999864
2026-07-28 05:56:00+00:00,2026-07-28 09:35:00+00:00,4042.4802299999997,4029.6141850000004,4031.63,4064.180689999999,-1.9568027006339885,sl,10.850229999999556,21.70045999999911
2026-07-28 10:46:00+00:00,2026-07-28 14:21:00+00:00,4022.3801849999995,4013.1124400000003,4015.12,4036.900554999999,-1.6247577803494324,sl,7.2601849999996375,14.520369999999275
2026-07-28 14:49:00+00:00,2026-07-28 15:43:00+00:00,4023.9709799999996,4036.2538035299985,4016.82,4038.2729399999985,0.3962560656395996,tp,7.150979999999436,14.301959999998871
2026-07-28 15:54:00+00:00,2026-07-28 17:37:00+00:00,4045.5017399999997,4027.985,4030.0,4076.505219999999,-2.388776271358769,sl,15.5017399999997,31.0034799999994
2026-07-28 18:06:00+00:00,2026-07-28 18:28:00+00:00,4029.663825,4021.9880000000003,4024.0,4040.9914750000003,-1.473420105372413,sl,5.663825000000088,11.327650000000176
2026-07-28 19:32:00+00:00,2026-07-28 22:20:00+00:00,4025.281635,4017.9900000000002,4020.0,4035.8449049999995,-1.4379257448971947,sl,5.281634999999824,10.563269999999648
2026-07-28 23:36:00+00:00,2026-07-29 01:03:00+00:00,4018.9284599999996,4010.943525,4012.95,4030.8853799999993,-1.5037661172763919,sl,5.978459999999814,11.956919999999627
2026-07-29 01:28:00+00:00,2026-07-29 02:30:00+00:00,4016.2271099999994,4030.205219334998,4008.23,4032.221329999998,0.557239064719785,tp,7.9971099999993385,15.994219999998677
2026-07-29 02:41:00+00:00,2026-07-29 02:51:00+00:00,4034.77638,4026.28585,4028.3,4047.729139999999,-1.5478707799622065,sl,6.476379999999608,12.952759999999216
2026-07-29 03:09:00+00:00,2026-07-29 03:11:00+00:00,4029.6137999999996,4024.3668100000004,4026.38,4036.0813999999987,-1.245217495513279,sl,3.233799999999519,6.467599999999038
2026-07-29 04:24:00+00:00,2026-07-29 05:30:00+00:00,4022.07003,4027.1954849549998,4018.5,4029.2100899999996,-0.2741910190103104,tp,3.5700299999998606,7.140059999999721
2026-07-29 05:34:00+00:00,2026-07-29 06:35:00+00:00,4030.784385,4037.6932984224995,4026.32,4039.7131549999995,-0.10850333615259167,tp,4.464384999999766,8.928769999999531
2026-07-29 07:11:00+00:00,2026-07-29 08:11:00+00:00,4043.0204999999996,4035.171405,4037.19,4054.681499999999,-1.4858242790394829,sl,5.830499999999574,11.660999999999149
2026-07-29 10:32:00+00:00,2026-07-29 10:39:00+00:00,4032.8654249999995,4025.7361250000004,4027.75,4043.0962749999985,-1.4201364733118278,sl,5.1154249999995045,10.230849999999009
2026-07-29 11:02:00+00:00,2026-07-29 11:08:00+00:00,4027.7128499999994,4021.418285,4023.43,4036.2785499999986,-1.342662402589348,sl,4.282849999999598,8.565699999999197
2026-07-29 11:14:00+00:00,2026-07-29 12:16:00+00:00,4028.1930899999998,4021.06846,4023.08,4038.4192699999994,-1.4199518221542153,sl,5.113089999999829,10.226179999999658
2026-07-29 12:48:00+00:00,2026-07-29 13:52:00+00:00,4022.33016,4006.0059950000004,4008.01,4050.9704799999995,-2.281765269847036,sl,14.32015999999976,28.64031999999952
2026-07-29 15:04:00+00:00,2026-07-29 17:06:00+00:00,4011.2045999999996,4034.215683099999,3998.69,4036.2337999999986,1.4057068523706375,tp,12.514599999999518,25.029199999999037
2026-07-29 18:01:00+00:00,2026-07-30 05:38:00+00:00,4074.2561099999994,4031.90304,4033.92,4154.928329999998,-4.66709795187691,sl,40.33610999999928,80.67221999999856
2026-07-30 06:47:00+00:00,2026-07-30 08:20:00+00:00,4039.89894,4054.6884615900008,4031.49,4056.7168200000006,0.624110404769263,tp,8.408940000000257,16.817880000000514
2026-07-30 09:22:00+00:00,2026-07-30 09:31:00+00:00,4071.304635,4061.2683500000003,4063.3,4087.3139049999995,-1.6807984029787681,sl,8.00463499999978,16.00926999999956
2026-07-30 09:50:00+00:00,2026-07-30 13:38:00+00:00,4070.9244449999997,4090.307158332499,4060.21,4092.353334999999,1.0379629325192,tp,10.714444999999614,21.428889999999228
2026-07-30 13:49:00+00:00,2026-07-31 02:44:00+00:00,4097.2476,4071.60318,4073.64,4144.462799999999,-3.107989229061461,sl,23.60759999999982,47.21519999999964
2026-07-31 03:30:00+00:00,2026-07-31 06:01:00+00:00,4075.206585,4068.7346150000003,4070.77,4084.0797549999997,-1.350148558021903,sl,4.436584999999923,8.873169999999845
2026-07-31 06:17:00+00:00,2026-07-31 07:21:00+00:00,4084.10103,4070.233865,4072.27,4107.7630899999995,-2.0294475024732015,sl,11.831029999999828,23.662059999999656
2026-07-31 08:20:00+00:00,2026-07-31 08:24:00+00:00,4065.81189,4056.3508100000004,4058.38,4080.6756699999996,-1.6272788882856575,sl,7.431889999999839,14.863779999999679
2026-07-31 08:48:00+00:00,2026-07-31 09:23:00+00:00,4061.5697699999996,4050.5037350000002,4052.53,4079.6493099999984,-1.7763487534451667,sl,9.039769999999407,18.079539999998815
2026-07-31 09:49:00+00:00,2026-07-31 12:25:00+00:00,4057.30764,4048.384795,4050.41,4071.1029200000003,-1.5785314756613351,sl,6.897640000000138,13.795280000000275
2026-07-31 14:15:00+00:00,2026-08-02 17:46:00+00:00,4036.91745,4062.460103825,4023.13,4064.4923499999995,1.6248036300036164,tp,13.787449999999808,27.574899999999616
2026-08-02 17:55:00+00:00,2026-08-02 22:00:00+00:00,4069.3436549999997,4079.650119517499,4063.17,4081.690964999999,0.19940546449991436,tp,6.173654999999599,12.347309999999197
2026-08-02 22:03:00+00:00,2026-08-02 22:24:00+00:00,4076.6172899999997,4063.637165,4065.67,4098.511869999998,-1.948631841866037,sl,10.947289999999612,21.89457999999877
2026-08-02 23:57:00+00:00,2026-08-03 00:20:00+00:00,4074.0359999999996,4064.70663,4066.74,4088.6279999999992,-1.6122657422434643,sl,7.295999999999822,14.591999999999643
2026-08-03 01:02:00+00:00,2026-08-03 01:03:00+00:00,4061.90994,4052.9725000000003,4055.0,4075.72982,-1.578249409171552,sl,6.909940000000006,13.819880000000012
2026-08-03 01:06:00+00:00,2026-08-03 01:14:00+00:00,4060.6893299999997,4049.7541100000003,4051.78,4078.5079899999987,-1.7628995236001037,sl,8.9093299999995,17.818659999999
2026-08-03 01:37:00+00:00,2026-08-03 09:32:00+00:00,4056.98748,4044.9864950000006,4047.01,4076.942439999999,-1.8620257329265626,sl,9.97747999999956,19.95495999999912
2026-08-03 11:34:00+00:00,2026-08-03 12:38:00+00:00,4052.3551649999995,4044.71663,4046.74,4063.585494999999,-1.4588066682735663,sl,5.615164999999706,11.230329999999412
2026-08-03 12:57:00+00:00,2026-08-03 13:02:00+00:00,4048.7233499999998,4039.2793500000002,4041.3,4063.570049999999,-1.626487931244498,sl,7.423349999999573,14.846699999999146
2026-08-03 13:59:00+00:00,2026-08-04 00:10:00+00:00,4036.3471649999997,4065.0079742524995,4021.0,4067.041494999999,1.9127862653260816,tp,15.347164999999677,30.694329999999354
2026-08-04 01:19:00+00:00,2026-08-04 08:03:00+00:00,4051.0445099999997,4064.9000632349994,4043.1,4066.9335299999993,0.5321930970480361,tp,7.944509999999809,15.889019999999618
2026-08-04 10:31:00+00:00,2026-08-04 11:32:00+00:00,4050.034005,4058.6516739925,4044.71,4060.682015,0.04720952269070089,tp,5.324004999999943,10.648009999999886
2026-08-04 11:40:00+00:00,2026-08-04 13:23:00+00:00,4062.880425,4081.1596743625,4052.72,4083.201275,0.9371004421814253,tp,10.160425000000032,20.320850000000064
2026-08-04 13:49:00+00:00,2026-08-04 14:38:00+00:00,4088.0429999999997,4069.7840900000006,4071.82,4120.488999999999,-2.427757743801677,sl,16.2229999999995,32.445999999999
2026-08-04 15:13:00+00:00,2026-08-04 15:23:00+00:00,4082.0299949999994,4069.214375,4071.25,4103.589984999999,-1.9291170589006876,sl,10.779994999999417,21.55998999999929
2026-08-04 15:39:00+00:00,2026-08-04 20:21:00+00:00,4081.49973,4068.7646000000004,4070.8,4102.89919,-1.9213772542898186,sl,10.699729999999818,21.39946000000009
2026-08-04 21:02:00+00:00,2026-08-04 23:00:00+00:00,4076.9574599999996,4068.1149250000003,4070.15,4090.5723799999987,-1.564136470835011,sl,6.807459999999537,13.614919999999074
2026-08-05 00:19:00+00:00,2026-08-05 01:15:00+00:00,4071.4447049999994,4078.493847942498,4066.9,4080.534114999998,-0.10147201080583024,tp,4.54470499999934,9.08940999999868
2026-08-05 01:37:00+00:00,2026-08-05 02:36:00+00:00,4084.38117,4103.750608245,4073.67,4105.80351,1.027421224679478,tp,10.711170000000038,21.422339999999622
2026-08-05 04:01:00+00:00,2026-08-05 04:09:00+00:00,4123.4607,4130.056038949999,4119.13,4132.122099999999,-0.15094228593756376,tp,4.330699999999524,8.661399999999048
2026-08-05 04:58:00+00:00,2026-08-05 05:36:00+00:00,4130.894415,4137.013703377499,4126.8,4139.083244999999,-0.1952308403809404,tp,4.094414999999572,8.188829999999143
2026-08-05 06:13:00+00:00,2026-08-05 08:47:00+00:00,4166.332125,4150.20386,4152.28,4194.436375,-2.202187435764285,sl,14.05212500000016,28.10425000000032
2026-08-05 09:39:00+00:00,2026-08-05 09:56:00+00:00,4153.205565,4145.376275,4147.45,4164.716695000001,-1.4570950224627683,sl,5.755565000000388,11.511130000000776
2026-08-05 09:59:00+00:00,2026-08-05 10:02:00+00:00,4153.19556,4145.236345,4147.31,4164.9666799999995,-1.4685380803827528,sl,5.885559999999714,11.771119999999428
2026-08-05 10:27:00+00:00,2026-08-05 11:35:00+00:00,4152.91542,4171.11965687,4142.77,4173.20626,0.8923549247360586,tp,10.145419999999831,20.290839999999662
2026-08-05 11:44:00+00:00,2026-08-05 14:09:00+00:00,4181.679795,4218.9088753075,4162.01,4221.019385,2.586114207111206,tp,19.669794999999795,39.33958999999959
2026-08-05 14:45:00+00:00,2026-08-05 16:02:00+00:00,4237.967925,4219.918985,4222.03,4269.843775,-2.347071429360033,sl,15.937925000000178,31.875850000000355
2026-08-05 16:22:00+00:00,2026-08-05 18:08:00+00:00,4232.345114999999,4247.930317327498,4223.49,4250.055344999998,0.6297510955495291,tp,8.855114999999387,17.710229999998774
2026-08-05 21:01:00+00:00,2026-08-05 23:35:00+00:00,4246.6422600000005,4261.814806610002,4237.99,4263.946780000002,0.5887378938919761,tp,8.652260000000751,17.304520000001503
2026-08-06 00:22:00+00:00,2026-08-06 03:17:00+00:00,4274.065965,4258.359755,4260.49,4301.217895,-2.127785617825799,sl,13.575964999999997,27.151929999999993
2026-08-06 04:51:00+00:00,2026-08-06 05:11:00+00:00,4259.4886799999995,4251.243315,4253.37,4271.726039999999,-1.4755473535589054,sl,6.118679999999586,12.237359999999171
2026-08-06 05:46:00+00:00,2026-08-06 13:05:00+00:00,4262.6602649999995,4240.788545,4242.91,4302.160794999999,-2.672331330622874,sl,19.750264999999672,39.500529999999344
2026-08-06 13:31:00+00:00,2026-08-06 15:53:00+00:00,4248.403139999999,4234.871505,4236.99,4271.229419999999,-1.9426239832246273,sl,11.413139999999657,22.826279999999315
2026-08-06 16:50:00+00:00,2026-08-07 05:10:00+00:00,4235.016449999999,4262.197185324999,4220.36,4264.329349999998,1.653440838975241,tp,14.656449999999495,29.31289999999899
2026-08-07 05:33:00+00:00,2026-08-07 06:40:00+00:00,4268.323095,4286.1851203575,4258.32,4288.329285,0.8174427896876252,tp,10.00309500000003,20.00619000000006
2026-08-07 06:57:00+00:00,2026-08-07 07:25:00+00:00,4292.625239999999,4282.867495,4285.01,4307.855719999998,-1.60119547087846,sl,7.615239999999176,15.230479999998352
2026-08-07 07:56:00+00:00,2026-08-07 08:33:00+00:00,4287.84285,4302.876035725,4279.25,4305.02855,0.5631819650712722,tp,8.592849999999999,17.185699999999997
2026-08-07 09:13:00+00:00,2026-08-07 09:30:00+00:00,4304.87136,4298.359745000001,4300.51,4313.59408,-1.316168775731269,sl,4.361359999999877,8.722719999999754
2026-08-07 09:43:00+00:00,2026-08-07 12:29:00+00:00,4310.7442949999995,4295.661095,4297.81,4336.612884999998,-2.0596685953603577,sl,12.93429499999911,25.86858999999822
2026-08-07 12:31:00+00:00,2026-08-09 20:26:00+00:00,4347.0524399999995,4355.001410000001,4316.72,4407.717319999998,-0.06491138691331133,eod,30.332439999999224,60.66487999999845
