entry_time,exit_time,entry,exit,sl,tp,pnl,fees,equity_after,exit_hit,risk,reward
2025-08-09 21:46:00+00:00,2025-08-10 08:08:00+00:00,3387.8430749999998,3380.3789650000003,3382.07,3399.389224999999,-2.1005004843678363,0.9988983979135458,9997.899499515632,sl,5.773074999999608,11.546149999999216
2025-08-10 11:44:00+00:00,2025-08-10 13:50:00+00:00,3389.1237149999997,3384.22704,3385.92,3395.531144999999,-1.7213261371788562,0.9990676915058903,9996.178173378454,sl,3.2037149999996473,6.4074299999992945
2025-08-10 15:12:00+00:00,2025-08-10 17:17:00+00:00,3389.1037049999995,3382.417945,3384.11,3399.0911149999984,-1.9846159458659929,0.9986318332252047,9994.193557432587,sl,4.993704999999409,9.987409999998818
2025-08-10 18:25:00+00:00,2025-08-10 20:51:00+00:00,3390.664485,3386.156075,3387.85,3396.2934549999995,-1.6631957991693254,0.9987549148589484,9992.530361633419,sl,2.814484999999877,5.628969999999754
2025-08-11 12:08:00+00:00,2025-08-11 12:30:00+00:00,3352.15524,3341.56838,3343.24,3369.9857200000006,-2.5756079913768257,0.9976751032752404,9989.954753642041,sl,8.915240000000267,17.830480000000534
2025-08-11 15:29:00+00:00,2025-08-11 16:31:00+00:00,3348.5034149999997,3341.3384950000004,3343.01,3359.4902449999986,-2.0667209712756973,0.9979266810740026,9987.888032670766,sl,5.493414999999459,10.986829999998918
2025-08-11 17:36:00+00:00,2025-08-11 18:26:00+00:00,3346.5324299999997,3358.657121354999,3339.63,3360.337289999999,0.8087382737190101,1.0005981396804764,9988.696770944485,tp,6.90242999999964,13.80485999999928
2025-08-11 18:28:00+00:00,2025-08-11 20:03:00+00:00,3361.2998099999995,3348.5848700000006,3350.26,3383.379429999998,-2.886215073407393,0.9969804424635047,9985.810555871078,sl,11.039809999999306,22.079619999998613
2025-08-12 07:02:00+00:00,2025-08-12 11:20:00+00:00,3344.9816549999996,3337.660335,3339.33,3356.284964999999,-2.090309094142924,0.9974882347276927,9983.720246776935,sl,5.651654999999664,11.303309999999328
2025-08-12 12:31:00+00:00,2025-08-12 14:12:00+00:00,3350.49441,3336.8407450000004,3338.51,3374.463229999999,-3.0305804194306942,0.9963377820403032,9980.689666357504,sl,11.98440999999957,23.96881999999914
2025-08-12 17:22:00+00:00,2025-08-12 17:26:00+00:00,3347.582955,3342.7278,3344.4,3353.9488649999994,-1.7211180768813894,0.9973451937526219,9978.968548280624,sl,3.1829549999997653,6.3659099999995306
2025-08-13 07:25:00+00:00,2025-08-14 07:51:00+00:00,3351.4148699999996,3341.50841,3343.18,3367.884609999999,-2.47126557136706,0.9964220112679631,9976.497282709257,sl,8.234869999999773,16.469739999999547
2025-08-14 09:06:00+00:00,2025-08-14 12:30:00+00:00,3344.4013649999997,3339.30951,3340.98,3351.244094999999,-1.756351707419813,0.9968902668303362,9974.740931001837,sl,3.421364999999696,6.842729999999392
2025-08-14 15:49:00+00:00,2025-08-14 16:09:00+00:00,3337.0977149999994,3330.343995,3332.01,3347.273144999998,-2.0058239596727563,0.9964647338743854,9972.735107042165,sl,5.087714999999207,10.175429999998414
2025-08-14 16:47:00+00:00,2025-08-17 23:17:00+00:00,3330.5944649999997,3322.9377,3324.6,3342.583394999999,-2.1424524124644324,0.9961271854772293,9970.5926546297,sl,5.994464999999764,11.988929999999527
2025-08-18 07:18:00+00:00,2025-08-18 07:31:00+00:00,3350.65449,3344.3369950000006,3346.01,3359.9434699999993,-1.9360725278153421,0.9961193122474019,9968.656582101885,sl,4.644489999999678,9.288979999999356
2025-08-18 09:34:00+00:00,2025-08-18 09:41:00+00:00,3347.943135,3351.2529402975006,3345.45,3352.9294050000003,-0.5046034434273721,0.9973584131799412,9968.151978658458,tp,2.4931350000001657,4.9862700000003315
2025-08-18 12:38:00+00:00,2025-08-18 12:54:00+00:00,3344.8415849999997,3340.079125,3341.75,3351.024754999999,-1.7057494021026685,0.996105554017761,9966.446229256355,sl,3.091584999999668,6.183169999999336
2025-08-18 15:22:00+00:00,2025-08-18 16:02:00+00:00,3334.176255,3329.764285,3331.43,3339.668765,-1.6553933924671942,0.9959852147479162,9964.790835863887,sl,2.746255000000019,5.492510000000038
2025-08-18 17:47:00+00:00,2025-08-18 18:00:00+00:00,3333.175755,3328.3849750000004,3330.05,3339.4272650000003,-1.7118836260629897,0.995762962923249,9963.078952237824,sl,3.1257550000000265,6.251510000000053
2025-08-18 19:41:00+00:00,2025-08-19 00:00:00+00:00,3332.9156249999996,3328.205065,3329.87,3339.006874999999,-1.6996672775672748,0.9956038317779932,9961.379284960256,sl,3.0456249999997453,6.091249999999491
2025-08-19 07:10:00+00:00,2025-08-19 08:11:00+00:00,3339.3488399999997,3332.822755,3334.49,3349.0665199999994,-1.9685400678747031,0.995164552981132,9959.41074489238,sl,4.858839999999873,9.717679999999746
2025-08-19 08:41:00+00:00,2025-08-19 08:59:00+00:00,3338.02818,3333.57238,3335.24,3343.60454,-1.6599972607178946,0.9952763535821023,9957.750747631662,sl,2.788180000000011,5.576360000000022
2025-08-19 09:33:00+00:00,2025-08-19 09:33:00+00:00,3336.397365,3333.642345,3335.31,3338.5720949999995,-1.4064930688152852,0.9953639456399911,9956.344254562848,sl,1.0873649999998634,2.1747299999997267
2025-08-19 11:02:00+00:00,2025-08-19 11:26:00+00:00,3339.08871,3334.03215,3335.7,3345.8661300000003,-1.7487516921692794,0.9948805543184341,9954.595502870678,sl,3.3887100000001737,6.7774200000003475
2025-08-19 15:38:00+00:00,2025-08-19 15:42:00+00:00,3325.0516949999997,3319.51941,3321.18,3332.7950849999993,-1.8227637964878936,0.9946314179084883,9952.77273907419,sl,3.871694999999818,7.743389999999636
2025-08-19 17:44:00+00:00,2025-08-19 17:45:00+00:00,3318.788565,3315.4314550000004,3317.09,3322.185694999999,-1.4981586669734754,0.9947738891295751,9951.274580407216,sl,1.6985649999996895,3.397129999999379
2025-08-19 17:50:00+00:00,2025-08-19 17:50:00+00:00,3317.97816,3315.4314550000004,3317.09,3319.75448,-1.37664922444022,0.994745554370652,9949.897931182777,sl,0.8881599999999708,1.7763199999999415
2025-08-19 18:17:00+00:00,2025-08-19 19:58:00+00:00,3319.3388399999994,3313.3924750000006,3315.05,3327.916519999998,-1.8853261211614698,0.994098565562679,9948.012605061616,sl,4.288839999999254,8.577679999998509
2025-08-19 21:14:00+00:00,2025-08-19 22:11:00+00:00,3317.01768,3312.9926750000004,3314.65,3321.7530399999996,-1.597763974816381,0.9941976942255709,9946.4148410868,sl,2.3676799999998366,4.735359999999673
2025-08-20 07:12:00+00:00,2025-08-20 08:06:00+00:00,3319.37886,3313.48243,3315.14,3327.8565799999997,-1.877181456098588,0.9937580607132948,9944.537659630701,sl,4.2388599999999315,8.477719999999863
2025-08-20 08:53:00+00:00,2025-08-20 12:17:00+00:00,3318.728535,3325.701922197501,3314.41,3327.365605000001,0.04928578306173825,0.9954985502964283,9944.586945413763,tp,4.318535000000338,8.637070000000676
2025-08-20 13:45:00+00:00,2025-08-26 20:17:00+00:00,3337.7080199999996,3376.5549379699987,3317.44,3378.2440599999986,4.786907357374375,1.0002458477464973,9949.373852771138,tp,20.268019999999524,40.53603999999905
2025-08-27 07:38:00+00:00,2025-08-27 13:46:00+00:00,3370.5244199999997,3365.1765700000005,3366.86,3377.853259999999,-1.7834578731300934,0.9941480754794632,9947.590394898007,sl,3.664419999999609,7.328839999999218
2025-08-27 14:15:00+00:00,2025-08-27 15:42:00+00:00,3370.6644899999997,3376.4444032649994,3366.93,3378.1334699999993,-0.14272061147382942,0.995611930809136,9947.447674286534,tp,3.7344899999998233,7.468979999999647
2025-08-27 16:01:00+00:00,2025-08-27 19:11:00+00:00,3379.098705,3384.7029169425,3375.45,3386.396115,-0.1706809813342789,0.9955696561034224,9947.276993305199,tp,3.6487050000000636,7.297410000000127
2025-08-28 07:12:00+00:00,2025-08-28 13:58:00+00:00,3390.19425,3401.501148625,3383.69,3403.20275,0.6624100842277363,0.9963864959106583,9947.939403389426,tp,6.504249999999956,13.008499999999913
2025-08-28 14:10:00+00:00,2025-08-28 17:28:00+00:00,3406.952625,3417.9880260625,3400.58,3419.697875,0.6147048351362311,0.9964050502243033,9948.554108224562,tp,6.372624999999971,12.745249999999942
2025-08-28 17:54:00+00:00,2025-08-28 23:50:00+00:00,3419.18874,3413.8822050000003,3415.59,3426.38622,-1.7660845273542023,0.9940834097048068,9946.788023697207,sl,3.598739999999907,7.197479999999814
2025-08-29 07:04:00+00:00,2025-08-29 07:17:00+00:00,3415.04667,3409.33448,3411.04,3423.0600100000006,-1.825723450113931,0.9938469258454522,9944.962300247093,sl,4.006670000000213,8.013340000000426
2025-08-29 08:03:00+00:00,2025-08-29 09:01:00+00:00,3415.02666,3408.7347800000002,3410.44,3424.19998,-1.9097151010873246,0.9935800950186408,9943.052585146006,sl,4.586659999999938,9.173319999999876
2025-08-29 09:49:00+00:00,2025-08-29 09:59:00+00:00,3413.475885,3406.9856550000004,3408.69,3423.0476549999994,-1.9386237135651012,0.9933599947958315,9941.11396143244,sl,4.78588499999978,9.57176999999956
2025-08-29 11:33:00+00:00,2025-08-29 13:36:00+00:00,3413.275785,3421.9955013225,3408.06,3423.7073549999996,0.274420879511452,0.9953811982209766,9941.388382311952,tp,5.215784999999869,10.431569999999738
2025-08-29 13:53:00+00:00,2025-08-29 16:01:00+00:00,3430.21425,3451.696038625,3418.61,3453.4227499999997,2.115655908029717,0.9972517458851101,9943.504038219982,tp,11.604249999999865,23.20849999999973
2025-08-29 18:01:00+00:00,2025-08-29 18:04:00+00:00,3454.3763249999997,3448.275,3450.0,3463.128974999999,-1.8716126868509457,0.9934722633985459,9941.632425533131,sl,4.376324999999724,8.752649999999448
2025-08-29 18:51:00+00:00,2025-08-29 20:07:00+00:00,3454.036155,3462.3764107674997,3449.0,3464.1084649999993,0.20490992433195687,0.9953635159936388,9941.837335457463,tp,5.036154999999781,10.072309999999561
2025-08-29 20:42:00+00:00,2025-08-29 20:48:00+00:00,3460.18923,3453.59234,3455.32,3469.9276899999995,-1.940947302493739,0.9932360222655181,9939.89638815497,sl,4.869229999999789,9.738459999999577
2025-08-30 08:08:00+00:00,2025-08-31 08:28:00+00:00,3464.09118,3454.33197,3456.06,3480.15354,-2.392748009459955,0.9925894802863234,9937.503640145509,sl,8.03117999999995,16.0623599999999
2025-08-31 09:35:00+00:00,2025-08-31 13:10:00+00:00,3463.9711199999997,3457.180545,3458.91,3474.0933599999994,-1.9668225993482467,0.9927763177329357,9935.53681754616,sl,5.061119999999846,10.122239999999692
2025-08-31 13:57:00+00:00,2025-08-31 14:31:00+00:00,3465.61194,3461.6083300000005,3463.34,3470.155819999999,-1.566875756348042,0.9929797857840522,9933.969941789814,sl,2.2719399999996313,4.5438799999992625
2025-08-31 14:48:00+00:00,2025-08-31 19:30:00+00:00,3467.55291,3461.3384650000003,3463.07,3476.5187299999993,-1.8826750719151808,0.9925068259329994,9932.0872667179,sl,4.48290999999972,8.96581999999944
2025-08-31 19:42:00+00:00,2025-08-31 22:00:00+00:00,3466.3723199999995,3461.22852,3462.96,3473.1969599999984,-1.7293902025851273,0.9924718082774823,9930.357876515314,sl,3.412319999999454,6.824639999998908
2025-09-01 08:14:00+00:00,2025-09-01 09:01:00+00:00,3495.66696,3488.6148200000002,3490.36,3506.28088,-1.993706682817289,0.9920341150837979,9928.364169832497,sl,5.30695999999989,10.61391999999978
2025-09-01 09:59:00+00:00,2025-09-01 10:01:00+00:00,3488.2032299999996,3482.3679450000004,3484.11,3496.3896899999986,-1.8224454716173513,0.9920059774891217,9926.54172436088,sl,4.093229999999494,8.186459999998988
2025-09-01 13:07:00+00:00,2025-09-01 23:46:00+00:00,3487.4028299999995,3500.457385754999,3480.0,3502.2084899999986,0.8634119620661106,0.9945120964946489,9927.405136322946,tp,7.40282999999954,14.80565999999908
2025-09-02 07:06:00+00:00,2025-09-02 07:24:00+00:00,3503.160705,3493.75225,3495.5,3518.4821149999993,-2.324511317269595,0.9914074097247497,9925.080625005678,sl,7.66070499999978,15.32140999999956
2025-09-02 07:44:00+00:00,2025-09-02 07:44:00+00:00,3500.819535,3509.9427556975,3495.38,3511.698605,0.299448740428812,0.9938013125535503,9925.380073746106,tp,5.439534999999978,10.879069999999956
2025-09-02 08:43:00+00:00,2025-09-02 08:56:00+00:00,3498.08817,3488.464895,3490.21,3513.84451,-2.3564136821728408,0.9911727664588967,9923.023660063933,sl,7.878169999999955,15.75633999999991
2025-09-02 09:26:00+00:00,2025-09-02 12:43:00+00:00,3497.6379449999995,3488.464895,3490.21,3512.4938349999984,-2.292227761697381,0.9910011393840801,9920.731432302235,sl,7.427944999999454,14.855889999998908
2025-09-02 13:31:00+00:00,2025-09-02 14:42:00+00:00,3502.0701599999998,3516.771214759999,3493.84,3518.530479999999,1.0881160616239196,0.994155414706554,9921.81954836386,tp,8.230159999999614,16.46031999999923
2025-09-02 15:06:00+00:00,2025-09-03 12:57:00+00:00,3528.52338,3565.06671493,3509.36,3566.85014,4.140472125749758,0.9973197467088446,9925.960020489609,tp,19.16337999999996,38.32675999999992
2025-09-03 13:29:00+00:00,2025-09-03 13:33:00+00:00,3574.3862999999997,3566.725745,3568.51,3586.1388999999986,-2.0551885413904953,0.9915323458534239,9923.904831948219,sl,5.876299999999446,11.752599999998893
2025-09-03 16:43:00+00:00,2025-09-03 20:55:00+00:00,3581.7799949999994,3571.4134,3573.2,3598.9399849999986,-2.42707135768463,0.9909543662033405,9921.477760590535,sl,8.579994999999599,17.159989999999198
2025-09-03 21:54:00+00:00,2025-09-03 23:07:00+00:00,3575.34678,3570.5138500000003,3572.3,3581.440339999999,-1.6620388475200034,0.9914772144259595,9919.815721743014,sl,3.0467799999996714,6.093559999999343
2025-09-04 07:47:00+00:00,2025-09-04 10:54:00+00:00,3553.05564,3545.36643,3547.14,3564.8869200000004,-2.0642877562049273,0.9909081926107073,9917.75143398681,sl,5.915640000000167,11.831280000000334
2025-09-04 11:39:00+00:00,2025-09-04 14:04:00+00:00,3553.87605,3545.68627,3547.46,3566.7081499999995,-2.1333875265415103,0.9906323882603999,9915.61804646027,sl,6.416049999999814,12.832099999999627
2025-09-04 14:52:00+00:00,2025-09-05 12:33:00+00:00,3555.8370299999997,3576.122134454999,3544.8,3577.9110899999987,1.8339080743899459,0.9943901028232401,9917.45195453466,tp,11.037029999999504,22.074059999999008
2025-09-05 14:00:00+00:00,2025-09-05 14:29:00+00:00,3595.25673,3577.09056,3578.88,3628.01019,-3.494792537704539,0.9892396425583198,9913.957161996956,sl,16.376729999999952,32.753459999999905
2025-09-05 16:19:00+00:00,2025-09-05 17:05:00+00:00,3599.6089049999996,3590.014095,3591.81,3615.206714999999,-2.311364291816086,0.9900744263342136,9911.64579770514,sl,7.79890499999965,15.5978099999993
2025-09-05 17:30:00+00:00,2025-09-05 20:52:00+00:00,3598.6284149999997,3588.2349850000005,3590.03,3615.8252449999986,-2.4210563179322477,0.9897332567092911,9909.224741387206,sl,8.598414999999477,17.196829999998954
2025-09-05 21:16:00+00:00,2025-09-06 07:43:00+00:00,3593.4858449999997,3598.657306232499,3590.0,3600.457534999999,-0.2786067919460923,0.9916355028496242,9908.94613459526,tp,3.485844999999699,6.971689999999398
2025-09-06 09:17:00+00:00,2025-09-06 10:25:00+00:00,3609.8440199999995,3603.1975,3605.0,3619.5320599999986,-1.9022102865095896,0.9899823855585751,9907.043924308751,sl,4.844019999999546,9.688039999999091
2025-09-06 12:25:00+00:00,2025-09-06 13:36:00+00:00,3609.473835,3604.806695,3606.61,3615.201504999999,-1.6305666761245472,0.9900638896443951,9905.413357632626,sl,2.8638349999996535,5.727669999999307
2025-09-06 15:00:00+00:00,2025-09-06 16:16:00+00:00,3609.5038499999996,3617.7617642249993,3604.47,3619.571549999999,0.1414183353231938,0.991674428527113,9905.554775967948,tp,5.033849999999802,10.067699999999604
2025-09-06 18:43:00+00:00,2025-09-06 19:27:00+00:00,3622.5203549999997,3617.3004450000003,3619.11,3629.3410649999987,-1.7035176319003522,0.9898418017666611,9903.851258336048,sl,3.4103549999995266,6.820709999999053
2025-09-06 19:57:00+00:00,2025-09-06 20:30:00+00:00,3623.69094,3617.3004450000003,3619.11,3632.8528199999996,-1.8627997782154881,0.9895118378932828,9901.988458557833,sl,4.580939999999828,9.161879999999655
2025-09-06 20:37:00+00:00,2025-09-06 21:50:00+00:00,3623.7809849999994,3616.93063,3618.74,3633.8629549999987,-1.9251933211203087,0.9892629154501131,9900.063265236713,sl,5.040984999999637,10.081969999999274
2025-09-07 07:56:00+00:00,2025-09-07 08:06:00+00:00,3619.4888399999995,3613.15252,3614.96,3628.5465199999985,-1.855698164102459,0.9891397681276966,9898.20756707261,sl,4.528839999999491,9.057679999998982
2025-09-07 08:35:00+00:00,2025-09-07 10:38:00+00:00,3619.68894,3611.923135,3613.73,3631.60682,-2.050556686485731,0.9887589589797551,9896.157010386125,sl,5.958939999999984,11.917879999999968
2025-09-07 11:15:00+00:00,2025-09-07 18:29:00+00:00,3618.898545,3612.7827050000005,3614.59,3627.5156349999997,-1.8249912832173656,0.9887794892446399,9894.332019102907,sl,4.308544999999867,8.617089999999735
2025-09-07 19:31:00+00:00,2025-09-07 19:45:00+00:00,3618.678435,3611.7932,3613.6,3628.8353049999996,-1.929785840876205,0.988491907977392,9892.402233262032,sl,5.0784349999998994,10.156869999999799
2025-09-07 21:01:00+00:00,2025-09-07 21:23:00+00:00,3618.878535,3611.143525,3612.95,3630.735605,-2.0453866458822816,0.988183019700021,9890.356846616149,sl,5.928535000000011,11.857070000000022
2025-09-08 10:15:00+00:00,2025-09-08 10:35:00+00:00,3627.342765,3617.2804550000005,3619.09,3643.8482949999993,-2.3594647177814885,0.9876638838276611,9887.997381898367,sl,8.252764999999727,16.505529999999453
2025-09-08 10:57:00+00:00,2025-09-08 11:06:00+00:00,3623.7109499999997,3618.7797050000004,3620.59,3629.9528499999988,-1.6609198132173866,0.9881269453219412,9886.33646208515,sl,3.1209499999995387,6.241899999999077
2025-09-08 11:31:00+00:00,2025-09-08 13:45:00+00:00,3624.821505,3634.8861627424994,3618.88,3636.7045149999994,0.3825109755080076,0.9900061633473705,9886.718973060657,tp,5.941504999999779,11.883009999999558
2025-09-08 14:10:00+00:00,2025-09-08 22:34:00+00:00,3643.9410599999997,3632.9626100000005,3634.78,3662.2631799999986,-2.47651579042161,0.9871825640797238,9884.242457270235,sl,9.161059999999452,18.322119999998904
2025-09-09 07:28:00+00:00,2025-09-09 15:15:00+00:00,3659.1786749999997,3644.5168300000005,3646.34,3684.8560249999987,-2.966686616586193,0.9864440031135508,9881.275770653649,sl,12.838674999999512,25.677349999999024
2025-09-09 15:43:00+00:00,2025-09-09 20:56:00+00:00,3655.0065899999995,3637.2704550000003,3639.09,3686.839769999998,-3.3832037703410336,0.9857301033984223,9877.892566883307,sl,15.91658999999936,31.83317999999872
2025-09-10 07:05:00+00:00,2025-09-10 12:30:00+00:00,3650.6744249999997,3660.552083362499,3644.82,3662.383274999999,0.3472089699616536,0.989125591249542,9878.239775853268,tp,5.854424999999537,11.708849999999074
2025-09-10 13:19:00+00:00,2025-09-10 15:10:00+00:00,3651.955065,3642.69774,3644.52,3666.8251950000003,-2.2385873129902794,0.9865719622345711,9876.001188540278,sl,7.435065000000122,14.870130000000245
2025-09-10 17:41:00+00:00,2025-09-10 18:55:00+00:00,3646.392285,3639.39939,3641.22,3656.736855,-1.9336417416357725,0.9866531302426348,9874.067546798642,sl,5.172285000000102,10.344570000000203
2025-09-10 20:54:00+00:00,2025-09-10 22:16:00+00:00,3642.92055,3637.450365,3639.27,3650.2216499999995,-1.728007084369981,0.9866654130085027,9872.339539714272,sl,3.650549999999839,7.301099999999678
2025-09-11 07:50:00+00:00,2025-09-11 09:01:00+00:00,3628.0130999999997,3620.2289800000003,3622.04,3639.959299999999,-2.0452597392451404,0.9861748691012835,9870.294279975027,sl,5.973099999999704,11.946199999999408
2025-09-11 09:47:00+00:00,2025-09-11 11:41:00+00:00,3622.140165,3615.6112900000003,3617.42,3631.5804949999992,-1.8756956959634197,0.986139872173713,9868.418584279063,sl,4.720164999999724,9.440329999999449
2025-09-11 12:31:00+00:00,2025-09-11 13:36:00+00:00,3631.39479,3617.940125,3619.75,3654.6843699999995,-2.8131854197281547,0.985013686694873,9865.605398859334,sl,11.64478999999983,23.28957999999966
2025-09-11 13:43:00+00:00,2025-09-12 04:21:00+00:00,3629.1436649999996,3648.8256695024993,3618.39,3650.650994999999,1.6859806006196534,0.9892357562427959,9867.291379459954,tp,10.753664999999728,21.507329999999456
2025-09-12 07:05:00+00:00,2025-09-12 08:11:00+00:00,3651.8149949999997,3644.8466650000005,3646.67,3662.104984999999,-1.927217416921454,0.9857877082373111,9865.364162043032,sl,5.144994999999653,10.289989999999307
2025-09-12 08:44:00+00:00,2025-09-12 08:49:00+00:00,3647.08263,3640.1889950000004,3642.01,3657.227889999999,-1.9179687190628332,0.9856040515367771,9863.446193323969,sl,5.072629999999663,10.145259999999325
2025-09-12 09:23:00+00:00,2025-09-12 22:43:00+00:00,3646.7724749999998,3637.30044,3639.12,3662.0774249999995,-2.266017004928861,0.9850636659934614,9861.18017631904,sl,7.652474999999868,15.304949999999735
2025-09-13 07:04:00+00:00,2025-09-13 08:46:00+00:00,3638.7084449999998,3631.22348,3633.04,3650.0453349999993,-1.9993453619562707,0.9851037760459936,9859.180830957084,sl,5.668444999999792,11.336889999999585
2025-09-13 09:45:00+00:00,2025-09-13 14:05:00+00:00,3635.6169,3628.4348750000004,3630.25,3646.3507,-1.9587663818843304,0.9849442609747988,9857.2220645752,sl,5.366899999999987,10.733799999999974
2025-09-13 17:27:00+00:00,2025-09-13 21:29:00+00:00,3641.09964,3634.1919950000006,3636.01,3651.2789199999993,-1.9198095323063895,0.984787184109323,9855.302255042894,sl,5.08963999999969,10.17927999999938
2025-09-14 11:30:00+00:00,2025-09-14 11:38:00+00:00,3650.7544649999995,3643.447365,3645.27,3661.7233949999986,-1.9708288277304946,0.9845439406171761,9853.331426215163,sl,5.484464999999545,10.96892999999909
2025-09-14 12:05:00+00:00,2025-09-14 12:53:00+00:00,3650.694435,3642.4278750000003,3644.25,3663.5833049999997,-2.0998019611992387,0.9842175582185357,9851.231624253964,sl,6.444434999999885,12.88886999999977
2025-09-14 14:55:00+00:00,2025-09-14 22:20:00+00:00,3653.956065,3645.066555,3646.89,3668.088195,-2.182250985773835,0.9839248362758986,9849.04937326819,sl,7.0660649999999805,14.132129999999961
2025-09-15 08:38:00+00:00,2025-09-15 08:46:00+00:00,3651.38478,3645.946115,3647.77,3658.6143399999996,-1.717669595856627,0.9841714391701326,9847.331703672333,sl,3.6147799999998824,7.229559999999765
2025-09-15 08:57:00+00:00,2025-09-15 09:23:00+00:00,3651.7349549999994,3644.966605,3646.79,3661.6248649999984,-1.8964030775416427,0.9838205878775692,9845.43530059479,sl,4.9449549999994815,9.889909999998963
2025-09-15 09:55:00+00:00,2025-09-15 12:21:00+00:00,3647.7529649999997,3642.587795,3644.41,3654.4388949999993,-1.6808967945481457,0.9838464797446754,9843.754403800242,sl,3.342964999999822,6.685929999999644
2025-09-15 13:21:00+00:00,2025-09-16 06:57:00+00:00,3662.7404549999997,3699.770554317499,3643.3,3701.6213649999986,3.9866386473020823,0.989351430457784,9847.741042447544,tp,19.440454999999474,38.88090999999895
2025-09-16 09:14:00+00:00,2025-09-16 12:30:00+00:00,3706.8525,3700.958595,3702.81,3714.9375,-1.7668878856619685,0.9839912075666591,9845.974154561882,sl,4.042500000000018,8.085000000000036
2025-09-16 13:47:00+00:00,2025-09-16 15:05:00+00:00,3708.8034749999997,3695.5513,3697.4,3731.610424999999,-2.74190395444968,0.9828383498515901,9843.232250607432,sl,11.403474999999617,22.806949999999233
2025-09-16 17:01:00+00:00,2025-09-16 17:07:00+00:00,3702.680415,3697.19048,3699.04,3709.9612449999995,-1.7133176357286284,0.9835935009259408,9841.518932971703,sl,3.640414999999848,7.280829999999696
2025-09-16 20:02:00+00:00,2025-09-16 23:16:00+00:00,3698.578365,3703.3025174524996,3695.29,3705.1550949999996,-0.3562573567470757,0.98478041635678,9841.162675614956,tp,3.288364999999885,6.57672999999977
2025-09-17 10:46:00+00:00,2025-09-17 10:48:00+00:00,3680.529345,3674.7117250000006,3676.55,3688.4880349999994,-1.7611090218483085,0.983338497036684,9839.401566593107,sl,3.9793449999997392,7.9586899999994785
2025-09-17 11:43:00+00:00,2025-09-17 11:54:00+00:00,3681.9400499999997,3676.28094,3678.12,3689.5801499999993,-1.7393377566788883,0.9831840029055373,9837.662228836429,sl,3.82004999999981,7.64009999999962
2025-09-17 12:07:00+00:00,2025-09-17 14:17:00+00:00,3683.30073,3693.834348905,3677.11,3695.6821899999995,0.4215298177934418,0.9851729256270635,9838.083758654222,tp,6.190729999999803,12.381459999999606
2025-09-17 15:13:00+00:00,2025-09-17 15:29:00+00:00,3698.8384949999995,3692.542805,3694.39,3707.735484999999,-1.8202275395653236,0.9829711194453021,9836.263531114657,sl,4.448494999999639,8.896989999999278
2025-09-17 16:10:00+00:00,2025-09-17 17:16:00+00:00,3698.138145,3689.804175,3691.65,3711.1144349999995,-2.090847701318025,0.9825180234335813,9834.172683413339,sl,6.488144999999804,12.976289999999608
2025-09-17 18:03:00+00:00,2025-09-17 18:21:00+00:00,3695.6469,3685.3564,3687.2,3712.540700000001,-2.3512069703914262,0.982048109480423,9831.821476442947,sl,8.446900000000369,16.893800000000738
2025-09-17 21:15:00+00:00,2025-09-17 21:48:00+00:00,3667.602885,3661.6782450000005,3663.51,3675.788654999999,-1.7765034887768092,0.9823880321877054,9830.04497295417,sl,4.092884999999569,8.185769999999138
2025-09-18 09:32:00+00:00,2025-09-18 09:47:00+00:00,3673.0756199999996,3664.2169750000003,3666.05,3687.1268599999985,-2.1672136842366827,0.9818191027138943,9827.877759269933,sl,7.025619999999435,14.05123999999887
2025-09-18 11:05:00+00:00,2025-09-18 11:29:00+00:00,3669.944055,3663.857155,3665.69,3678.4521649999997,-1.7969893949182283,0.9819727592913664,9826.080769875016,sl,4.25405499999988,8.50810999999976
2025-09-18 12:05:00+00:00,2025-09-18 12:59:00+00:00,3672.705435,3664.8166750000005,3666.65,3684.8163049999994,-2.0368455963275034,0.9815527841753494,9824.043924278689,sl,6.055434999999761,12.110869999999522
2025-09-18 15:59:00+00:00,2025-09-18 23:32:00+00:00,3647.4628199999997,3641.408385,3643.23,3655.928459999999,-1.7969371138513215,0.981589044358376,9822.246987164837,sl,4.23281999999972,8.46563999999944
2025-09-19 07:18:00+00:00,2025-09-19 14:56:00+00:00,3658.16817,3669.0290777449995,3651.82,3670.8645099999994,0.47440379545443323,0.9836827852972355,9822.721390960292,tp,6.3481699999997545,12.696339999999509
2025-09-19 15:53:00+00:00,2025-09-19 16:22:00+00:00,3676.8975299999997,3670.72372,3672.56,3685.5725899999993,-1.8061048872331746,0.9814474816904866,9820.91528607306,sl,4.337529999999788,8.675059999999576
2025-09-19 17:12:00+00:00,2025-09-19 19:51:00+00:00,3677.5178399999995,3684.590303239999,3673.06,3686.4335199999987,-0.03867524484626572,0.9830358892517115,9820.876610828213,tp,4.457839999999578,8.915679999999156
2025-09-19 20:35:00+00:00,2025-09-21 10:09:00+00:00,3687.70293,3679.329415,3681.17,3700.7687899999996,-2.0959656484876126,0.9809726681024361,9818.780645179724,sl,6.532929999999851,13.065859999999702
2025-09-21 11:43:00+00:00,2025-09-22 06:25:00+00:00,3689.82399,3705.618234015,3681.0,3707.4719699999996,1.1174786750197312,0.983979522715708,9819.898123854744,tp,8.823989999999867,17.647979999999734
2025-09-22 08:08:00+00:00,2025-09-22 10:53:00+00:00,3726.20217,3736.757196745001,3719.99,3738.6265100000005,0.40743611405505376,0.9833806291286582,9820.3055599688,tp,6.212170000000242,12.424340000000484
2025-09-22 11:14:00+00:00,2025-09-22 11:35:00+00:00,3740.9895599999995,3735.0515400000004,3736.92,3749.1286799999984,-1.760632804359962,0.9812511743668871,9818.54492716444,sl,4.069559999999456,8.139119999998911
2025-09-22 12:06:00+00:00,2025-09-22 12:17:00+00:00,3736.4072699999997,3728.8346500000002,3730.7,3747.8218099999995,-1.9758274754401977,0.9808595247657697,9816.569099688999,sl,5.70726999999988,11.41453999999976
2025-09-22 12:51:00+00:00,2025-09-22 13:34:00+00:00,3732.0550949999997,3722.3079150000003,3724.17,3747.825284999999,-2.2622942491545848,0.980374990710456,9814.306805439845,sl,7.885094999999637,15.770189999999275
2025-09-22 14:09:00+00:00,2025-09-22 17:50:00+00:00,3732.4052699999997,3750.6595420949993,3722.34,3752.535809999999,1.4161368513368011,0.9838306480433647,9815.72294229118,tp,10.0652699999996,20.1305399999992
2025-09-22 18:39:00+00:00,2025-09-22 20:47:00+00:00,3753.63588,3758.9472261799997,3750.04,3760.8276399999995,-0.28781070525312646,0.9822667502741393,9815.435131585928,tp,3.595879999999852,7.191759999999704
2025-09-22 21:36:00+00:00,2025-09-22 22:12:00+00:00,3767.532825,3757.7501850000003,3759.63,3783.338474999999,-2.2545894549323937,0.9802691928965569,9813.180542130995,sl,7.902824999999666,15.805649999999332
2025-09-23 08:20:00+00:00,2025-09-23 08:40:00+00:00,3765.6518849999998,3772.1486371724995,3761.46,3774.035654999999,-0.13564710334909114,0.9821645716814319,9813.044895027646,tp,4.191884999999729,8.383769999999458
2025-09-23 09:04:00+00:00,2025-09-24 02:23:00+00:00,3792.8954999999996,3759.57927,3761.46,3855.766499999999,-5.28681102220764,0.9769946731537108,9807.758084005438,sl,31.435499999999593,62.870999999999185
2025-09-24 07:03:00+00:00,2025-09-24 07:16:00+00:00,3786.6623849999996,3781.338385,3783.23,3793.527154999999,-1.6695655951774016,0.980086329134501,9806.08851841026,sl,3.4323849999996128,6.8647699999992255
2025-09-24 07:37:00+00:00,2025-09-24 08:11:00+00:00,3788.163135,3781.4683200000004,3783.36,3797.769404999999,-1.84625661064419,0.9797423375679499,9804.242261799616,sl,4.803134999999656,9.606269999999313
2025-09-24 13:08:00+00:00,2025-09-24 13:31:00+00:00,3780.8294699999997,3774.27192,3776.16,3790.1684099999993,-1.8298081714841077,0.979573992000478,9802.412453628132,sl,4.669469999999819,9.338939999999639
2025-09-24 20:38:00+00:00,2025-09-24 22:25:00+00:00,3745.3417349999995,3752.9278023974985,3740.61,3754.8052049999983,0.01148934994659756,0.9812339686814414,9802.42394297808,tp,4.731734999999389,9.463469999998779
2025-09-25 07:14:00+00:00,2025-09-25 07:14:00+00:00,3755.73693,3751.3833700000005,3753.26,3760.6907899999997,-1.5478109718499924,0.9796742575835415,9800.87613200623,sl,2.476929999999811,4.953859999999622
2025-09-25 07:28:00+00:00,2025-09-25 08:03:00+00:00,3757.2877049999997,3764.5798834425,3752.7,3766.4631149999996,-0.029957179819509516,0.981038694715519,9800.84617482641,tp,4.587704999999914,9.175409999999829
2025-09-25 09:51:00+00:00,2025-09-25 11:03:00+00:00,3767.20266,3755.36138,3757.24,3787.12798,-2.518872409022059,0.978544289362982,9798.327302417389,sl,9.962660000000142,19.925320000000283
2025-09-25 12:03:00+00:00,2025-09-25 12:36:00+00:00,3763.2706949999997,3749.60426,3751.48,3786.852084999999,-2.7572001564244815,0.9780535836689833,9795.570102260965,sl,11.790694999999687,23.581389999999374
2025-09-25 13:20:00+00:00,2025-09-25 13:38:00+00:00,3752.85549,3742.0380450000002,3743.91,3770.74647,-2.389910780389844,0.9781452446903969,9793.180191480575,sl,8.945490000000063,17.890980000000127
2025-09-25 16:43:00+00:00,2025-09-25 16:44:00+00:00,3744.781455,3738.699715,3740.57,3753.204364999999,-1.7737571184256642,0.9785227848144464,9791.406434362149,sl,4.21145499999966,8.42290999999932
2025-09-25 17:57:00+00:00,2025-09-25 18:35:00+00:00,3748.143135,3755.1309002974995,3743.71,3757.0094049999993,-0.0673340823768146,0.9800533627165546,9791.339100279773,tp,4.433134999999766,8.866269999999531
2025-09-25 18:54:00+00:00,2025-09-25 19:31:00+00:00,3765.96204,3755.1215,3757.0,3783.8861199999997,-2.3869715175330937,0.9777246631736178,9788.95212876224,sl,8.962039999999888,17.924079999999776
2025-09-25 20:44:00+00:00,2025-09-25 22:08:00+00:00,3761.069595,3753.312405,3755.19,3772.8287849999997,-1.9873693302256477,0.9778857292752736,9786.964759432014,sl,5.879594999999881,11.759189999999762
2025-09-26 08:06:00+00:00,2025-09-26 10:40:00+00:00,3757.5878549999998,3751.8131550000003,3753.69,3765.383564999999,-1.7299798895267635,0.9779444404941687,9785.234779542487,sl,3.8978549999997085,7.795709999999417
2025-09-26 11:20:00+00:00,2025-09-26 13:10:00+00:00,3756.2772,3768.4864142,3749.23,3770.3716,0.6101579616544227,0.9801137496655686,9785.844937504142,tp,7.047199999999975,14.09439999999995
2025-09-26 14:26:00+00:00,2025-09-26 23:36:00+00:00,3789.803955,3765.946085,3767.83,3833.7518649999997,-4.055735049718567,0.9755042629636593,9781.789202454424,sl,21.973954999999933,43.947909999999865
2025-09-27 10:17:00+00:00,2025-09-27 10:25:00+00:00,3776.157135,3771.483315,3773.37,3781.731405,-1.5829286970076468,0.9775735651135483,9780.206273757416,sl,2.787135000000035,5.57427000000007
2025-09-27 10:28:00+00:00,2025-09-27 13:36:00+00:00,3776.9775449999997,3782.3005386825,3773.37,3784.1926349999994,-0.28953472015347115,0.9787098024580463,9779.916739037262,tp,3.6075449999998455,7.215089999999691
2025-09-27 17:06:00+00:00,2025-09-27 19:34:00+00:00,3785.892,3776.880615,3778.77,3800.1359999999995,-2.140762091131738,0.9768277395521466,9777.77597694613,sl,7.121999999999844,14.243999999999687
2025-09-28 09:38:00+00:00,2025-09-28 12:17:00+00:00,3780.4692899999995,3773.03254,3774.92,3791.5678699999985,-1.9385334595819563,0.9768158801151462,9775.837443486547,sl,5.549289999999473,11.098579999998947
2025-09-28 12:46:00+00:00,2025-09-28 13:36:00+00:00,3780.2191649999995,3773.53229,3775.42,3789.8174949999984,-1.841348917100266,0.9767191145461006,9773.996094569447,sl,4.799164999999448,9.598329999998896
2025-09-28 14:51:00+00:00,2025-09-28 14:51:00+00:00,3777.437775,3774.9116000000004,3776.8,3778.7133249999993,-1.303892529113444,0.9770727897175489,9772.692202040334,sl,0.6377749999996922,1.2755499999993845
2025-09-28 19:40:00+00:00,2025-09-28 20:02:00+00:00,3775.696905,3770.0340400000005,3771.92,3783.250714999999,-1.7094002225212583,0.97653635633785,9770.982801817812,sl,3.776904999999715,7.55380999999943
2025-09-29 07:13:00+00:00,2025-09-29 07:27:00+00:00,3831.89499,3822.8576150000004,3824.77,3846.1449699999994,-2.1281701635852732,0.9759460560742703,9768.854631654227,sl,7.124989999999798,14.249979999999596
2025-09-29 08:45:00+00:00,2025-09-29 21:15:00+00:00,3828.29319,3846.6552802149995,3818.15,3848.5795699999994,1.3635467419971108,0.9792282381455654,9770.218178396224,tp,10.143189999999777,20.286379999999554
2025-09-30 10:48:00+00:00,2025-09-30 11:15:00+00:00,3830.79444,3818.7396750000003,3820.65,3851.08332,-2.5127333823467737,0.9754845690263021,9767.705445013877,sl,10.144440000000031,20.288880000000063
2025-09-30 11:34:00+00:00,2025-09-30 14:06:00+00:00,3827.8729799999996,3842.0969305299986,3819.8,3844.0189399999986,0.836200058332432,0.9785853298896099,9768.54164507221,tp,8.072979999999461,16.145959999998922
2025-09-30 16:25:00+00:00,2025-09-30 18:06:00+00:00,3856.637355,3851.043515,3852.97,3863.972065,-1.6845823006009875,0.9761457279345547,9766.857062771609,sl,3.667355000000043,7.334710000000086
2025-09-30 18:53:00+00:00,2025-09-30 23:11:00+00:00,3862.1100899999997,3871.0337848649997,3856.68,3872.9702699999993,0.1505387090945136,0.9778140590453008,9767.007601480704,tp,5.430089999999836,10.860179999999673
2025-10-01 07:50:00+00:00,2025-10-01 08:20:00+00:00,3887.6628599999995,3900.437385709998,3880.3,3902.388579999998,0.6263718996189451,0.9783054374851745,9767.633973380323,tp,7.362859999999273,14.725719999998546
2025-10-01 08:58:00+00:00,2025-10-01 09:22:00+00:00,3906.4322399999996,3896.0510000000004,3898.0,3923.296719999999,-2.273326938362075,0.9754655359356059,9765.36064644196,sl,8.432239999999638,16.864479999999276
2025-10-01 11:07:00+00:00,2025-10-01 11:09:00+00:00,3898.538295,3892.17294,3894.12,3907.3748849999997,-1.7729605516122544,0.9757388429355196,9763.587685890348,sl,4.418294999999944,8.836589999999887
2025-10-01 12:16:00+00:00,2025-10-01 12:26:00+00:00,3901.26966,3888.6746900000003,3890.62,3922.56898,-2.5508349341530265,0.9747827163712529,9761.036850956196,sl,10.64966000000004,21.29932000000008
2025-10-01 14:27:00+00:00,2025-10-01 14:47:00+00:00,3885.151605,3877.510275,3879.45,3896.5548150000004,-1.9350458833962194,0.9751437829952185,9759.1018050728,sl,5.7016050000002,11.4032100000004
2025-10-01 15:44:00+00:00,2025-10-01 16:02:00+00:00,3878.49828,3870.58374,3872.52,3890.4548399999994,-1.970645220053543,0.9749144497369636,9757.131159852746,sl,5.978279999999813,11.956559999999627
2025-10-01 16:38:00+00:00,2025-10-01 17:46:00+00:00,3882.24015,3869.0744950000003,3871.01,3904.70045,-2.628503240492754,0.9740586714161983,9754.502656612254,sl,11.230149999999867,22.460299999999734
2025-10-01 18:32:00+00:00,2025-10-01 18:52:00+00:00,3876.4172399999998,3863.1574550000005,3865.09,3899.071719999999,-2.6421086437540824,0.973781938956428,9751.8605479685,sl,11.32723999999962,22.65447999999924
2025-10-01 19:38:00+00:00,2025-10-01 20:09:00+00:00,3875.1766199999997,3867.0854900000004,3869.02,3887.489859999999,-1.9922321870585897,0.9741679906003917,9749.868315781441,sl,6.156619999999748,12.313239999999496
2025-10-01 20:29:00+00:00,2025-10-01 23:43:00+00:00,3872.79543,3866.5757450000006,3868.51,3881.36629,-1.7571152669796661,0.9742039202313959,9748.111200514462,sl,4.285429999999906,8.570859999999811
2025-10-02 07:09:00+00:00,2025-10-02 14:34:00+00:00,3878.6183399999995,3866.2659,3868.2,3899.455019999999,-2.525524998217684,0.9732588539071357,9745.585675516244,sl,10.418339999999716,20.836679999999433
2025-10-02 17:05:00+00:00,2025-10-02 17:32:00+00:00,3857.197635,3848.884595,3850.81,3869.972905,-2.0236936619794417,0.9735083822719169,9743.561981854265,sl,6.387635000000046,12.775270000000091
2025-10-02 17:53:00+00:00,2025-10-03 03:19:00+00:00,3857.18763,3848.41483,3850.34,3870.8828899999994,-2.0812876003512852,0.9732481587438192,9741.480694253914,sl,6.847629999999754,13.695259999999507
2025-10-03 07:18:00+00:00,2025-10-03 13:01:00+00:00,3865.95201,3875.0575319850004,3860.43,3876.9960300000002,0.17191589013936381,0.975295280596127,9741.652610144054,tp,5.522010000000137,11.044020000000273
2025-10-03 13:42:00+00:00,2025-10-03 14:08:00+00:00,3887.612835,3871.98304,3873.92,3914.9985049999996,-2.9304785524909613,0.9722069894513659,9738.722131591563,sl,13.692834999999832,27.385669999999664
2025-10-03 14:23:00+00:00,2025-10-03 23:55:00+00:00,3878.01804,3865.1064800000004,3867.04,3899.97412,-2.5934669614889327,0.9722509971948623,9736.128664630074,sl,10.978039999999964,21.95607999999993
2025-10-04 08:05:00+00:00,2025-10-04 16:21:00+00:00,3891.4347449999996,3902.192162882499,3885.08,3904.144234999999,0.3707610708494474,0.9749585861199769,9736.499425700924,tp,6.354744999999639,12.709489999999278
2025-10-04 18:05:00+00:00,2025-10-04 18:15:00+00:00,3902.77041,3898.0599950000005,3900.01,3908.29123,-1.5606315630104093,0.9730623733804624,9734.938794137914,sl,2.7604099999998652,5.5208199999997305
2025-10-04 18:28:00+00:00,2025-10-04 18:33:00+00:00,3902.640345,3898.0599950000005,3900.01,3907.901034999999,-1.5441951680412065,0.9729226068526029,9733.394598969873,sl,2.630344999999579,5.260689999999158
2025-10-04 21:56:00+00:00,2025-10-04 22:14:00+00:00,3903.27066,3896.780635,3898.73,3912.3519800000004,-1.7817231181788071,0.9725302670458544,9731.612875851695,sl,4.540660000000116,9.081320000000233
2025-10-05 10:27:00+00:00,2025-10-05 10:35:00+00:00,3896.757405,3892.242905,3894.19,3901.8922149999994,-1.5363145506724085,0.9725975706051023,9730.076561301023,sl,2.5674049999997806,5.134809999999561
2025-10-05 11:52:00+00:00,2025-10-05 15:12:00+00:00,3896.457255,3891.5532500000004,3893.5,3902.3717649999994,-1.5846995680806457,0.9723953519139356,9728.491861732942,sl,2.9572549999998046,5.914509999999609
2025-10-05 17:54:00+00:00,2025-10-05 20:15:00+00:00,3896.0870699999996,3889.9940300000003,3891.94,3904.3812099999986,-1.732801580706833,0.972088473065653,9726.759060152235,sl,4.14706999999953,8.29413999999906
2025-10-05 21:15:00+00:00,2025-10-05 22:11:00+00:00,3899.738895,3888.5947300000003,3890.54,3918.136685,-2.3610792605646433,0.9712861128675264,9724.39798089167,sl,9.198894999999993,18.397789999999986
2025-10-06 07:02:00+00:00,2025-10-06 14:34:00+00:00,3942.0500399999996,3959.909174939999,3932.13,3961.8901199999987,1.2281368644948936,0.9746425775311932,9725.626117756165,tp,9.920039999999517,19.840079999999034
2025-10-06 15:45:00+00:00,2025-10-06 17:30:00+00:00,3968.90346,3957.18042,3959.16,3988.3903800000003,-2.4074663735755486,0.9711262716737146,9723.218651382589,sl,9.743460000000141,19.486920000000282
2025-10-06 17:51:00+00:00,2025-10-07 07:21:00+00:00,3970.34418,3956.66068,3958.64,3993.7525400000004,-2.646164342363727,0.9706463471430383,9720.572487040225,sl,11.704180000000179,23.408360000000357
2025-10-07 08:16:00+00:00,2025-10-07 12:06:00+00:00,3962.36019,3978.310419715,3953.39,3980.30057,0.9824636850109011,0.9740137261151486,9721.554950725236,tp,8.970190000000002,17.940380000000005
2025-10-07 12:53:00+00:00,2025-10-07 13:36:00+00:00,3988.583295,3980.0589750000004,3982.05,4001.6498849999994,-2.0099522455634027,0.9711166594864467,9719.544998479672,sl,6.533294999999725,13.06658999999945
2025-10-07 13:52:00+00:00,2025-10-08 00:25:00+00:00,3988.503255,4006.7653801175006,3978.37,4008.7697650000005,1.250960162165578,0.9741796396497828,9720.795958641838,tp,10.13325500000019,20.26651000000038
2025-10-08 08:06:00+00:00,2025-10-08 09:33:00+00:00,4051.0245,4041.9979900000003,4044.02,4065.0335,-2.053992542412748,0.9709965999216928,9718.741966099426,sl,7.004500000000007,14.009000000000015
2025-10-08 09:57:00+00:00,2025-10-08 10:37:00+00:00,4059.9189449999994,4040.9884950000005,4043.01,4093.736834999998,-3.2354191242696295,0.9696083858715444,9715.506546975155,sl,16.90894499999922,33.81788999999844
2025-10-08 11:41:00+00:00,2025-10-08 12:41:00+00:00,4051.074525,4043.41728,4045.44,4062.343575,-1.88883345777508,0.9706324536934339,9713.61771351738,sl,5.63452499999994,11.26904999999988
2025-10-08 14:51:00+00:00,2025-10-08 16:43:00+00:00,4062.8203949999997,4076.0221544075,4055.2,4078.0611849999996,0.605235207238758,0.9729399465054823,9714.222948724619,tp,7.620394999999917,15.240789999999834
2025-10-08 19:01:00+00:00,2025-10-08 19:06:00+00:00,4064.21109,4056.6406650000004,4058.67,4075.293269999999,-1.875253983771358,0.9705175584471376,9712.347694740847,sl,5.541089999999713,11.082179999999425
2025-10-08 21:15:00+00:00,2025-10-08 22:02:00+00:00,4060.079025,4051.5032350000006,4053.53,4073.1770749999996,-1.9959409718716952,0.9702090375397528,9710.351753768975,sl,6.549024999999801,13.098049999999603
2025-10-09 07:08:00+00:00,2025-10-09 07:28:00+00:00,4053.9559649999997,4042.3778,4044.4,4073.0678949999988,-2.3562947555010987,0.9696485291505469,9707.995459013473,sl,9.55596499999956,19.11192999999912
2025-10-09 07:47:00+00:00,2025-10-09 12:55:00+00:00,4050.214095,4060.4310538574996,4044.09,4062.462284999999,0.2524321361678171,0.9720240020395546,9708.24789114964,tp,6.12409499999967,12.24818999999934
2025-10-09 14:49:00+00:00,2025-10-09 15:24:00+00:00,4043.4106949999996,4031.14342,4033.16,4063.912084999999,-2.4420413173960576,0.9693520998974654,9705.805849832244,sl,10.250694999999723,20.501389999999446
2025-10-09 19:10:00+00:00,2025-10-10 00:20:00+00:00,3983.1205649999997,4002.9792041524993,3972.19,4004.981694999999,1.4465111000130328,0.973000096179417,9707.252360932258,tp,10.93056499999966,21.86112999999932
2025-10-10 07:47:00+00:00,2025-10-10 08:10:00+00:00,3976.46724,3988.86628914,3969.27,3990.86172,0.5411737823247205,0.9722386485240746,9707.793534714583,tp,7.197239999999965,14.39447999999993
2025-10-10 08:45:00+00:00,2025-10-10 12:47:00+00:00,3999.7888949999997,3989.9240400000003,3991.92,4015.526684999999,-2.1667200909175612,0.9695822155961369,9705.626814623665,sl,7.868894999999611,15.737789999999222
2025-10-10 14:20:00+00:00,2025-10-10 15:06:00+00:00,3995.6768399999996,4010.264384739999,3987.38,4012.2705199999987,0.7993462699666588,0.9723343620944277,9706.426160893632,tp,8.29683999999952,16.59367999999904
2025-10-10 15:25:00+00:00,2025-10-10 16:19:00+00:00,4025.6618249999997,3988.954525,3990.95,4095.0854749999994,-5.391535574711776,0.966217297812464,9701.03462531892,sl,34.71182499999986,69.42364999999972
2025-10-10 17:36:00+00:00,2025-10-10 19:21:00+00:00,4002.9104549999997,4022.699009317499,3992.01,4024.7113649999988,1.4253720711376006,0.9725013359389685,9702.459997390057,tp,10.90045499999951,21.80090999999902
2025-10-10 19:44:00+00:00,2025-10-10 21:00:00+00:00,4029.8038949999996,4014.2518700000005,4016.26,4056.8916849999982,-2.8405852453719493,0.9683737882819157,9699.619412144684,sl,13.543894999999338,27.087789999998677
2025-10-10 21:43:00+00:00,2025-10-14 03:53:00+00:00,3925.9820099999997,4180.334816984999,3797.76,4182.426029999999,30.419105717058134,1.0013824293608875,9730.038517861742,tp,128.2220099999995,256.444019999999
2025-10-14 07:16:00+00:00,2025-10-14 12:44:00+00:00,4133.075505,4116.24085,4118.3,4162.626514999999,-2.952619752165491,0.9710222542882968,9727.085898109575,sl,14.775504999999612,29.551009999999224
2025-10-14 13:39:00+00:00,2025-10-14 15:37:00+00:00,4131.20457,4151.0771331450005,4120.23,4153.1537100000005,1.3644889917445449,0.9750481269296317,9728.45038710132,tp,10.974570000000313,21.949140000000625
2025-10-14 16:41:00+00:00,2025-10-14 23:47:00+00:00,4157.5777499999995,4179.662373374999,4145.49,4181.753249999999,1.608397292340476,0.9754288648673398,9730.058784393661,tp,12.087749999999687,24.175499999999374
2025-10-15 07:39:00+00:00,2025-10-15 09:20:00+00:00,4226.03196,4207.954970000001,4210.06,4257.97588,-3.051957088850317,0.9709248461967126,9727.006827304811,sl,15.971959999999854,31.943919999999707
2025-10-15 11:41:00+00:00,2025-10-15 11:50:00+00:00,4228.112999999999,4220.2888,4222.4,4239.538999999999,-1.8718008341617636,0.9718006825788983,9725.135026470649,sl,5.712999999999738,11.425999999999476
2025-10-15 12:11:00+00:00,2025-10-15 12:15:00+00:00,4230.114,4217.89,4220.0,4250.341999999999,-2.376272012618739,0.9711083389734197,9722.758754458031,sl,10.113999999999578,20.227999999999156
2025-10-15 13:13:00+00:00,2025-10-15 13:32:00+00:00,4216.977435,4202.987455,4205.09,4240.752304999999,-2.5834438436610165,0.970663094696839,9720.17531061437,sl,11.887434999999641,23.774869999999282
2025-10-15 15:26:00+00:00,2025-10-15 15:33:00+00:00,4223.7108,4212.282805000001,4214.39,4242.352399999999,-2.28568503800778,0.9707025485720011,9717.889625576361,sl,9.320799999999508,18.641599999999016
2025-10-15 17:00:00+00:00,2025-10-15 17:13:00+00:00,4217.597744999999,4205.426235,4207.53,4237.733234999998,-2.3726232349336374,0.9703867260487513,9715.517002341427,sl,10.067744999999377,20.135489999998754
2025-10-15 17:45:00+00:00,2025-10-15 21:21:00+00:00,4215.3666299999995,4233.861900054998,4205.06,4235.979889999998,1.157698674976412,0.9736830819911103,9716.674701016404,tp,10.306629999999132,20.613259999998263
2025-10-16 09:45:00+00:00,2025-10-16 11:18:00+00:00,4244.931405,4260.263017892501,4236.2,4262.394215000001,0.7812857419093384,0.9734221780215715,9717.455986758312,tp,8.73140500000045,17.4628100000009
2025-10-16 11:45:00+00:00,2025-10-16 11:59:00+00:00,4266.402135,4257.240315,4259.37,4280.466405000001,-2.0140823289193337,0.9707022185654773,9715.441904429394,sl,7.03213500000038,14.06427000000076
2025-10-16 12:36:00+00:00,2025-10-16 12:39:00+00:00,4265.23155,4250.983445,4253.11,4289.474650000002,-2.5926544176161848,0.969921457482806,9712.849250011777,sl,12.121550000000752,24.243100000001505
2025-10-16 13:02:00+00:00,2025-10-16 15:06:00+00:00,4259.54871,4284.1429869349995,4246.18,4286.2861299999995,1.8299698560294737,0.9740889838410481,9714.679219867807,tp,13.368709999999737,26.737419999999474
2025-10-16 16:12:00+00:00,2025-10-16 16:40:00+00:00,4301.28957,4286.5356600000005,4288.68,4326.508709999999,-2.63592425601948,0.9698017995302916,9712.043295611787,sl,12.609569999999621,25.219139999999243
2025-10-16 18:42:00+00:00,2025-10-16 20:01:00+00:00,4318.007925,4335.315033112499,4308.27,4337.483774999999,0.9732026613907191,0.9731506829054749,9713.016498273179,tp,9.73792499999945,19.4758499999989
2025-10-16 20:44:00+00:00,2025-10-16 21:11:00+00:00,4351.824825,4367.589587762499,4342.85,4369.774474999998,0.7862401120095016,0.9730609508902176,9713.802738385188,tp,8.974824999999328,17.949649999998655
2025-10-17 07:10:00+00:00,2025-10-17 07:20:00+00:00,4416.537165,4398.529635,4400.73,4448.151495,-2.949702498953617,0.9693999713108762,9710.853035886234,sl,15.807165000000168,31.614330000000336
2025-10-17 08:50:00+00:00,2025-10-17 09:36:00+00:00,4402.740269999999,4376.860475,4379.05,4450.120809999998,-3.8223047210584746,0.9682312300976627,9707.030731165176,sl,23.690269999999146,47.38053999999829
2025-10-17 18:11:00+00:00,2025-10-17 23:42:00+00:00,4250.124,4220.44872,4222.56,4305.251999999999,-4.356143075114228,0.9673142442856891,9702.674588090062,sl,27.563999999999396,55.12799999999879
2025-10-18 09:52:00+00:00,2025-10-18 11:30:00+00:00,4250.934405,4237.88,4240.0,4272.803215,-2.458598834419569,0.968777637612199,9700.215989255643,sl,10.93440499999997,21.86880999999994
2025-10-18 13:22:00+00:00,2025-10-18 15:39:00+00:00,4241.049465,4232.722580000001,4234.84,4253.468395,-1.9213405012467188,0.9690693277520699,9698.294648754396,sl,6.209464999999909,12.418929999999818
2025-10-18 15:59:00+00:00,2025-10-18 16:20:00+00:00,4246.2320549999995,4238.01993,4240.14,4258.416164999998,-1.9067067163290359,0.9688916498089194,9696.387942038067,sl,6.092054999999164,12.184109999998327
2025-10-18 16:54:00+00:00,2025-10-18 17:28:00+00:00,4244.7613200000005,4255.814988020002,4238.17,4257.943960000001,0.29160376549713196,0.9709012992685724,9696.679545803565,tp,6.591320000000451,13.182640000000902
2025-10-18 17:52:00+00:00,2025-10-18 21:39:00+00:00,4262.340105,4241.75806,4243.88,4299.260315,-3.308499586453938,0.9673267817756782,9693.371046217111,sl,18.460105000000112,36.920210000000225
2025-10-19 07:34:00+00:00,2025-10-19 08:25:00+00:00,4244.331105,4238.57965,4240.7,4251.593315000001,-1.6254503413770136,0.9686803346149492,9691.745595875735,sl,3.631105000000389,7.262210000000778
2025-10-19 08:55:00+00:00,2025-10-19 12:50:00+00:00,4245.50169,4233.8820000000005,4236.0,4264.50507,-2.294135335937587,0.9678482725241601,9689.451460539796,sl,9.501690000000053,19.003380000000107
2025-10-19 13:23:00+00:00,2025-10-19 14:02:00+00:00,4244.521199999999,4237.260310000001,4239.38,4254.8035999999975,-1.796879368341413,0.9681163830687071,9687.654581171455,sl,5.141199999999117,10.282399999998233
2025-10-19 15:58:00+00:00,2025-10-19 19:05:00+00:00,4238.35812,4230.133875,4232.25,4250.57436,-1.9077372114782083,0.9678255464521194,9685.746843959976,sl,6.108119999999872,12.216239999999743
2025-10-19 20:27:00+00:00,2025-10-19 21:03:00+00:00,4240.369125,4231.713085,4233.83,4253.447375000001,-1.9561817703602253,0.9675860887143517,9683.790662189616,sl,6.53912500000024,13.07825000000048
2025-10-20 07:44:00+00:00,2025-10-20 08:49:00+00:00,4252.535204999999,4238.529675,4240.65,4276.305614999998,-2.5614404693682187,0.9667844101597532,9681.229221720248,sl,11.885204999999587,23.770409999999174
2025-10-20 09:29:00+00:00,2025-10-20 10:08:00+00:00,4245.791835,4236.64062,4238.76,4259.8555049999995,-2.010406888293166,0.9670795948786104,9679.218814831955,sl,7.031834999999774,14.063669999999547
2025-10-20 11:19:00+00:00,2025-10-20 12:18:00+00:00,4257.44766,4276.923448509999,4246.64,4279.062979999999,1.2437542587830785,0.9701357715134921,9680.462569090738,tp,10.807659999999487,21.615319999998974
2025-10-20 12:33:00+00:00,2025-10-20 19:01:00+00:00,4299.48867,4364.602616994999,4265.84,4366.786009999999,6.354950055164467,0.975376583547786,9686.817519145903,tp,33.64866999999958,67.29733999999917
2025-10-20 19:39:00+00:00,2025-10-20 19:42:00+00:00,4379.9889,4396.06756665,4370.85,4398.2667,0.8075254740892884,0.9704597371258054,9687.625044619992,tp,9.138899999999921,18.277799999999843
2025-10-20 21:40:00+00:00,2025-10-20 21:41:00+00:00,4372.755284999999,4363.926945,4366.11,4386.0458549999985,-1.9457222983454283,0.9677845667303842,9685.679322321646,sl,6.645284999999603,13.290569999999207
2025-10-20 21:48:00+00:00,2025-10-20 22:00:00+00:00,4373.575695,4362.347735,4364.53,4391.667085000002,-2.2105913606600143,0.9673246655370418,9683.468730960987,sl,9.045695000000705,18.09139000000141
2025-10-21 13:38:00+00:00,2025-10-21 13:47:00+00:00,4228.123005,4196.170865000001,4198.27,4287.829015,-4.6236111672424425,0.9646879498787351,9678.845119793745,sl,29.85300499999994,59.70600999999988
2025-10-21 15:12:00+00:00,2025-10-21 15:20:00+00:00,4159.41867,4131.49322,4133.56,4211.136009999999,-4.213720538208144,0.9646354268680344,9674.631399255537,sl,25.85866999999962,51.71733999999924
2025-10-21 18:02:00+00:00,2025-10-21 23:58:00+00:00,4124.2611,4095.73111,4097.78,4177.2233,-4.310378552547801,0.9641168782512572,9670.32102070299,sl,26.48109999999997,52.96219999999994
2025-10-22 07:49:00+00:00,2025-10-22 07:55:00+00:00,4156.557239999999,4142.937495,4145.01,4179.651719999997,-2.5497794512170566,0.9654477703894716,9667.771241251772,sl,11.547239999998965,23.09447999999793
2025-10-22 09:09:00+00:00,2025-10-22 09:16:00+00:00,4111.124535,4076.46075,4078.5,4176.373605,-5.038490585271838,0.9627013348747802,9662.7327506665,sl,32.62453499999992,65.24906999999985
2025-10-22 12:01:00+00:00,2025-10-22 13:39:00+00:00,4049.1135449999997,4090.574324682499,4027.36,4092.620634999999,3.975843126766047,0.971220338531948,9666.708593793266,tp,21.753544999999576,43.50708999999915
2025-10-22 16:28:00+00:00,2025-10-22 19:07:00+00:00,4050.714345,4089.3373434825,4030.38,4091.3830349999994,3.6372567730133465,0.9712793955478879,9670.34585056628,tp,20.334344999999757,40.668689999999515
2025-10-22 21:04:00+00:00,2025-10-22 21:11:00+00:00,4106.522235,4097.840055000001,4099.89,4119.786705,-1.9882846703314088,0.9660123126989958,9668.357565895949,sl,6.632235000000037,13.264470000000074
2025-10-23 07:05:00+00:00,2025-10-23 07:31:00+00:00,4120.449195,4105.88603,4107.94,4145.467585000001,-2.673701658434971,0.9651271821132731,9665.683864237513,sl,12.509195000000545,25.01839000000109
2025-10-23 08:18:00+00:00,2025-10-24 06:06:00+00:00,4115.246595,4087.5851850000004,4089.63,4166.479784999999,-4.2118062073999685,0.963319900116468,9661.472058030113,sl,25.616594999999506,51.23318999999901
2025-10-24 08:48:00+00:00,2025-10-24 09:55:00+00:00,4070.1740699999996,4053.0424650000004,4055.07,4100.382209999998,-2.997399477203824,0.9641139202460535,9658.474658552908,sl,15.10406999999941,30.208139999998366
2025-10-24 11:11:00+00:00,2025-10-24 13:07:00+00:00,4064.11104,4099.78220344,4045.25,4101.833119999999,3.268590221878402,0.9700861422193888,9661.743248774786,tp,18.861039999999775,37.72207999999955
2025-10-24 14:07:00+00:00,2025-10-24 16:22:00+00:00,4110.3841649999995,4137.182868752499,4095.95,4139.252494999999,2.1802867171839653,0.9693239355301929,9663.923535491971,tp,14.434164999999666,28.868329999999332
2025-10-24 19:01:00+00:00,2025-10-24 20:11:00+00:00,4107.382665,4092.47274,4094.52,4133.107995,-2.7186552723585837,0.9646383366134521,9661.204880219613,sl,12.862665000000106,25.725330000000213
2025-10-24 20:40:00+00:00,2025-10-25 01:18:00+00:00,4103.330639999999,4124.048864039998,4091.94,4126.111919999998,1.4704714142761635,0.9685595189551927,9662.675351633889,tp,11.390639999999166,22.781279999998333
2025-10-25 08:29:00+00:00,2025-10-25 10:05:00+00:00,4112.505225,4104.16689,4106.22,4125.075674999999,-1.9448687654400363,0.9652879543523013,9660.730482868448,sl,6.2852249999996275,12.570449999999255
2025-10-25 12:12:00+00:00,2025-10-25 14:43:00+00:00,4112.73534,4106.18588,4108.24,4121.726020000001,-1.7345311433859205,0.9653038209644232,9658.995951725063,sl,4.495340000000397,8.990680000000793
2025-10-25 15:05:00+00:00,2025-10-25 19:02:00+00:00,4111.864905,4104.64665,4106.7,4122.194715000001,-1.8128556155783162,0.9650517913482765,9657.183096109484,sl,5.1649050000005445,10.329810000001089
2025-10-25 21:12:00+00:00,2025-10-25 21:14:00+00:00,4112.034989999999,4106.3458,4108.4,4119.304969999998,-1.6331081553020268,0.9650502517073537,9655.549987954182,sl,3.6349899999995614,7.269979999999123
2025-10-25 21:35:00+00:00,2025-10-25 21:38:00+00:00,4112.044994999999,4106.3458,4108.4,4119.334984999999,-1.6340038292219146,0.9648858808470433,9653.91598412496,sl,3.6449949999996534,7.289989999999307
2025-10-26 10:33:00+00:00,2025-10-26 10:38:00+00:00,4105.29162,4097.959995,4100.01,4115.8548599999995,-1.8265741821400212,0.9645295537841402,9652.08940994282,sl,5.281619999999748,10.563239999999496
2025-10-26 10:54:00+00:00,2025-10-26 12:22:00+00:00,4108.75335,4095.93101,4097.98,4130.300050000001,-2.469784650711235,0.9637028592027735,9649.619625292109,sl,10.773350000000391,21.546700000000783
2025-10-26 13:45:00+00:00,2025-10-26 14:16:00+00:00,4104.321135,4097.23036,4099.28,4114.403405000001,-1.7976801644997504,0.9641284107754867,9647.821945127609,sl,5.041135000000395,10.08227000000079
2025-10-26 14:19:00+00:00,2025-10-26 14:36:00+00:00,4107.662804999999,4097.23036,4099.28,4124.428414999998,-2.1887108154079136,0.963557040738091,9645.633234312201,sl,8.38280499999928,16.76560999999856
2025-10-26 15:08:00+00:00,2025-10-26 15:09:00+00:00,4105.8318899999995,4098.0999249999995,4100.15,4117.195669999999,-1.8718717674694356,0.9636551067705214,9643.761362544732,sl,5.681889999999839,11.363779999999679
2025-10-26 15:47:00+00:00,2025-10-26 15:55:00+00:00,4103.9509499999995,4097.760095000001,4099.81,4112.232849999998,-1.691034737301549,0.9636487502674392,9642.07032780743,sl,4.140949999999066,8.281899999998132
2025-10-26 17:46:00+00:00,2025-10-26 18:26:00+00:00,4104.281115,4095.7211150000007,4097.77,4117.303344999998,-1.9686897128616896,0.9632015446124939,9640.10163809457,sl,6.511114999999336,13.022229999998672
2025-10-26 20:01:00+00:00,2025-10-26 20:31:00+00:00,4099.558755,4092.9525000000003,4095.0,4108.676265,-1.7399629977568303,0.9632334342459462,9638.361675096812,sl,4.558755000000019,9.117510000000038
2025-10-26 20:59:00+00:00,2025-10-26 22:00:00+00:00,4101.669809999999,4092.322815,4094.37,4116.2694299999985,-2.0609457940270173,0.9627379596753295,9636.300729302786,sl,7.299809999999525,14.59961999999905
2025-10-27 10:38:00+00:00,2025-10-27 11:08:00+00:00,4044.3111449999997,4027.985,4030.0,4072.933434999999,-2.906684324845761,0.961685073679112,9633.39404497794,sl,14.31114499999967,28.62228999999934
2025-10-27 12:04:00+00:00,2025-10-27 13:31:00+00:00,4035.246615,4019.7691100000006,4021.78,4062.1798449999997,-2.808973857667545,0.9614919225626893,9630.585071120273,sl,13.46661499999982,26.93322999999964
2025-10-27 15:30:00+00:00,2025-10-28 06:38:00+00:00,3986.69235,3949.0245000000004,3951.0,4058.0770499999994,-5.508188136155518,0.9585088278036754,9625.076882984118,sl,35.692349999999806,71.38469999999961
2025-10-28 09:44:00+00:00,2025-10-28 14:07:00+00:00,3919.048545,3948.230532182501,3903.47,3950.2056350000007,2.6174172365611117,0.9660911967317046,9627.694300220679,tp,15.578545000000304,31.157090000000608
2025-10-28 14:27:00+00:00,2025-10-28 14:40:00+00:00,3955.826925,3982.6684446125,3941.41,3984.660775,2.3003096724230803,0.9660357754699609,9629.994609893101,tp,14.416924999999992,28.833849999999984
2025-10-28 15:34:00+00:00,2025-10-28 18:32:00+00:00,3969.693855,3957.3303450000003,3959.31,3990.461565,-2.461118440301595,0.9614998423913999,9627.5334914528,sl,10.38385500000004,20.76771000000008
2025-10-28 19:03:00+00:00,2025-10-28 21:09:00+00:00,3965.4517349999996,3951.3833200000004,3953.36,3989.6352049999987,-2.668847654282067,0.9610455470380359,9624.864643798517,sl,12.091734999999517,24.183469999999033
2025-10-28 21:20:00+00:00,2025-10-28 22:07:00+00:00,3961.35969,3949.134445,3951.11,3981.859069999999,-2.4461773083424307,0.9610012883598693,9622.418466490175,sl,10.249689999999646,20.49937999999929
2025-10-29 07:04:00+00:00,2025-10-29 08:05:00+00:00,3988.35318,4007.45481023,3977.8,4009.45954,1.339711707847294,0.9645461044613263,9623.758178198023,tp,10.553179999999884,21.106359999999768
2025-10-29 08:26:00+00:00,2025-10-29 08:36:00+00:00,4015.256625,4002.0979500000003,4004.1,4037.569875,-2.5377330372273073,0.9607988836662412,9621.220445160796,sl,11.156625000000076,22.313250000000153
2025-10-29 09:46:00+00:00,2025-10-29 11:33:00+00:00,4025.5017449999996,4015.11144,4017.12,4042.265234999999,-2.202556825181585,0.960880368058957,9619.017888335615,sl,8.381744999999682,16.763489999999365
2025-10-29 16:11:00+00:00,2025-10-29 16:42:00+00:00,3999.1985999999997,3989.2143950000004,3991.21,4015.175799999999,-2.161419715366484,0.9607010701883835,9616.856468620248,sl,7.988599999999678,15.977199999999357
2025-10-29 18:03:00+00:00,2025-10-29 18:03:00+00:00,4003.030515,3994.5117450000002,3996.51,4016.0715449999993,-1.9839344691496792,0.9606623747676429,9614.872534151098,sl,6.520514999999705,13.04102999999941
2025-10-29 20:25:00+00:00,2025-10-29 20:50:00+00:00,3957.067545,3935.841095,3937.81,3995.5826349999998,-3.5377071330712933,0.9589084547367753,9611.334827018027,sl,19.257544999999936,38.51508999999987
2025-10-29 21:15:00+00:00,2025-10-29 22:00:00+00:00,3941.92998,3929.0345,3931.0,3963.7899399999997,-2.531669157958473,0.959561374918763,9608.803157860068,sl,10.929979999999887,21.859959999999774
2025-10-30 08:29:00+00:00,2025-10-30 09:21:00+00:00,3974.196105,3954.871575,3956.85,4008.888315,-3.2946846171124027,0.9585441753442386,9605.508473242955,sl,17.34610500000008,34.69221000000016
2025-10-30 10:52:00+00:00,2025-10-30 11:18:00+00:00,3986.9324699999997,3972.5627250000002,3974.55,4011.697409999999,-2.6898336943006336,0.9588198334634583,9602.818639548654,sl,12.382469999999557,24.764939999999115
2025-10-30 13:32:00+00:00,2025-10-30 19:05:00+00:00,3980.0090099999998,4016.437806485,3960.79,4018.4470299999994,3.4300261215109797,0.9646765666430195,9606.248665670164,tp,19.2190099999998,38.4380199999996
2025-10-30 21:50:00+00:00,2025-10-30 21:51:00+00:00,4022.360175,4017.0004950000002,4019.01,4029.060524999999,-1.5999874570834973,0.9599848639739067,9604.64867821308,sl,3.350174999999581,6.700349999999162
2025-10-31 07:04:00+00:00,2025-10-31 09:14:00+00:00,4016.917455,4005.746125,4007.75,4035.2523649999994,-2.294689486814139,0.959129307642136,9602.353988726265,sl,9.16745499999979,18.33490999999958
2025-10-31 09:58:00+00:00,2025-10-31 11:35:00+00:00,4010.14407,3997.74013,3999.74,4030.95221,-2.4438219438341324,0.9587503272560486,9599.91016678243,sl,10.404070000000047,20.808140000000094
2025-10-31 12:13:00+00:00,2025-10-31 12:41:00+00:00,4013.1055499999998,4025.8427216749997,4005.73,4027.8566499999993,0.5619403981960289,0.9615144715479871,9600.472107180627,tp,7.375549999999748,14.751099999999497
2025-10-31 13:08:00+00:00,2025-10-31 13:32:00+00:00,4028.2130999999995,4017.0804550000003,4019.09,4046.459299999998,-2.28534662392233,0.9587205846788193,9598.186760556704,sl,9.12309999999934,18.24619999999868
2025-10-31 14:25:00+00:00,2025-10-31 14:28:00+00:00,4025.33166,4015.8110900000006,4017.82,4040.354979999999,-2.093747957276922,0.9586836117101037,9596.093012599427,sl,7.511659999999665,15.02331999999933
2025-10-31 14:55:00+00:00,2025-10-31 15:03:00+00:00,4020.0690299999997,4010.6836550000003,4012.69,4034.827089999999,-2.078655614336081,0.9584891347803871,9594.014356985092,sl,7.379029999999602,14.758059999999205
2025-10-31 15:34:00+00:00,2025-10-31 15:45:00+00:00,4020.42921,4012.4127900000003,4014.42,4032.447629999999,-1.9149304962766673,0.9584449501523848,9592.099426488814,sl,6.009209999999712,12.018419999999423
2025-10-31 17:32:00+00:00,2025-10-31 18:13:00+00:00,3983.9809949999994,3997.5232235074986,3976.21,3999.5229849999982,0.669418608299608,0.9608402014586398,9592.768845097115,tp,7.770994999999402,15.541989999998805
2025-10-31 19:59:00+00:00,2025-11-01 19:28:00+00:00,3997.647825,4013.4557432625006,3988.74,4015.4634750000005,0.9354631068568765,0.961173521137706,9593.70430820397,tp,8.90782500000023,17.81565000000046
2025-11-01 19:45:00+00:00,2025-11-01 20:17:00+00:00,4017.92796,4010.53373,4012.54,4028.70388,-1.8412568018075346,0.9584876616802699,9591.863051402162,sl,5.387960000000021,10.775920000000042
2025-11-02 07:53:00+00:00,2025-11-02 09:26:00+00:00,4002.650325,3995.7311350000004,3997.73,4012.490975,-1.787406978947402,0.9583572554166856,9590.075644423216,sl,4.920325000000048,9.840650000000096
2025-11-02 12:30:00+00:00,2025-11-02 17:53:00+00:00,4002.82041,3995.2113950000003,3997.21,4014.0412299999994,-1.8695912396179586,0.9580960692719755,9588.206053183598,sl,5.610409999999774,11.220819999999549
2025-11-02 19:31:00+00:00,2025-11-02 20:18:00+00:00,4002.0700349999997,3996.850575,3998.85,4008.5101049999994,-1.5834375194546637,0.9581953631620672,9586.622615664142,sl,3.2200349999998252,6.4400699999996505
2025-11-02 21:16:00+00:00,2025-11-02 23:00:00+00:00,4001.83992,3993.8920550000003,3995.89,4013.73976,-1.9096871737883752,0.9577102846773032,9584.712928490353,sl,5.94992000000002,11.89984000000004
2025-11-03 07:02:00+00:00,2025-11-03 07:13:00+00:00,4018.6683299999995,4009.5442250000006,4011.55,4032.904989999998,-2.045454194312306,0.9573832218765996,9582.66747429604,sl,7.118329999999332,14.236659999998665
2025-11-03 07:51:00+00:00,2025-11-03 08:25:00+00:00,4022.180085,4010.363815,4012.37,4041.800255,-2.3644463865779803,0.9568591602032294,9580.303027909462,sl,9.810085000000072,19.620170000000144
2025-11-03 08:51:00+00:00,2025-11-03 09:25:00+00:00,4016.9774849999994,4009.0744600000003,4011.08,4028.7724549999984,-1.8995050962798499,0.9570878855802466,9578.403522813182,sl,5.897484999999506,11.794969999999012
2025-11-03 11:12:00+00:00,2025-11-03 14:51:00+00:00,4002.4002,4017.6507697,3993.77,4019.6606,0.8651911680155521,0.9596652086579917,9579.268713981197,tp,8.630200000000059,17.260400000000118
2025-11-03 19:54:00+00:00,2025-11-03 21:32:00+00:00,4003.6007999999997,3993.772115,3995.77,4019.262399999999,-2.13258773050964,0.9567510347023124,9577.136126250687,sl,7.830799999999726,15.661599999999453
2025-11-04 07:21:00+00:00,2025-11-04 13:34:00+00:00,3988.83342,3973.102455,3975.09,4016.3202599999995,-2.844317034748929,0.9558251207110309,9574.291809215938,sl,13.743419999999787,27.486839999999575
2025-11-04 15:33:00+00:00,2025-11-04 18:05:00+00:00,3953.79591,3938.4298000000003,3940.4,3980.5877299999993,-2.816054472121736,0.9555686951446167,9571.475754743817,sl,13.39590999999973,26.79181999999946
2025-11-04 19:26:00+00:00,2025-11-04 20:02:00+00:00,3939.8589449999995,3925.9560400000005,3927.92,3963.7368349999983,-2.644241563681479,0.9554587927034036,9568.831513180136,sl,11.938944999999421,23.877889999998843
2025-11-04 20:29:00+00:00,2025-11-04 21:06:00+00:00,3930.7143749999996,3920.21891,3922.18,3947.783124999999,-2.2331003643944154,0.9556056566102293,9566.598412815742,sl,8.534374999999727,17.068749999999454
2025-11-05 07:35:00+00:00,2025-11-05 08:06:00+00:00,3963.3306749999997,3971.705178987499,3958.15,3973.692024999999,0.05303891465651489,0.9576705507469778,9566.651451730399,tp,5.18067499999961,10.36134999999922
2025-11-05 10:46:00+00:00,2025-11-05 10:56:00+00:00,3962.750385,3953.092465,3955.07,3978.111154999999,-2.121280014478062,0.955499364523085,9564.53017171592,sl,7.68038499999966,15.36076999999932
2025-11-05 12:28:00+00:00,2025-11-05 14:25:00+00:00,3965.591805,3976.5661372925,3959.11,3978.555415,0.3656619804123238,0.957776455607612,9564.895833696331,tp,6.481804999999895,12.96360999999979
2025-11-05 16:46:00+00:00,2025-11-05 23:00:00+00:00,3980.2391249999996,3971.3933100000004,3973.38,3993.9573749999986,-2.0182937499735925,0.9554267163359956,9562.877539946358,sl,6.859124999999494,13.718249999998989
2025-11-06 07:16:00+00:00,2025-11-06 15:02:00+00:00,3994.8864449999996,3977.0404850000004,3979.03,4026.5993349999985,-3.090116508327484,0.9541517892755838,9559.78742343803,sl,15.85644499999944,31.71288999999888
2025-11-06 15:19:00+00:00,2025-11-06 15:37:00+00:00,3982.6703399999997,3968.024995,3970.01,4007.9910199999986,-2.711915922898432,0.9542210474683731,9557.075507515132,sl,12.66033999999945,25.3206799999989
2025-11-06 18:49:00+00:00,2025-11-06 19:53:00+00:00,3989.3436749999996,3977.7201450000002,3979.71,4008.611024999999,-2.3466113680315286,0.9543152546381198,9554.7288961471,sl,9.633674999999585,19.26734999999917
2025-11-06 20:35:00+00:00,2025-11-06 20:45:00+00:00,3983.1605849999996,3975.741135,3977.73,3994.021754999999,-1.8444646960447852,0.9545830079265918,9552.884431451055,sl,5.43058499999961,10.86116999999922
2025-11-06 21:25:00+00:00,2025-11-06 21:50:00+00:00,3979.7588849999997,3971.503255,3973.49,3992.2966549999996,-1.9451249696300281,0.9542976157912668,9550.939306481425,sl,6.268884999999955,12.53776999999991
2025-11-07 07:09:00+00:00,2025-11-07 07:23:00+00:00,4003.76088,3997.64018,3999.64,4012.0026399999997,-1.6844079122934095,0.9543638866224717,9549.254898569132,sl,4.120879999999943,8.241759999999886
2025-11-07 09:00:00+00:00,2025-11-07 09:34:00+00:00,4006.4522249999995,3996.910545,3998.91,4021.536674999999,-2.090903325535366,0.9537883749062842,9547.163995243596,sl,7.542224999999689,15.084449999999379
2025-11-07 12:06:00+00:00,2025-11-07 12:50:00+00:00,4003.46073,3987.1154450000004,3989.11,4032.162189999999,-2.901720202500912,0.9527674467686273,9544.262275041096,sl,14.350729999999658,28.701459999999315
2025-11-07 14:11:00+00:00,2025-11-07 14:31:00+00:00,3997.7478749999996,3989.8440800000003,3991.84,4009.5636249999984,-1.8969626118890712,0.9534827476398605,9542.365312429207,sl,5.907874999999422,11.815749999998843
2025-11-07 17:54:00+00:00,2025-11-08 05:38:00+00:00,3997.3476749999995,3987.8650700000003,3989.86,4012.3230249999983,-2.084936208778939,0.9531046997338757,9540.280376220428,sl,7.487674999999399,14.975349999998798
2025-11-08 08:41:00+00:00,2025-11-08 09:48:00+00:00,3992.245125,3986.0159950000007,3988.01,4000.7153749999993,-1.6975722989882456,0.9532837490721268,9538.58280392144,sl,4.235124999999698,8.470249999999396
2025-11-08 10:57:00+00:00,2025-11-08 14:12:00+00:00,3992.9554799999996,3985.8660700000005,3987.86,4003.1464399999986,-1.7997893423586113,0.9530115025523378,9536.783014579081,sl,5.0954799999994975,10.190959999998995
2025-11-08 15:01:00+00:00,2025-11-08 15:11:00+00:00,3990.944475,3984.86657,3986.86,3999.113424999999,-1.6791418836974694,0.9529521116858968,9535.103872695383,sl,4.084474999999657,8.168949999999313
2025-11-08 16:03:00+00:00,2025-11-08 16:21:00+00:00,3991.2146099999995,3984.4068,3986.4,4000.8438299999984,-1.7658979516665385,0.9526971865043762,9533.337974743716,sl,4.814609999999448,9.629219999998895
2025-11-08 19:43:00+00:00,2025-11-09 06:40:00+00:00,3987.7929,3994.0606706500002,3983.66,3996.0587,-0.20488691625998356,0.9540829935516635,9533.133087827455,tp,4.132900000000063,8.265800000000127
2025-11-09 09:48:00+00:00,2025-11-09 09:52:00+00:00,3991.564785,3987.475265,3989.47,3995.7543550000005,-1.4411790279271077,0.9528249547095278,9531.691908799528,sl,2.094785000000229,4.189570000000458
2025-11-09 09:55:00+00:00,2025-11-09 09:57:00+00:00,3991.995,3995.0464775000005,3989.47,3997.045,-0.5892326421963636,0.9535334917294861,9531.102676157332,tp,2.525000000000091,5.050000000000182
2025-11-09 13:03:00+00:00,2025-11-09 13:10:00+00:00,3994.126065,3990.0040000000004,3992.0,3998.378195,-1.4444384867218765,0.952618447576588,9529.65823767061,sl,2.126064999999926,4.252129999999852
2025-11-09 14:06:00+00:00,2025-11-09 15:21:00+00:00,3994.43622,3990.0339850000005,3992.03,3999.2486599999997,-1.4775685577778672,0.9524406959051883,9528.180669112833,sl,2.4062199999998484,4.812439999999697
2025-11-09 16:43:00+00:00,2025-11-09 18:52:00+00:00,3995.6368199999997,3990.0139950000003,3992.01,4002.8904599999987,-1.6225700938025622,0.9521476444619428,9526.55809901903,sl,3.6268199999994977,7.253639999998995
2025-11-09 20:13:00+00:00,2025-11-10 00:11:00+00:00,3997.687845,4006.9590532324996,3992.05,4008.9635349999994,0.15091185961353581,0.9537604822437603,9526.709010878643,tp,5.637844999999743,11.275689999999486
2025-11-10 08:01:00+00:00,2025-11-10 09:14:00+00:00,4077.0375,4069.0144750000004,4071.05,4089.0124999999994,-1.8890933835575248,0.9517335412455525,9524.819917495086,sl,5.987499999999727,11.974999999999454
2025-11-10 11:23:00+00:00,2025-11-10 12:54:00+00:00,4080.81939,4095.689300915001,4072.36,4097.7381700000005,0.781135413343754,0.9542173445073598,9525.60105290843,tp,8.459389999999985,16.918780000000424
2025-11-10 13:03:00+00:00,2025-11-10 13:47:00+00:00,4101.80988,4090.1539000000002,4092.2,4121.02964,-2.3046362422925246,0.9512066757242749,9523.296416666139,sl,9.609879999999976,19.21975999999995
2025-11-10 16:24:00+00:00,2025-11-10 18:01:00+00:00,4088.92344,4097.200694839999,4083.76,4099.250319999999,0.010612386495216897,0.9532935476007101,9523.307029052634,tp,5.1634399999998095,10.326879999999164
2025-11-10 18:18:00+00:00,2025-11-11 00:35:00+00:00,4103.140545,4121.100054182501,4093.13,4123.161635,1.1297681704103844,0.9544148859616355,9524.436797223045,tp,10.010545000000093,20.021090000000186
2025-11-11 07:22:00+00:00,2025-11-11 15:08:00+00:00,4124.131034999999,4109.22436,4111.28,4149.833104999999,-2.6720266052723853,0.9507223754925247,9521.764770617772,sl,12.851034999999683,25.702069999999367
2025-11-11 16:55:00+00:00,2025-11-11 17:33:00+00:00,4107.27261,4099.839055,4101.89,4118.037829999999,-1.8129640150641122,0.9513148278745878,9519.951806602709,sl,5.382609999999659,10.765219999999317
2025-11-11 19:11:00+00:00,2025-11-11 20:01:00+00:00,4103.600775,4111.865363837501,4098.44,4113.9223250000005,0.0056979924403836035,0.9529538324851965,9519.95750459515,tp,5.160775000000285,10.32155000000057
2025-11-11 21:16:00+00:00,2025-11-11 21:37:00+00:00,4119.348645,4111.193375,4113.25,4131.545935,-1.893408977388054,0.951053394877004,9518.064095617761,sl,6.098645000000033,12.197290000000066
2025-11-12 07:06:00+00:00,2025-11-12 07:43:00+00:00,4109.0034749999995,4099.978985,4102.03,4122.950424999999,-1.995974163350415,0.9507611965950207,9516.068121454411,sl,6.97347499999978,13.94694999999956
2025-11-12 09:17:00+00:00,2025-11-12 09:19:00+00:00,4123.36065,4116.150895000001,4118.21,4133.661949999999,-1.7827239156089423,0.9507748630929252,9514.285397538802,sl,5.150649999999587,10.301299999999173
2025-11-12 10:05:00+00:00,2025-11-12 10:23:00+00:00,4117.0174799999995,4108.474735,4110.53,4129.992439999999,-1.937540892796243,0.9504414403013853,9512.347856646007,sl,6.487479999999778,12.974959999999555
2025-11-12 10:59:00+00:00,2025-11-12 15:10:00+00:00,4120.449195,4140.9360812075,4109.17,4143.007585,1.4111715989766487,0.9535995568203978,9513.759028244984,tp,11.279195000000072,22.558390000000145
2025-11-12 16:32:00+00:00,2025-11-13 07:31:00+00:00,4180.66929,4207.603016065001,4166.15,4209.70787,2.110152297312856,0.9544404956174287,9515.869180542297,tp,14.519290000000183,29.038580000000366
2025-11-13 10:10:00+00:00,2025-11-13 10:37:00+00:00,4228.443165,4220.738575,4222.85,4239.629494999998,-1.8176569088421832,0.9507199811265141,9514.051523633454,sl,5.593164999999317,11.186329999998634
2025-11-13 12:08:00+00:00,2025-11-13 12:57:00+00:00,4224.99144,4231.7973628400005,4220.53,4233.91432,-0.18587521480358438,0.9521714485971392,9513.86564841865,tp,4.461440000000039,8.922880000000077
2025-11-13 13:18:00+00:00,2025-11-13 13:33:00+00:00,4227.7128,4216.07091,4218.18,4246.7784,-2.2599974285731212,0.9500766440573492,9511.605650990077,sl,9.532799999999952,19.065599999999904
2025-11-13 16:01:00+00:00,2025-11-13 17:18:00+00:00,4194.096,4178.589660000001,4180.68,4220.927999999998,-2.707709544652573,0.9494022578121672,9508.897941445424,sl,13.415999999999258,26.831999999998516
2025-11-14 09:11:00+00:00,2025-11-14 09:31:00+00:00,4168.573245,4152.922500000001,4155.0,4195.719734999999,-2.734144001732123,0.9491047548977082,9506.163797443693,sl,13.573244999999588,27.146489999999176
2025-11-14 14:38:00+00:00,2025-11-14 16:22:00+00:00,4052.40519,4082.8731122149998,4036.15,4084.9155699999997,2.6194045401579933,0.954189974258786,9508.78320198385,tp,16.255189999999857,32.510379999999714
2025-11-14 21:57:00+00:00,2025-11-15 15:10:00+00:00,4076.1770699999997,4095.962204394999,4065.26,4098.011209999999,1.354522277015823,0.9531860285039048,9510.137724260865,tp,10.917069999999512,21.834139999999024
2025-11-15 15:47:00+00:00,2025-11-15 16:00:00+00:00,4097.46771,4090.363795,4092.41,4107.58313,-1.7745913525091792,0.9501893704440214,9508.363132908356,sl,5.057710000000043,10.115420000000086
2025-11-15 16:53:00+00:00,2025-11-15 17:36:00+00:00,4098.918435,4087.945005,4089.99,4116.775304999999,-2.2223304836340025,0.9495635463535552,9506.140802424723,sl,8.928434999999808,17.856869999999617
2025-11-15 17:48:00+00:00,2025-11-15 19:34:00+00:00,4099.458705,4087.245355,4089.29,4119.796115,-2.365260882307583,0.9491980173775424,9503.775541542416,sl,10.168705000000045,20.33741000000009
2025-11-15 20:43:00+00:00,2025-11-16 22:51:00+00:00,4096.377165,4112.1743792525,4087.45,4114.231495,0.880301594978522,0.9522100658150352,9504.655843137394,tp,8.927165000000059,17.854330000000118
2025-11-17 07:30:00+00:00,2025-11-17 15:19:00+00:00,4064.0209949999994,4046.5757000000003,4048.6,4094.8629849999984,-2.9884190512832163,0.9484255908533096,9501.66742408611,sl,15.420994999999493,30.841989999998987
2025-11-17 17:02:00+00:00,2025-11-17 18:55:00+00:00,4060.28913,4051.1434150000005,4053.17,4074.52739,-2.0192118271756034,0.9490966272086442,9499.648212258935,sl,7.119130000000041,14.238260000000082
2025-11-17 20:33:00+00:00,2025-11-17 22:08:00+00:00,4021.7998949999997,4040.818265157499,4011.28,4042.8396849999986,1.2938956759744484,0.9522109278296976,9500.942107934909,tp,10.519894999999451,21.039789999998902
2025-11-18 08:33:00+00:00,2025-11-18 13:34:00+00:00,4023.4907399999997,4040.5709238899994,4013.94,4042.592219999999,1.064519105968337,0.9521108407401994,9502.006627040877,tp,9.550739999999678,19.101479999999356
2025-11-18 14:16:00+00:00,2025-11-18 14:46:00+00:00,4067.8329,4055.961005,4057.99,4087.5187,-2.3353856114339844,0.9488140911838377,9499.671241429443,sl,9.8429000000001,19.6858000000002
2025-11-18 16:19:00+00:00,2025-11-19 09:48:00+00:00,4057.0675199999996,4094.494288719999,4037.33,4096.542559999999,3.427412038510738,0.9543488850665216,9503.098653467954,tp,19.737519999999677,39.47503999999935
2025-11-19 09:56:00+00:00,2025-11-19 16:02:00+00:00,4101.699825,4079.0094750000003,4081.05,4142.999474999999,-3.576209066748975,0.9476813376176644,9499.522444401206,sl,20.64982499999951,41.29964999999902
2025-11-19 17:47:00+00:00,2025-11-19 23:46:00+00:00,4068.4131899999998,4090.7731602149993,4056.21,4092.819569999999,1.6579027098721388,0.9525627098598526,9501.180347111078,tp,12.203189999999722,24.406379999999444
2025-11-20 07:07:00+00:00,2025-11-20 07:23:00+00:00,4070.344155,4057.09044,4059.12,4092.7924649999995,-2.495442038741493,0.9485711638362025,9498.684905072336,sl,11.224154999999882,22.448309999999765
2025-11-20 08:01:00+00:00,2025-11-20 08:02:00+00:00,4059.78888,4051.51323,4053.54,4072.2866400000003,-1.9170269593846552,0.9489003639117609,9496.76787811295,sl,6.248880000000099,12.497760000000198
2025-11-20 12:50:00+00:00,2025-11-20 13:30:00+00:00,4072.425195,4064.06695,4066.1,4085.0755849999996,-1.923260494371727,0.9487022295464699,9494.844617618579,sl,6.325194999999894,12.650389999999788
2025-11-20 13:39:00+00:00,2025-11-20 16:22:00+00:00,4086.92244,4057.9799950000006,4060.01,4140.747319999999,-4.308114557404625,0.9461224696741274,9490.536503061174,sl,26.912439999999606,53.82487999999876
2025-11-20 17:52:00+00:00,2025-11-20 19:22:00+00:00,4052.9954849999995,4071.009931772499,4042.97,4073.046454999999,1.1579780321160742,0.9511627911293629,9491.69448109329,tp,10.025484999999662,20.050969999999325
2025-11-20 19:59:00+00:00,2025-11-20 20:11:00+00:00,4082.3901749999995,4071.06345,4073.1,4100.970524999999,-2.2646035290541366,0.9478526972775524,9489.429877564235,sl,9.290174999999635,18.58034999999927
2025-11-20 20:46:00+00:00,2025-11-20 22:26:00+00:00,4077.5277449999994,4066.2858400000005,4068.32,4095.943234999998,-2.2557714949226093,0.9476348511126135,9487.174106069311,sl,9.20774499999925,18.4154899999985
2025-11-21 07:32:00+00:00,2025-11-21 07:47:00+00:00,4033.6758299999997,4021.1983950000003,4023.21,4054.607489999999,-2.4145915614793187,0.9472500691145664,9484.759514507832,sl,10.465829999999642,20.931659999999283
2025-11-21 09:09:00+00:00,2025-11-21 10:14:00+00:00,4043.04051,4028.72463,4030.74,4067.64153,-2.6260116578579216,0.9467967365294546,9482.133502849974,sl,12.300510000000031,24.601020000000062
2025-11-21 12:23:00+00:00,2025-11-21 13:21:00+00:00,4042.9804799999997,4061.2697892799993,4032.82,4063.301439999999,1.1943674938797604,0.9503580758547319,9483.327870343854,tp,10.160479999999552,20.320959999999104
2025-11-21 15:59:00+00:00,2025-11-21 16:06:00+00:00,4069.4236949999995,4055.5312200000003,4057.56,4093.1510849999986,-2.565455484554237,0.9467140455954266,9480.762414859299,sl,11.863694999999552,23.727389999999104
2025-11-21 16:29:00+00:00,2025-11-21 16:52:00+00:00,4069.7138399999994,4090.2953492399984,4058.4,4092.341519999998,1.4468497718430262,0.9504735648225956,9482.209264631141,tp,11.313839999999345,22.62767999999869
2025-11-21 19:56:00+00:00,2025-11-21 20:02:00+00:00,4088.713335,4079.8590500000005,4081.9,4102.340005,-1.973900867845218,0.947194219815084,9480.235363763297,sl,6.8133349999998245,13.626670000000104
2025-11-22 07:01:00+00:00,2025-11-22 07:17:00+00:00,4063.680825,4058.10993,4060.14,4070.762475,-1.5971958589962267,0.9473737142315651,9478.6381679043,sl,3.5408250000000407,7.0816500000000815
2025-11-22 08:36:00+00:00,2025-11-22 09:15:00+00:00,4063.720845,4055.581195,4057.61,4075.942534999999,-1.896202141518728,0.9469145291780896,9476.741965762782,sl,6.110844999999699,12.221689999999398
2025-11-22 11:09:00+00:00,2025-11-23 06:37:00+00:00,4062.2200949999997,4053.1224250000005,4055.15,4076.360284999999,-2.007809452597824,0.9466130001238042,9474.734156310184,sl,7.070094999999583,14.140189999999166
2025-11-23 08:50:00+00:00,2025-11-23 12:47:00+00:00,4058.58828,4050.8235750000003,4052.85,4070.06484,-1.8528984315615755,0.9465670842837406,9472.881257878622,sl,5.738280000000032,11.476560000000063
2025-11-23 15:35:00+00:00,2025-11-23 16:30:00+00:00,4051.614795,4042.41778,4044.44,4065.9643849999998,-2.0213673904098606,0.9462129713688212,9470.859890488213,sl,7.174794999999904,14.349589999999807
2025-11-23 17:09:00+00:00,2025-11-23 23:02:00+00:00,4047.2225999999996,4058.3176260999994,4040.66,4060.347799999999,0.34978310627513876,0.948384156311408,9471.209673594489,tp,6.5625999999997475,13.125199999999495
2025-11-24 08:47:00+00:00,2025-11-24 12:48:00+00:00,4063.2606149999997,4076.982334077499,4055.38,4079.021844999999,0.6505038158922947,0.948720191366708,9471.86017741038,tp,7.88061499999958,15.76122999999916
2025-11-24 14:02:00+00:00,2025-11-24 14:30:00+00:00,4076.45721,4067.9749950000005,4070.01,4089.3516299999997,-1.931643942668624,0.9462005743727423,9469.928533467712,sl,6.447209999999814,12.894419999999627
2025-11-24 14:53:00+00:00,2025-11-24 18:40:00+00:00,4080.049005,4110.3708014925,4063.86,4112.427014999999,2.568382822202672,0.9505117479168907,9472.496916289914,tp,16.189004999999725,32.37800999999945
2025-11-24 18:52:00+00:00,2025-11-28 01:00:00+00:00,4119.148545,4179.994592182501,4087.68,4182.085635,6.04190867471935,0.9542458461498607,9478.538824964633,tp,31.468545000000177,62.93709000000035
2025-11-28 07:28:00+00:00,2025-11-28 07:38:00+00:00,4193.185545,4185.536185,4187.63,4204.296635000001,-1.8115439125829877,0.9469893279117922,9476.72728105205,sl,5.555545000000166,11.111090000000331
2025-11-28 11:18:00+00:00,2025-11-28 14:39:00+00:00,4177.3676399999995,4199.102318539999,4165.45,4201.202919999999,1.5152137733549034,0.9501380799585184,9478.242494825405,tp,11.917639999999665,23.83527999999933
2025-11-28 15:47:00+00:00,2025-11-28 16:51:00+00:00,4203.62076,4217.232608859999,4195.76,4219.342279999999,0.5852277936528937,0.9493588361123059,9478.827722619058,tp,7.860759999999573,15.721519999999146
2025-11-28 17:51:00+00:00,2025-11-28 18:07:00+00:00,4222.660275,4214.361765000001,4216.47,4235.040825,-1.878356471069981,0.9469513671579938,9476.949366147988,sl,6.190274999999929,12.380549999999857
2025-11-28 18:40:00+00:00,2025-11-28 22:03:00+00:00,4232.275079999999,4216.440725,4218.55,4259.725239999998,-2.7187437976451485,0.9459221149320859,9474.230622350344,sl,13.725079999999252,27.450159999998505
2025-11-29 07:27:00+00:00,2025-11-29 12:33:00+00:00,4237.05747,4248.307193795,4230.37,4250.432409999999,0.30906090037100076,0.9486808039393448,9474.539683250714,tp,6.687469999999848,13.374939999999697
2025-11-29 13:37:00+00:00,2025-11-29 15:33:00+00:00,4253.1555149999995,4245.975950000001,4248.1,4263.266544999998,-1.7463320035603194,0.9466542906121233,9472.793351247154,sl,5.0555149999991045,10.111029999998209
2025-11-29 17:46:00+00:00,2025-11-30 23:08:00+00:00,4243.830855,4234.711585,4236.83,4257.832565000001,-1.9640325730904724,0.9462615641157407,9470.829318674063,sl,7.000855000000229,14.001710000000458
2025-12-01 07:56:00+00:00,2025-12-01 10:04:00+00:00,4253.30559,4267.062171615001,4245.36,4269.1967700000005,0.5829734853532375,0.9486145198726325,9471.412292159415,tp,7.945590000000266,15.891180000000531
2025-12-01 10:47:00+00:00,2025-12-01 11:20:00+00:00,4273.135499999999,4263.68709,4265.82,4287.766499999999,-1.9932149709535683,0.9460941083533414,9469.419077188462,sl,7.315499999999702,14.630999999999403
2025-12-01 11:42:00+00:00,2025-12-01 12:05:00+00:00,4275.3366,4264.406730000001,4266.54,4292.929799999999,-2.156156873035162,0.9457314823281394,9467.262920315427,sl,8.796599999999671,17.593199999999342
2025-12-01 15:00:00+00:00,2025-12-01 15:15:00+00:00,4254.676275,4235.38125,4237.5,4289.028824999999,-3.0912890255890426,0.9445795825885421,9464.171631289837,sl,17.176274999999805,34.35254999999961
2025-12-01 16:07:00+00:00,2025-12-02 01:05:00+00:00,4248.7032899999995,4229.12438,4231.24,4283.629869999999,-3.1248802587359306,0.9442365193896373,9461.046751031101,sl,17.463289999999688,34.926579999999376
2025-12-02 07:19:00+00:00,2025-12-02 08:06:00+00:00,4229.553719999999,4219.499195,4221.61,4245.441159999998,-2.069523492364448,0.9449801317424883,9458.977227538737,sl,7.943719999999303,15.887439999998605
2025-12-02 08:40:00+00:00,2025-12-02 08:42:00+00:00,4231.1145,4223.92698,4226.04,4241.263499999999,-1.748506602925658,0.9450943104614095,9457.228720935811,sl,5.074499999999716,10.148999999999432
2025-12-02 09:54:00+00:00,2025-12-02 10:48:00+00:00,4200.048975,4185.915995,4188.01,4224.126924999999,-2.535289640705338,0.944131714167043,9454.693431295105,sl,12.038974999999482,24.077949999998964
2025-12-02 12:43:00+00:00,2025-12-02 14:13:00+00:00,4212.78534,4225.062431990001,4205.59,4227.176020000001,0.43081802370163447,0.9468470081613735,9455.124249318807,tp,7.195340000000215,14.39068000000043
2025-12-02 14:27:00+00:00,2025-12-02 14:30:00+00:00,4234.015949999999,4224.026930000001,4226.14,4249.7678499999965,-2.0597380078997993,0.944397084007989,9453.064511310908,sl,7.875949999998738,15.751899999997477
2025-12-02 17:01:00+00:00,2025-12-02 18:36:00+00:00,4195.51671,4184.536685,4186.63,4213.290129999999,-2.1810432738327723,0.9440694773345926,9450.883468037075,sl,8.886709999999766,17.773419999999533
2025-12-02 19:32:00+00:00,2025-12-02 19:37:00+00:00,4197.85788,4190.073915,4192.17,4209.233639999999,-1.8204369518420158,0.9442121219738394,9449.063031085232,sl,5.687879999999495,11.37575999999899
2025-12-02 19:58:00+00:00,2025-12-02 20:41:00+00:00,4198.007955,4207.678973067501,4192.12,4209.783865,0.14240318050684708,0.9459947009900203,9449.20543426574,tp,5.887955000000147,11.775910000000295
2025-12-02 21:38:00+00:00,2025-12-02 21:56:00+00:00,4214.38614,4206.4457250000005,4208.55,4226.0584199999985,-1.8342028667087562,0.944030370930796,9447.37123139903,sl,5.836139999999432,11.672279999998864
2025-12-03 08:44:00+00:00,2025-12-03 09:02:00+00:00,4214.956425,4206.705595,4208.81,4227.249275,-1.8684798320955056,0.9438124557635711,9445.502751566935,sl,6.146424999999908,12.292849999999817
2025-12-03 09:35:00+00:00,2025-12-03 10:10:00+00:00,4208.293094999999,4200.048925,4202.15,4220.579284999998,-1.8688259652385542,0.9436250742657208,9443.633925601696,sl,6.143094999999448,12.286189999998896
2025-12-03 10:28:00+00:00,2025-12-03 13:15:00+00:00,4207.392645,4221.2262660325,4199.42,4223.337935,0.6065854284231692,0.9459158938824753,9444.240511030119,tp,7.9726449999998295,15.945289999999659
2025-12-03 15:32:00+00:00,2025-12-03 15:59:00+00:00,4235.066475,4221.60814,4223.72,4257.759424999998,-2.4435345091671965,0.9429234400338787,9441.796976520951,sl,11.346474999999373,22.692949999998746
2025-12-03 18:44:00+00:00,2025-12-03 18:52:00+00:00,4215.416655,4206.955470000001,4209.06,4228.129964999999,-1.890810940677183,0.9432321188302483,9439.906165580274,sl,6.356654999999591,12.713309999999183
2025-12-03 19:20:00+00:00,2025-12-04 02:06:00+00:00,4214.756324999999,4206.55567,4208.66,4226.948974999998,-1.8614339314167703,0.9430722548814923,9438.044731648857,sl,6.096324999999524,12.192649999999048
2025-12-04 07:07:00+00:00,2025-12-04 08:59:00+00:00,4197.917909999999,4191.173365000001,4193.27,4207.213729999997,-1.7012235491277279,0.9430462959116696,9436.34350809973,sl,4.647909999998774,9.295819999997548
2025-12-04 10:23:00+00:00,2025-12-04 10:58:00+00:00,4209.713804999999,4202.967465,4205.07,4219.001414999999,-1.6989959243833601,0.9428782331187084,9434.644512175346,sl,4.643804999999702,9.287609999999404
2025-12-04 11:10:00+00:00,2025-12-04 11:24:00+00:00,4213.815855,4204.79655,4206.9,4227.647565,-1.95215639945007,0.9424547495676522,9432.692355775896,sl,6.915855000000192,13.831710000000385
2025-12-04 14:22:00+00:00,2025-12-05 15:32:00+00:00,4216.6472699999995,4251.3750590949985,4198.22,4253.501809999998,2.9371712331679203,0.9471535603711287,9435.629527009065,tp,18.427269999999226,36.85453999999845
2025-12-05 17:30:00+00:00,2025-12-05 17:35:00+00:00,4227.77283,4218.879505,4220.99,4241.33849,-1.9349857326628639,0.9425705375057494,9433.694541276402,sl,6.782830000000104,13.565660000000207
2025-12-06 09:10:00+00:00,2025-12-07 14:30:00+00:00,4214.8763850000005,4203.547175,4205.65,4233.329155000002,-2.2099478834194333,0.9421016078520728,9431.484593392983,sl,9.226385000000846,18.452770000001692
2025-12-07 15:58:00+00:00,2025-12-07 20:13:00+00:00,4210.454175,4201.13838,4203.24,4224.882525,-1.9854815615714965,0.9421050828605874,9429.499111831412,sl,7.214175000000068,14.428350000000137
2025-12-08 09:52:00+00:00,2025-12-08 10:30:00+00:00,4222.760324999999,4214.67161,4216.78,4234.720974999998,-1.8451590411488499,0.9420467989409335,9427.653952790262,sl,5.980324999999539,11.960649999999077
2025-12-08 11:30:00+00:00,2025-12-08 13:51:00+00:00,4220.28909,4211.433230000001,4213.54,4233.787270000001,-1.9309262981476456,0.9417762452261047,9425.723026492115,sl,6.749090000000251,13.498180000000502
2025-12-08 14:57:00+00:00,2025-12-08 14:58:00+00:00,4216.697295,4204.846525,4206.95,4236.191885,-2.2657687024395288,0.9412477817285004,9423.457257789674,sl,9.747295000000122,19.494590000000244
2025-12-08 16:21:00+00:00,2025-12-09 06:09:00+00:00,4202.05998,4186.64563,4188.74,4228.69994,-2.6690132722192352,0.940617329836585,9420.788244517455,sl,13.319980000000214,26.63996000000043
2025-12-09 07:02:00+00:00,2025-12-09 07:16:00+00:00,4195.846875,4189.534185,4191.63,4204.280625,-1.6500532453192518,0.941370141347774,9419.138191272135,sl,4.216875000000073,8.433750000000146
2025-12-09 08:57:00+00:00,2025-12-09 09:22:00+00:00,4200.549225,4215.1190611625,4192.21,4217.227674999999,0.6899926006641507,0.9435473590869646,9419.8281838728,tp,8.339224999999715,16.67844999999943
2025-12-09 10:16:00+00:00,2025-12-09 10:39:00+00:00,4214.40615,4207.35527,4209.46,4224.298449999999,-1.7291834073357122,0.9411948298097541,9418.099000465465,sl,4.946149999999761,9.892299999999523
2025-12-09 12:48:00+00:00,2025-12-09 13:15:00+00:00,4210.654275,4206.25582,4208.36,4215.242825,-1.4332259229691253,0.9413179921156931,9416.665774542496,sl,2.294275000000198,4.588550000000396
2025-12-09 14:45:00+00:00,2025-12-09 15:09:00+00:00,4212.6952949999995,4200.108895,4202.21,4233.6658849999985,-2.346983030356996,0.9402598542781708,9414.31879151214,sl,10.485294999999496,20.970589999998992
2025-12-09 15:59:00+00:00,2025-12-10 09:03:00+00:00,4216.8473699999995,4202.387755,4204.49,4241.562109999999,-2.5539078102793074,0.9398177891300648,9411.76488370186,sl,12.357369999999719,24.714739999999438
2025-12-10 10:15:00+00:00,2025-12-10 10:30:00+00:00,4205.391645,4197.900000000001,4200.0,4216.174934999999,-1.7786620031208642,0.9403381645315969,9409.98622169874,sl,5.3916449999996985,10.783289999999397
2025-12-10 13:26:00+00:00,2025-12-10 14:33:00+00:00,4207.752825,4199.75907,4201.86,4219.538474999999,-1.833944410700373,0.9401047825417155,9408.15227728804,sl,5.8928249999999025,11.785649999999805
2025-12-10 16:19:00+00:00,2025-12-10 19:08:00+00:00,4204.351125,4214.205218312501,4198.37,4216.313375000001,0.1606163472585448,0.9419177618379005,9408.312893635299,tp,5.981125000000247,11.962250000000495
2025-12-10 20:02:00+00:00,2025-12-11 16:53:00+00:00,4221.049469999999,4279.007835794997,4191.0,4281.148409999997,5.511890405022428,0.947290470238791,9413.824784040322,tp,30.04946999999902,60.09893999999804
2025-12-11 19:17:00+00:00,2025-12-12 08:10:00+00:00,4282.5401999999995,4301.168939699999,4272.15,4303.320599999999,1.1040428487395313,0.9434299512039758,9414.928826889061,tp,10.390199999999822,20.780399999999645
2025-12-12 08:32:00+00:00,2025-12-12 08:54:00+00:00,4307.942895,4316.9691206575,4302.35,4319.128685,0.04385317386158183,0.9424792150778457,9414.972680062923,tp,5.592894999999771,11.185789999999542
2025-12-12 09:55:00+00:00,2025-12-12 14:04:00+00:00,4329.263550000001,4353.692714675002,4315.96,4355.870650000002,1.7121863832683764,0.9441536079975583,9416.684866446192,tp,13.303550000000541,26.607100000001083
2025-12-12 17:23:00+00:00,2025-12-15 02:07:00+00:00,4301.78982,4336.5800852699995,4283.31,4338.749459999999,2.8623452982871758,0.9454763082511577,9419.547211744479,tp,18.479819999999563,36.959639999999126
2025-12-15 08:02:00+00:00,2025-12-15 10:34:00+00:00,4355.87685,4349.98392,4352.16,4363.310549999999,-1.578488139447679,0.9413175505855859,9417.96872360503,sl,3.716849999999795,7.43369999999959
2025-12-15 12:19:00+00:00,2025-12-15 13:02:00+00:00,4360.549185,4350.4836700000005,4352.66,4376.327555,-2.027691156930005,0.940709891094668,9415.9410324481,sl,7.889184999999998,15.778369999999995
2025-12-15 13:42:00+00:00,2025-12-15 13:56:00+00:00,4356.537179999999,4348.28477,4350.46,4368.691539999998,-1.8325138695905365,0.9407022916668863,9414.108518578509,sl,6.077179999999316,12.154359999998633
2025-12-15 15:46:00+00:00,2025-12-15 15:58:00+00:00,4341.759795,4331.7530400000005,4333.92,4357.439385,-2.025193433746791,0.9403259844085128,9412.083325144762,sl,7.839794999999867,15.679589999999735
2025-12-15 18:37:00+00:00,2025-12-16 02:54:00+00:00,4322.099969999999,4308.374735,4310.53,4345.239909999998,-2.4341616806262563,0.9397138847185688,9409.649163464135,sl,11.569969999999557,23.139939999999115
2025-12-16 07:42:00+00:00,2025-12-16 08:19:00+00:00,4301.199525,4290.453700000001,4292.6,4318.398574999999,-2.115210939945507,0.9397894949013696,9407.533952524189,sl,8.59952499999963,17.19904999999926
2025-12-16 08:44:00+00:00,2025-12-16 10:31:00+00:00,4295.696775,4286.3257650000005,4288.47,4310.1503250000005,-1.9658482897785554,0.9397272742368774,9405.56810423441,sl,7.226775000000089,14.453550000000178
2025-12-16 12:07:00+00:00,2025-12-16 13:30:00+00:00,4296.587219999999,4313.483839169998,4287.06,4315.6416599999975,0.9069953502004159,0.942406211985627,9406.47509958461,tp,9.527219999999033,19.054439999998067
2025-12-16 13:57:00+00:00,2025-12-16 16:38:00+00:00,4325.711775,4310.00392,4312.16,4352.815325,-2.646815177341443,0.9389396344155351,9403.82828440727,sl,13.551774999999907,27.103549999999814
2025-12-16 18:32:00+00:00,2025-12-16 19:25:00+00:00,4322.790315,4311.30327,4313.46,4341.4509450000005,-2.188583280150382,0.9391333785391156,9401.639701127118,sl,9.330315000000155,18.66063000000031
2025-12-17 08:51:00+00:00,2025-12-17 10:35:00+00:00,4335.70677,4325.29627,4327.46,4352.200309999999,-2.0677528446075026,0.939035252520625,9399.571948282512,sl,8.246769999999742,16.493539999999484
2025-12-17 11:52:00+00:00,2025-12-17 13:20:00+00:00,4333.02543,4341.484461855,4327.71,4343.656289999999,-0.02337167578882615,0.9408746978503127,9399.548576606723,tp,5.315429999999651,10.630859999999302
2025-12-17 13:31:00+00:00,2025-12-17 14:15:00+00:00,4348.923374999999,4339.339245,4341.51,4363.750124999998,-1.9746524281140436,0.9389191243569153,9397.573924178609,sl,7.413374999999178,14.826749999998356
2025-12-17 15:29:00+00:00,2025-12-17 15:37:00+00:00,4358.768295,4346.2357950000005,4348.41,4379.484885,-2.2894198675318025,0.9384063789292585,9395.284504311077,sl,10.358294999999998,20.716589999999997
2025-12-17 17:35:00+00:00,2025-12-17 18:42:00+00:00,4355.2665449999995,4342.357735,4344.53,4376.739634999999,-2.330495677897698,0.9381360908440542,9392.95400863318,sl,10.73654499999975,21.4730899999995
2025-12-17 19:24:00+00:00,2025-12-17 19:50:00+00:00,4352.885354999999,4345.6261,4347.8,4363.056064999998,-1.721738044629885,0.9385121749936819,9391.23227058855,sl,5.085354999999254,10.170709999998508
2025-12-17 20:42:00+00:00,2025-12-18 01:03:00+00:00,4358.308065,4350.50366,4352.68,4369.564195,-1.7791245075632496,0.9382823849362281,9389.453146080987,sl,5.628064999999879,11.256129999999757
2025-12-18 07:29:00+00:00,2025-12-18 08:04:00+00:00,4346.242034999999,4338.6296,4340.8,4357.126104999998,-1.760403537404916,0.9381230341047986,9387.692742543582,sl,5.442034999999123,10.884069999998246
2025-12-18 10:23:00+00:00,2025-12-18 12:27:00+00:00,4339.20852,4332.8325,4335.0,4347.62556,-1.6277919414990933,0.9380795618747338,9386.064950602084,sl,4.208520000000135,8.41704000000027
2025-12-18 13:31:00+00:00,2025-12-18 14:42:00+00:00,4345.041435,4330.8035150000005,4332.97,4369.184305,-2.474891083328939,0.937068672649529,9383.590059518754,sl,12.071434999999838,24.142869999999675
2025-12-18 15:32:00+00:00,2025-12-18 16:12:00+00:00,4349.29356,4369.194989660001,4338.25,4371.38068,1.2063583843162928,0.9405058702063981,9384.79641790307,tp,11.04356000000007,22.08712000000014
2025-12-18 19:31:00+00:00,2025-12-18 19:44:00+00:00,4348.923374999999,4337.979925,4340.15,4366.470124999999,-2.118074445632299,0.9372988662108855,9382.678343457437,sl,8.77337499999976,17.54674999999952
2025-12-18 20:35:00+00:00,2025-12-18 21:42:00+00:00,4350.43413,4339.829000000001,4342.0,4367.302389999999,-2.080740241541585,0.9371242183225245,9380.597603215896,sl,8.43412999999964,16.86825999999928
2025-12-19 08:32:00+00:00,2025-12-19 12:09:00+00:00,4339.678755,4331.942945,4334.11,4350.816265,-1.7733053892827804,0.9372236786109179,9378.824297826613,sl,5.5687550000002375,11.137510000000475
2025-12-19 12:41:00+00:00,2025-12-19 12:53:00+00:00,4339.7688,4332.3327500000005,4334.5,4350.3063999999995,-1.7405941435198948,0.9370789145536951,9377.083703683094,sl,5.268799999999828,10.537599999999657
2025-12-19 13:06:00+00:00,2025-12-19 14:47:00+00:00,4342.47015,4332.132850000001,4334.3,4358.81045,-2.0527050231686284,0.9365922576027437,9375.030998659926,sl,8.170149999999921,16.340299999999843
2025-12-19 15:24:00+00:00,2025-12-22 04:50:00+00:00,4359.078449999999,4408.8098423249985,4333.11,4411.015349999998,4.404992070285565,0.9428509428791575,9379.435990730211,tp,25.968449999999393,51.936899999998786
2025-12-22 09:08:00+00:00,2025-12-22 11:53:00+00:00,4431.97488,4422.7875,4425.0,4445.924639999999,-1.9091389749578767,0.936971431529593,9377.526851755254,sl,6.974879999999757,13.949759999999515
2025-12-22 12:17:00+00:00,2025-12-22 12:42:00+00:00,4433.085435,4423.24727,4425.46,4448.336305,-1.9772701967869428,0.9367121271058445,9375.549581558467,sl,7.625434999999925,15.25086999999985
2025-12-22 12:56:00+00:00,2025-12-22 13:11:00+00:00,4431.914849999999,4440.583147724998,4426.47,4442.804549999997,-0.02159890077215576,0.9384718310861607,9375.527982657695,tp,5.444849999998951,10.889699999997902
2025-12-22 14:01:00+00:00,2025-12-22 14:33:00+00:00,4444.661219999999,4434.631575,4436.85,4460.283659999996,-1.9943170766493665,0.9364949761652855,9373.533665581046,sl,7.811219999998684,15.622439999997368
2025-12-22 14:47:00+00:00,2025-12-22 15:12:00+00:00,4447.532655,4431.583100000001,4433.8,4474.997965,-2.6164212749733364,0.9356726179010324,9370.917244306072,sl,13.732654999999795,27.46530999999959
2025-12-22 15:32:00+00:00,2025-12-22 21:02:00+00:00,4441.609695,4457.279330457501,4432.66,4459.509085000001,0.7142467354603564,0.9387447158819499,9371.631491041533,tp,8.949695000000247,17.899390000000494
2025-12-22 21:19:00+00:00,2025-12-23 01:10:00+00:00,4469.403585,4507.5558496225,4449.2,4509.810755,3.058799721926018,0.9411631119380175,9374.69029076346,tp,20.203585000000203,40.407170000000406
2025-12-23 07:55:00+00:00,2025-12-23 08:19:00+00:00,4509.683715,4517.1714294275,4504.81,4519.431145,-0.15997759983819682,0.9382472987752831,9374.530313163621,tp,4.87371499999972,9.74742999999944
2025-12-23 10:29:00+00:00,2025-12-23 10:43:00+00:00,4509.023385,4498.5496,4500.8,4525.470155000001,-2.0251456399574197,0.9363642499263312,9372.505167523663,sl,8.223385000000235,16.44677000000047
2025-12-23 12:43:00+00:00,2025-12-23 13:51:00+00:00,4506.522135,4500.12881,4502.38,4514.806405,-1.601416234076177,0.9365856862044948,9370.903751289587,sl,4.142135000000053,8.284270000000106
2025-12-23 15:49:00+00:00,2025-12-23 19:11:00+00:00,4475.81679,4509.454514815,4457.87,4511.71037,2.5807107385765726,0.9406116975651004,9373.484462028164,tp,17.946789999999964,35.89357999999993
2025-12-23 20:56:00+00:00,2025-12-23 21:55:00+00:00,4512.405075,4503.60707,4505.86,4525.495225,-1.850226322101164,0.9364346545352505,9371.634235706062,sl,6.545074999999997,13.090149999999994
2025-12-24 08:41:00+00:00,2025-12-24 08:53:00+00:00,4509.363554999999,4498.809470000001,4501.06,4525.970664999996,-2.0327738582034374,0.9360667164288315,9369.601461847858,sl,8.303554999998596,16.607109999997192
2025-12-24 09:42:00+00:00,2025-12-24 10:33:00+00:00,4510.564155,4502.64755,4504.9,4521.892465000001,-1.7583791062161218,0.9361379049835533,9367.843082741643,sl,5.664155000000392,11.328310000000783
2025-12-24 12:21:00+00:00,2025-12-24 13:12:00+00:00,4514.806275,4500.118815,4502.37,4539.678825,-2.4590227208567894,0.9352605460994071,9365.384060020786,sl,12.436275000000023,24.872550000000047
2025-12-24 17:46:00+00:00,2025-12-24 22:42:00+00:00,4500.36906,4491.263245,4493.51,4514.0871799999995,-1.8830627250525107,0.9355909342112373,9363.500997295734,sl,6.859059999999772,13.718119999999544
2025-12-25 07:11:00+00:00,2025-12-25 07:51:00+00:00,4499.14845,4489.464145,4491.71,4514.025349999999,-1.9430775008457588,0.9353423645933209,9361.557919794888,sl,7.438449999999648,14.876899999999296
2025-12-25 07:59:00+00:00,2025-12-25 08:36:00+00:00,4499.558655,4489.464145,4491.71,4515.255964999999,-1.9852124543702008,0.9351056852103289,9359.572707340518,sl,7.848654999999781,15.697309999999561
2025-12-25 09:58:00+00:00,2025-12-25 23:02:00+00:00,4500.859304999999,4514.219676042497,4493.05,4516.477914999997,0.45180346938016225,0.937346420624056,9360.024510809899,tp,7.809304999998858,15.618609999997716
2025-12-26 08:16:00+00:00,2025-12-26 15:32:00+00:00,4536.016874999999,4557.550709687499,4524.11,4559.830624999999,1.2835182078477554,0.93822419348232,9361.308029017746,tp,11.906874999999673,23.813749999999345
2025-12-26 16:05:00+00:00,2025-12-26 16:52:00+00:00,4573.275495,4555.211255,4557.49,4604.846485,-2.783120014680614,0.9342819648519459,9358.524909003065,sl,15.785495000000083,31.570990000000165
2025-12-26 18:41:00+00:00,2025-12-27 01:08:00+00:00,4550.524125,4539.529100000001,4541.8,4567.972374999999,-2.065330275201328,0.9347218825076127,9356.459578727863,sl,8.72412499999973,17.44824999999946
2025-12-27 07:34:00+00:00,2025-12-27 18:28:00+00:00,4564.130925,4571.385938612502,4559.36,4573.672775000002,-0.19275140159002657,0.9363895960672635,9356.266827326273,tp,4.770925000000716,9.541850000001432
2025-12-27 19:27:00+00:00,2025-12-27 20:36:00+00:00,4575.456585,4569.9139000000005,4572.2,4581.969755,-1.50176669518358,0.9350599760134573,9354.765060631089,sl,3.2565850000000864,6.513170000000173
2025-12-28 07:09:00+00:00,2025-12-28 13:27:00+00:00,4570.634175,4560.7185,4563.0,4585.902525,-1.9491875982720188,0.934461780245082,9352.815873032818,sl,7.634175000000141,15.268350000000282
2025-12-28 13:57:00+00:00,2025-12-29 00:00:00+00:00,4558.528125,4545.975875,4548.25,4579.084374999999,-2.221677995784708,0.933993903210708,9350.594195037032,sl,10.278124999999818,20.556249999999636
2025-12-29 08:14:00+00:00,2025-12-29 08:48:00+00:00,4500.42909,4482.307725000001,4484.55,4532.1872699999985,-2.815725478890091,0.933176870895709,9347.778469558143,sl,15.87908999999945,31.7581799999989
2025-12-29 09:22:00+00:00,2025-12-29 10:31:00+00:00,4483.590675,4473.3622000000005,4475.6,4499.572025,-1.999972149767938,0.9337115863924388,9345.778497408375,sl,7.99067500000001,15.98135000000002
2025-12-29 11:19:00+00:00,2025-12-29 11:38:00+00:00,4481.33955,4469.764,4472.0,4500.018649999999,-2.140404171910353,0.9333708163853126,9343.638093236465,sl,9.33954999999969,18.67909999999938
2025-12-29 12:10:00+00:00,2025-12-29 13:42:00+00:00,4471.744755,4455.15131,4457.38,4500.474264999999,-2.666216924173665,0.932630222622095,9340.971876312291,sl,14.364754999999604,28.72950999999921
2025-12-29 16:39:00+00:00,2025-12-29 17:26:00+00:00,4363.190505,4346.2357950000005,4348.41,4392.751514999999,-2.7471637455827373,0.9322823061918382,9338.224712566709,sl,14.780504999999721,29.561009999999442
2025-12-29 17:58:00+00:00,2025-12-30 02:54:00+00:00,4355.336579999999,4378.799245129998,4342.51,4380.989739999997,1.578963115802262,0.9363377721446179,9339.803675682511,tp,12.826579999999012,25.653159999998024
2025-12-30 13:01:00+00:00,2025-12-30 13:13:00+00:00,4423.720755,4413.851970000001,4416.06,4439.042265,-1.9747370857564879,0.9329385690515464,9337.828938596755,sl,7.660754999999881,15.321509999999762
2025-12-30 15:08:00+00:00,2025-12-30 16:08:00+00:00,4390.5942,4375.021395000001,4377.21,4417.362599999999,-2.588123586458068,0.9321268971703878,9335.240815010297,sl,13.38419999999951,26.76839999999902
2025-12-30 16:29:00+00:00,2025-12-30 19:47:00+00:00,4390.183994999999,4371.852980000001,4374.04,4422.471984999998,-2.8805189587527136,0.9315751376799568,9332.360296051544,sl,16.14399499999945,32.2879899999989
2025-12-30 20:23:00+00:00,2025-12-30 23:26:00+00:00,4372.134975,4356.000910000001,4358.18,4400.044924999999,-2.6534292483916837,0.9315141144712339,9329.706866803152,sl,13.95497499999965,27.9099499999993
2025-12-31 07:20:00+00:00,2025-12-31 08:10:00+00:00,4350.4141199999995,4335.870980000001,4338.04,4375.162359999998,-2.4908401923280454,0.931411257745733,9327.216026610824,sl,12.374119999999493,24.748239999998987
2025-12-31 11:50:00+00:00,2025-12-31 12:05:00+00:00,4332.7052699999995,4322.447695,4324.61,4348.895809999999,-2.035715429382014,0.9316175047364368,9325.180311181442,sl,8.0952699999998,16.1905399999996
2025-12-31 12:36:00+00:00,2025-12-31 13:40:00+00:00,4330.103969999999,4344.938354044997,4321.6,4347.111909999997,0.6632285569123271,0.9341153750501068,9325.843539738355,tp,8.503969999998844,17.00793999999769
2025-12-31 14:33:00+00:00,2025-12-31 14:40:00+00:00,4360.47915,4347.635095000001,4349.81,4381.81745,-2.3047026646237594,0.9312108621713832,9323.538837073731,sl,10.669149999999718,21.338299999999435
2025-12-31 14:48:00+00:00,2025-12-31 15:10:00+00:00,4362.870344999999,4345.32625,4347.5,4393.611034999998,-2.8050829029181266,0.9304792800845396,9320.733754170813,sl,15.37034499999936,30.74068999999872
2025-12-31 18:16:00+00:00,2025-12-31 18:32:00+00:00,4350.574199999999,4338.879475000001,4341.05,4369.622599999997,-2.1835681164466427,0.9308206279285633,9318.550186054366,sl,9.524199999998928,19.048399999997855
2026-01-01 08:03:00+00:00,2026-01-01 13:51:00+00:00,4346.9724,4339.619105,4341.79,4357.337199999999,-1.719225171241686,0.9310668602944896,9316.830960883124,sl,5.182399999999689,10.364799999999377
2026-01-01 14:10:00+00:00,2026-01-01 16:05:00+00:00,4349.29356,4341.06838,4343.24,4361.400680000001,-1.8117798062211323,0.9308021184004918,9315.019181076903,sl,6.053560000000289,12.107120000000577
2026-01-01 17:28:00+00:00,2026-01-01 22:34:00+00:00,4346.962395,4334.9714300000005,4337.14,4366.607184999998,-2.214977167789927,0.9302171580979984,9312.804203909112,sl,9.822394999999233,19.644789999998466
2026-01-02 07:57:00+00:00,2026-01-02 13:32:00+00:00,4396.307054999999,4384.0069,4386.2,4416.521164999998,-2.2327635154739007,0.9299776345099474,9310.571440393638,sl,10.107054999999491,20.214109999998982
2026-01-02 15:41:00+00:00,2026-01-02 16:00:00+00:00,4361.099459999999,4346.935445,4349.11,4385.078379999999,-2.441492754085747,0.9295451964817599,9308.129947639552,sl,11.98945999999978,23.97891999999956
2026-01-02 17:01:00+00:00,2026-01-02 18:10:00+00:00,4347.162495,4329.644095000001,4331.81,4377.867484999998,-2.8044544829577953,0.9289374777587562,9305.325493156595,sl,15.35249499999918,30.70498999999836
2026-01-02 19:13:00+00:00,2026-01-03 08:14:00+00:00,4337.877855,4358.7530982174985,4326.35,4360.933564999998,1.3062372312242794,0.9327715581049889,9306.63173038782,tp,11.527854999999363,23.055709999998726
2026-01-03 09:04:00+00:00,2026-01-03 09:44:00+00:00,4368.353085,4358.77952,4360.96,4383.139254999999,-1.9494515404873978,0.9296433648631578,9304.682278847333,sl,7.393084999999701,14.786169999999402
2026-01-03 12:04:00+00:00,2026-01-03 13:07:00+00:00,4373.045429999999,4365.97592,4368.16,4382.816289999998,-1.6818183558973627,0.9297161256544904,9303.000460491436,sl,4.88542999999936,9.77085999999872
2026-01-03 16:04:00+00:00,2026-01-03 21:10:00+00:00,4363.730775,4355.171325,4357.35,4376.492324999999,-1.8417785815719896,0.9293876551226943,9301.158681909863,sl,6.38077499999963,12.76154999999926
2026-01-03 21:54:00+00:00,2026-01-03 22:24:00+00:00,4362.330074999999,4354.771525,4356.95,4373.090224999997,-1.7351096269700466,0.9293100686326489,9299.423572282893,sl,5.380074999999124,10.760149999998248
2026-01-04 07:41:00+00:00,2026-01-04 08:24:00+00:00,4357.207514999999,4350.4237,4352.6,4366.422544999997,-1.6531404529686844,0.9292184352105313,9297.770431829924,sl,4.607514999998784,9.215029999997569
2026-01-04 10:43:00+00:00,2026-01-04 10:51:00+00:00,4356.166995,4351.203310000001,4353.38,4361.740984999999,-1.4589699377070087,0.9292473205658514,9296.311461892217,sl,2.7869949999994788,5.5739899999989575
2026-01-04 12:06:00+00:00,2026-01-04 17:07:00+00:00,4352.185005,4359.774037492501,4347.3,4361.9550150000005,-0.11992912692776536,0.9304416587210151,9296.19153276529,tp,4.885005000000092,9.770010000000184
2026-01-04 18:52:00+00:00,2026-01-04 20:08:00+00:00,4365.90186,4376.33631721,4359.59,4378.5255799999995,0.1801597098223099,0.9307300430293807,9296.371692475112,tp,6.311859999999797,12.623719999999594
2026-01-04 20:47:00+00:00,2026-01-04 22:12:00+00:00,4373.94588,4365.13634,4367.32,4387.197640000001,-1.8648894993637826,0.9287009807288763,9294.506802975748,sl,6.625880000000507,13.251760000001013
2026-01-05 08:13:00+00:00,2026-01-05 09:43:00+00:00,4436.25702,4445.767064469999,4430.39,4447.991059999999,0.06578901672505988,0.9304469162305303,9294.572591992473,tp,5.867019999999684,11.734039999999368
2026-01-05 10:53:00+00:00,2026-01-05 11:06:00+00:00,4451.6347049999995,4440.508635,4442.73,4469.444114999999,-2.0898023914859385,0.9282957525603216,9292.482789600988,sl,8.904704999999922,17.809409999999843
2026-01-05 13:46:00+00:00,2026-01-05 15:06:00+00:00,4427.312550000001,4462.705181175002,4408.5,4464.937650000002,2.78131571382058,0.9329625572311505,9295.264105314809,tp,18.812550000000556,37.62510000000111
2026-01-05 16:50:00+00:00,2026-01-05 17:00:00+00:00,4463.240505,4449.9739,4452.2,4485.321515,-2.309614269572725,0.9281449412031112,9292.954491045237,sl,11.04050499999994,22.08100999999988
2026-01-05 18:07:00+00:00,2026-01-05 18:26:00+00:00,4460.34906,4452.2327700000005,4454.46,4472.127179999999,-1.7739478325719107,0.9284499512231749,9291.180543212666,sl,5.8890599999995175,11.778119999999035
2026-01-05 20:22:00+00:00,2026-01-05 20:33:00+00:00,4456.8273,4448.53462,4450.76,4468.961899999999,-1.7926442030685794,0.92825366378198,9289.387899009596,sl,6.067299999999705,12.13459999999941
2026-01-06 08:19:00+00:00,2026-01-06 09:11:00+00:00,4472.985375,4464.72652,4466.96,4485.0361250000005,-1.785670721301234,0.9280812003800385,9287.602228288295,sl,6.025375000000167,12.050750000000335
2026-01-06 10:18:00+00:00,2026-01-06 14:35:00+00:00,4462.280025,4484.5766649625,4450.01,4486.820075,1.3892839106302712,0.9310805873267867,9288.991512198925,tp,12.270024999999805,24.54004999999961
2026-01-06 14:46:00+00:00,2026-01-07 05:34:00+00:00,4494.8463,4469.374195,4471.61,4541.318900000001,-3.5582833525850806,0.92626713500231,9285.43322884634,sl,23.236300000000483,46.472600000000966
2026-01-07 07:11:00+00:00,2026-01-07 12:18:00+00:00,4465.961864999999,4453.961905,4456.19,4485.505594999999,-2.1747855195977333,0.9272958331982345,9283.258443326742,sl,9.771864999999707,19.543729999999414
2026-01-07 13:23:00+00:00,2026-01-07 15:14:00+00:00,4454.686229999999,4440.11883,4442.34,4479.378689999998,-2.444680747158921,0.9268079715570723,9280.813762579583,sl,12.346229999999196,24.69245999999839
2026-01-07 16:01:00+00:00,2026-01-08 00:01:00+00:00,4463.9008349999995,4477.342713747498,4456.06,4479.582504999998,0.4678593749822959,0.9294787143472878,9281.281621954566,tp,7.8408349999990605,15.681669999998121
2026-01-08 07:30:00+00:00,2026-01-08 07:40:00+00:00,4449.713744999999,4442.27775,4444.5,4460.141234999997,-1.7028583147606022,0.9273526565372332,9279.578763639805,sl,5.213744999999108,10.427489999998215
2026-01-08 13:23:00+00:00,2026-01-08 20:23:00+00:00,4445.231505,4471.437677742499,4431.01,4473.674514999999,1.8046226601081183,0.9306931922163051,9281.383386299913,tp,14.221504999999524,28.44300999999905
2026-01-08 21:01:00+00:00,2026-01-08 22:57:00+00:00,4487.9528549999995,4480.308725000001,4482.55,4498.758564999998,-1.7177762356118729,0.9273479103046841,9279.665610064301,sl,5.402854999999363,10.805709999998726
2026-01-09 09:22:00+00:00,2026-01-09 09:54:00+00:00,4486.832295,4478.649555000001,4480.89,4498.716885,-1.7732974414100717,0.927120383948969,9277.892312622891,sl,5.942294999999831,11.884589999999662
2026-01-09 13:32:00+00:00,2026-01-09 15:39:00+00:00,4487.212485,4515.3586462725,4472.01,4517.617455,1.979092458859741,0.9306990227438927,9279.87140508175,tp,15.202484999999797,30.404969999999594
2026-01-09 18:31:00+00:00,2026-01-10 08:24:00+00:00,4500.8493,4513.88982605,4493.2,4516.1479,0.41501928267757204,0.9293314912821349,9280.286424364429,tp,7.649300000000039,15.298600000000079
2026-01-10 09:08:00+00:00,2026-01-10 09:31:00+00:00,4518.75825,4512.9424,4515.2,4525.87475,-1.5246392383599836,0.9274314346327157,9278.76178512607,sl,3.5582500000000437,7.116500000000087
2026-01-10 10:01:00+00:00,2026-01-10 10:35:00+00:00,4519.43859,4513.3521949999995,4515.61,4527.09577,-1.552043694038575,0.9272513862047732,9277.20974143203,sl,3.8285900000000765,7.657180000000153
2026-01-10 11:31:00+00:00,2026-01-10 16:30:00+00:00,4519.188465,4511.78298,4514.04,4529.485395000001,-1.687077835181403,0.9269608571651867,9275.522663596848,sl,5.148465000000215,10.29693000000043
2026-01-10 18:23:00+00:00,2026-01-10 18:43:00+00:00,4514.105925,4507.9449,4510.2,4521.917775,-1.5598987513556364,0.9269192868952244,9273.962764845493,sl,3.9059250000000247,7.8118500000000495
2026-01-10 21:42:00+00:00,2026-01-11 13:59:00+00:00,4516.81728,4507.70502,4509.96,4530.531840000001,-1.86192880182556,0.926460808491215,9272.100836043668,sl,6.8572800000001735,13.714560000000347
2026-01-11 15:09:00+00:00,2026-01-11 23:07:00+00:00,4514.686215,4528.593215677499,4506.6,4530.858644999998,0.4994468241126496,0.9286381685970767,9272.600282867781,tp,8.086214999999356,16.172429999998712
2026-01-12 07:09:00+00:00,2026-01-12 08:50:00+00:00,4587.2824949999995,4596.068301257499,4581.74,4598.367484999999,-0.04017925216679541,0.928147997031643,9272.560103615615,tp,5.54249499999969,11.08498999999938
2026-01-12 10:28:00+00:00,2026-01-12 10:32:00+00:00,4602.249975,4594.551575,4596.85,4613.049924999998,-1.702012848998585,0.9264804779905536,9270.858090766616,sl,5.399974999999358,10.799949999998717
2026-01-12 13:00:00+00:00,2026-01-12 13:51:00+00:00,4598.43807,4620.003052895001,4586.5,4622.3142100000005,1.2445860413742145,0.9292596547728087,9272.10267680799,tp,11.938070000000153,23.876140000000305
2026-01-12 15:02:00+00:00,2026-01-12 23:11:00+00:00,4616.196945,4601.648025,4603.95,4640.690834999999,-2.386898649721677,0.9257491181492266,9269.715778158268,sl,12.246944999999869,24.493889999999737
2026-01-13 07:31:00+00:00,2026-01-13 07:54:00+00:00,4603.090394999999,4591.353175,4593.65,4621.9711849999985,-2.107612010712219,0.9257897555606753,9267.608166147556,sl,9.440394999999626,18.88078999999925
2026-01-13 07:59:00+00:00,2026-01-13 08:35:00+00:00,4599.1584299999995,4607.8702023549995,4593.65,4610.175289999999,-0.04989870636344973,0.927638556464857,9267.558267441193,tp,5.508429999999862,11.016859999999724
2026-01-13 09:09:00+00:00,2026-01-13 09:24:00+00:00,4610.994344999999,4603.19725,4605.5,4621.9830349999975,-1.709534624502933,0.9259722643840005,9265.84873281669,sl,5.494344999999157,10.988689999998314
2026-01-13 13:31:00+00:00,2026-01-13 15:23:00+00:00,4626.442065,4612.01284,4614.32,4650.686195000001,-2.370084168085805,0.9251399290426259,9263.478648648605,sl,12.122065000000475,24.24413000000095
2026-01-13 18:34:00+00:00,2026-01-13 20:32:00+00:00,4609.32351,4591.703,4594.0,4639.9705300000005,-2.695197356459057,0.9245772447531545,9260.783451292145,sl,15.32351000000017,30.64702000000034
2026-01-13 21:28:00+00:00,2026-01-13 22:10:00+00:00,4597.847775,4590.953375,4593.25,4607.043325000001,-1.6197039391296943,0.9253840252153,9259.163747353015,sl,4.597775000000183,9.195550000000367
2026-01-14 09:09:00+00:00,2026-01-14 09:35:00+00:00,4644.321,4636.110785000001,4638.43,4656.102999999999,-1.7435138810325637,0.9250979588130821,9257.420233471983,sl,5.890999999999622,11.781999999999243
2026-01-14 10:06:00+00:00,2026-01-14 14:39:00+00:00,4639.758719999999,4630.073805000001,4632.39,4654.496159999996,-1.890961080604096,0.924775838104699,9255.529272391379,sl,7.368719999998575,14.73743999999715
2026-01-14 16:23:00+00:00,2026-01-14 16:37:00+00:00,4632.755219999999,4623.12728,4625.44,4647.385659999998,-1.8863480113178461,0.9245911703982185,9253.642924380061,sl,7.315219999999499,14.630439999998998
2026-01-14 17:58:00+00:00,2026-01-14 19:02:00+00:00,4623.4005449999995,4643.778584182498,4612.05,4646.101634999998,1.11190811303744,0.9274036041551987,9254.7548324931,tp,11.350544999999329,22.701089999998658
2026-01-14 21:55:00+00:00,2026-01-14 23:07:00+00:00,4638.47808,4627.984850000001,4630.3,4654.834239999999,-1.9712404637739414,0.9244286714569931,9252.783592029326,sl,8.178079999999682,16.356159999999363
2026-01-15 08:42:00+00:00,2026-01-15 13:30:00+00:00,4617.517605,4607.754970000001,4610.06,4632.432814999999,-1.9024399546054505,0.924300219467795,9250.88115207472,sl,7.457604999999603,14.915209999999206
2026-01-15 15:16:00+00:00,2026-01-15 16:46:00+00:00,4624.481084999999,4610.55357,4612.86,4647.723254999999,-2.3167355439343185,0.9236950747382761,9248.564416530786,sl,11.621084999999766,23.242169999999533
2026-01-15 17:20:00+00:00,2026-01-16 01:00:00+00:00,4627.87278,4609.8939,4612.2,4659.218339999999,-2.719553042920247,0.9230599485587171,9245.844863487866,sl,15.672779999999875,31.34555999999975
2026-01-16 09:07:00+00:00,2026-01-16 09:16:00+00:00,4619.1084,4611.0133399999995,4613.32,4630.685200000001,-1.7339487269856875,0.9237743119337346,9244.11091476088,sl,5.788400000000365,11.57680000000073
2026-01-16 13:02:00+00:00,2026-01-16 13:09:00+00:00,4618.237965,4609.004345,4611.31,4632.093895,-1.8476122286150811,0.9234869662136869,9242.263302532265,sl,6.927964999999858,13.855929999999717
2026-01-16 13:34:00+00:00,2026-01-16 15:26:00+00:00,4610.26398,4596.24073,4598.54,4633.711939999999,-2.328451368668182,0.9228206995841426,9239.934851163596,sl,11.723979999999756,23.44795999999951
2026-01-16 16:14:00+00:00,2026-01-18 23:06:00+00:00,4605.20145,4660.273047824999,4576.5,4662.604349999999,4.59529946651361,0.9295183028857591,9244.53015063011,tp,28.701449999999568,57.402899999999136
2026-01-19 08:07:00+00:00,2026-01-19 10:44:00+00:00,4684.090875,4674.0617999999995,4676.4,4699.472625,-1.9131333652730582,0.9234633450427808,9242.617017264836,sl,7.690875000000233,15.381750000000466
2026-01-19 12:34:00+00:00,2026-01-20 05:32:00+00:00,4683.98082,4717.582488769999,4666.0,4719.942459999999,2.3876304702242823,0.9275769091058138,9245.00464773506,tp,17.980819999999767,35.961639999999534
2026-01-20 07:13:00+00:00,2026-01-20 08:45:00+00:00,4735.32648,4744.80585028,4729.4,4747.17944,-7.438936263171048e-05,0.9254258162003439,9245.004573345697,tp,5.926480000000083,11.852960000000166
2026-01-20 08:56:00+00:00,2026-01-20 18:11:00+00:00,4752.364995,4781.922827507499,4736.39,4784.314984999999,1.9476383062128604,0.9273754711118946,9246.95221165191,tp,15.97499499999958,31.94998999999916
2026-01-20 20:55:00+00:00,2026-01-20 22:24:00+00:00,4781.389499999999,4796.229185749998,4772.77,4798.628499999997,0.5088278488670712,0.9261301791932512,9247.461039500777,tp,8.61949999999888,17.23899999999776
2026-01-21 09:23:00+00:00,2026-01-21 14:05:00+00:00,4894.796175,4875.1612000000005,4877.6,4929.1885250000005,-2.777653622185473,0.9228913416695619,9244.68338587859,sl,17.19617500000004,34.39235000000008
2026-01-21 15:54:00+00:00,2026-01-21 16:20:00+00:00,4879.15836,4857.200185000001,4859.63,4918.215080000001,-3.002627769665493,0.9223880989171107,9241.680758108925,sl,19.528360000000248,39.056720000000496
2026-01-21 18:26:00+00:00,2026-01-21 19:27:00+00:00,4861.16937,4843.676950000001,4846.1,4891.308109999998,-2.585267388273449,0.9225053137363556,9239.095490720652,sl,15.069369999999253,30.138739999998506
2026-01-21 20:16:00+00:00,2026-01-21 21:19:00+00:00,4819.82871,4852.558636934999,4802.25,4854.986129999999,2.2099417100986662,0.9270465373194835,9241.30543243075,tp,17.578709999999774,35.15741999999955
2026-01-22 07:01:00+00:00,2026-01-22 08:32:00+00:00,4845.3214499999995,4836.650465,4839.07,4857.824349999999,-1.7501963717985591,0.9233036505217983,9239.555236058952,sl,6.25144999999975,12.5028999999995
2026-01-22 08:51:00+00:00,2026-01-22 09:32:00+00:00,4846.171875,4835.72093,4838.14,4862.235624999999,-1.9192310111567141,0.922959251846585,9237.636005047794,sl,8.031874999999673,16.063749999999345
2026-01-22 10:50:00+00:00,2026-01-22 11:15:00+00:00,4848.56307,4840.47855,4842.9,4859.889210000001,-1.6931376408686247,0.9229934563202311,9235.942867406926,sl,5.663070000000516,11.326140000001033
2026-01-22 11:43:00+00:00,2026-01-22 11:45:00+00:00,4847.10234,4853.798906490001,4842.54,4856.227020000001,-0.28623146592670357,0.9242322875623281,9235.656635940999,tp,4.562340000000404,9.124680000000808
2026-01-22 14:24:00+00:00,2026-01-22 15:29:00+00:00,4848.18288,4868.992925680001,4836.56,4871.42864,1.0565807829674516,0.9255477921692367,9236.713216723967,tp,11.622879999999896,23.24575999999979
2026-01-22 15:52:00+00:00,2026-01-22 22:23:00+00:00,4887.4425,4961.10570625,4849.37,4963.587500000001,6.030124092236671,0.9306320778424759,9242.743340816203,tp,38.07250000000022,76.14500000000044
2026-01-23 07:08:00+00:00,2026-01-23 07:43:00+00:00,4975.526519999999,4965.2261450000005,4967.71,4991.159559999998,-1.880037692335315,0.9233176140032885,9240.863303123868,sl,7.8165199999994,15.6330399999988
2026-01-23 09:39:00+00:00,2026-01-23 12:52:00+00:00,4934.60607,4960.356790895,4920.49,4962.83821,1.484626031765218,0.9264974537979501,9242.347929155632,tp,14.116070000000036,28.232140000000072
2026-01-23 13:04:00+00:00,2026-01-23 13:20:00+00:00,4963.40046,4951.523,4954.0,4982.2013799999995,-2.028979847244622,0.9231289420103291,9240.318949308388,sl,9.400459999999839,18.800919999999678
2026-01-23 14:09:00+00:00,2026-01-23 14:30:00+00:00,4964.931224999999,4952.68242,4955.16,4984.473674999998,-2.0627151612124246,0.9228920718414679,9238.256234147177,sl,9.771224999999504,19.542449999999008
2026-01-23 14:37:00+00:00,2026-01-23 16:09:00+00:00,4966.50201,4990.789386985001,4953.11,4993.286030000001,1.3327791094496406,0.9260844870111786,9239.589013256626,tp,13.392010000000482,26.784020000000965
2026-01-23 16:19:00+00:00,2026-01-24 16:44:00+00:00,5002.339919999999,5066.985000119998,4968.75,5069.519759999998,5.040216740558735,0.9299290471133346,9244.629229997185,tp,33.58991999999944,67.17983999999888
2026-01-24 19:38:00+00:00,2026-01-24 21:36:00+00:00,5101.059255,5122.6751461175,5088.97,5125.237765,1.0322979964381602,0.9264216426387956,9245.661527993623,tp,12.089254999999866,24.178509999999733
2026-01-25 09:57:00+00:00,2026-01-25 10:15:00+00:00,5065.03125,5052.982245,5055.51,5084.07375,-2.023173599269928,0.9234664456457381,9243.638354394354,sl,9.521249999999782,19.042499999999563
2026-01-25 10:45:00+00:00,2026-01-25 12:55:00+00:00,5053.02525,5041.328075,5043.85,5071.375749999998,-1.9931921676606978,0.9232939372089838,9241.645162226694,sl,9.175249999999323,18.350499999998647
2026-01-25 13:34:00+00:00,2026-01-25 14:18:00+00:00,5056.62705,5065.5471094250015,5050.9,5068.081150000001,-0.10985106979391335,0.9249796447976733,9241.5353111569,tp,5.727050000000418,11.454100000000835
2026-01-25 14:51:00+00:00,2026-01-25 15:13:00+00:00,5071.484474999999,5060.6684000000005,5063.2,5088.053424999998,-1.908650105972797,0.9231680490587761,9239.626661050928,sl,8.284474999999475,16.56894999999895
2026-01-25 15:44:00+00:00,2026-01-25 15:51:00+00:00,5059.518494999999,5050.17365,5052.7,5073.155484999998,-1.7763810949696326,0.9231093944045278,9237.85027995596,sl,6.81849499999953,13.63698999999906
2026-01-25 17:18:00+00:00,2026-01-25 17:37:00+00:00,5097.867659999999,5108.007698509997,5091.52,5110.562979999996,-0.005965150431738064,0.9247037666117759,9237.844314805527,tp,6.347659999998541,12.695319999997082
2026-01-25 18:45:00+00:00,2026-01-25 18:47:00+00:00,5109.063255,5088.864295,5091.41,5144.369765,-2.7480743614471823,0.9219583154345401,9235.09624044408,sl,17.653255000000172,35.306510000000344
2026-01-25 20:25:00+00:00,2026-01-25 20:33:00+00:00,5103.380415,5095.451,5098.0,5114.141244999999,-1.6402471175863418,0.9227921690959177,9233.455993326494,sl,5.38041499999963,10.76082999999926
2026-01-25 20:49:00+00:00,2026-01-25 23:00:00+00:00,5105.9517,5091.4030250000005,5093.95,5129.955099999999,-2.2375003711387285,0.9220301290906012,9231.218492955355,sl,12.0016999999998,24.0033999999996
2026-01-26 09:28:00+00:00,2026-01-26 09:42:00+00:00,5125.301369999999,5115.4609900000005,5118.02,5139.864109999997,-1.8084147577968617,0.9222356702079467,9229.410078197558,sl,7.2813699999987875,14.562739999997575
2026-01-26 10:15:00+00:00,2026-01-26 11:19:00+00:00,5119.05825,5107.90477,5110.46,5136.25475,-1.9273943238008293,0.921935549045,9227.482683873757,sl,8.598250000000007,17.196500000000015
2026-01-26 12:10:00+00:00,2026-01-26 12:31:00+00:00,5124.801119999999,5114.4415,5117.0,5140.4033599999975,-1.8544685313909088,0.9218156154714564,9225.628215342367,sl,7.801119999999173,15.602239999998346
2026-01-26 14:27:00+00:00,2026-01-26 18:42:00+00:00,5105.411429999999,5087.564945,5090.11,5136.014289999998,-2.5334064604876945,0.9209503654391881,9223.094808881879,sl,15.301429999999527,30.602859999999055
2026-01-27 07:10:00+00:00,2026-01-27 08:08:00+00:00,5109.183315,5094.941255,5097.49,5132.569945000001,-2.2065119227821226,0.921023992958364,9220.888296959096,sl,11.693315000000439,23.386630000000878
2026-01-27 09:12:00+00:00,2026-01-27 11:48:00+00:00,5104.050749999999,5092.672390000001,5095.22,5121.712249999998,-1.948858283114979,0.9210610324452401,9218.939438675981,sl,8.83074999999917,17.66149999999834
2026-01-27 14:42:00+00:00,2026-01-27 14:51:00+00:00,5095.346399999999,5074.0617,5076.6,5132.839199999998,-2.845474035597077,0.9199684382702715,9216.093964640384,sl,18.746399999999085,37.49279999999817
2026-01-27 15:25:00+00:00,2026-01-27 20:03:00+00:00,5090.18382,5127.986184270001,5070.0,5130.551460000001,2.497144850575067,0.9250315728875009,9218.591109490959,tp,20.183820000000196,40.36764000000039
2026-01-28 07:10:00+00:00,2026-01-28 07:52:00+00:00,5295.0462,5310.6619407,5285.91,5313.3186,0.4361193449966856,0.9232184487428354,9219.027228835956,tp,9.136199999999917,18.272399999999834
2026-01-28 08:08:00+00:00,2026-01-28 09:15:00+00:00,5324.170755,5299.029160000001,5301.68,5369.152265,-3.096412881249813,0.9197260360383842,9215.930815954705,sl,22.490754999999808,44.981509999999616
2026-01-28 11:45:00+00:00,2026-01-28 12:07:00+00:00,5283.580469999999,5269.32402,5271.96,5306.821409999997,-2.1636965299056534,0.9203497348003654,9213.7671194248,sl,11.620469999998932,23.240939999997863
2026-01-28 13:02:00+00:00,2026-01-28 13:38:00+00:00,5303.590469999999,5285.226065,5287.87,5335.031409999998,-2.5149777503521977,0.9197815157078356,9211.252141674448,sl,15.720469999999295,31.44093999999859
2026-01-28 14:22:00+00:00,2026-01-28 15:08:00+00:00,5294.40588,5268.614375,5271.25,5340.717640000001,-3.1624955302319764,0.9188816002374501,9208.089646144215,sl,23.155880000000252,46.311760000000504
2026-01-28 16:08:00+00:00,2026-01-28 19:02:00+00:00,5310.603974999999,5289.683835,5292.33,5347.151924999997,-2.732673405187312,0.9189952864957299,9205.356972739028,sl,18.273974999999155,36.54794999999831
2026-01-28 19:38:00+00:00,2026-01-28 20:30:00+00:00,5330.213775,5379.370294337501,5304.29,5382.061325000001,3.31992091303349,0.9247803985855217,9208.676893652062,tp,25.923775000000205,51.84755000000041
2026-01-28 21:07:00+00:00,2026-01-28 23:01:00+00:00,5420.3088,5477.7261668,5390.23,5480.4664,3.9516336796210263,0.9257450681129403,9212.628527331683,tp,30.07880000000023,60.15760000000046
2026-01-29 09:35:00+00:00,2026-01-29 10:00:00+00:00,5555.106164999999,5540.358435,5543.13,5579.0584949999975,-2.1429271083006944,0.9200399655904581,9210.485600223381,sl,11.976164999999128,23.952329999998256
2026-01-29 11:21:00+00:00,2026-01-29 15:01:00+00:00,5546.021624999999,5501.12806,5503.88,5630.304874999998,-4.64514188648148,0.9173207388747314,9205.8404583369,sl,42.141624999999294,84.28324999999859
2026-01-29 16:06:00+00:00,2026-01-29 20:57:00+00:00,5314.7060249999995,5435.379025962498,5253.01,5438.098074999998,9.520120415284747,0.9310352014504253,9215.360578752185,tp,61.69602499999928,123.39204999999856
2026-01-29 21:25:00+00:00,2026-01-29 21:57:00+00:00,5450.213744999999,5412.932180000001,5415.64,5519.361234999997,-4.070215333670827,0.9183842267683161,9211.290363418513,sl,34.57374499999878,69.14748999999756
2026-01-30 07:12:00+00:00,2026-01-30 08:33:00+00:00,5207.2523249999995,5150.24359,5152.82,5316.116974999999,-5.9583238425762355,0.9160867992985737,9205.332039575937,sl,54.432324999999764,108.86464999999953
2026-01-30 10:40:00+00:00,2026-01-30 11:41:00+00:00,5112.454949999999,5169.638737574999,5082.57,5172.224849999999,4.222488703321427,0.92568137403495,9209.554528279257,tp,29.884949999999662,59.769899999999325
2026-01-30 11:57:00+00:00,2026-01-30 12:45:00+00:00,5177.5774949999995,5124.436500000001,5127.0,5278.732484999999,-5.642424969416642,0.916229257115625,9203.91210330984,sl,50.577494999999544,101.15498999999909
2026-01-30 14:02:00+00:00,2026-01-30 15:02:00+00:00,5091.074264999999,5034.031725000001,5036.55,5200.1227949999975,-6.071460341172006,0.9152349849747868,9197.840642968667,sl,54.524264999999104,109.04852999999821
2026-01-30 19:34:00+00:00,2026-01-30 20:54:00+00:00,4951.51452,4878.249655,4880.69,5093.16356,-7.7177513501285855,0.9129792922389772,9190.12289161854,sl,70.82452000000012,141.64904000000024
2026-01-30 21:20:00+00:00,2026-01-31 00:20:00+00:00,4904.61108,4964.649673379999,4873.35,4967.133239999998,4.70029452599446,0.9246372209087572,9194.823186144533,tp,31.26107999999931,62.52215999999862
2026-01-31 07:04:00+00:00,2026-01-31 09:34:00+00:00,4962.009765,4952.062730000001,4954.54,4976.949294999999,-1.8401754565826405,0.9185607038617324,9192.98301068795,sl,7.469764999999825,14.93952999999965
2026-01-31 10:29:00+00:00,2026-01-31 11:34:00+00:00,4941.90972,4930.143695,4932.61,4960.50916,-2.012566988506497,0.9182039380183068,9190.970443699443,sl,9.29971999999998,18.59943999999996
2026-01-31 15:25:00+00:00,2026-01-31 16:08:00+00:00,4928.853195,4906.345600000001,4908.8,4968.959584999999,-3.015525621031433,0.9169985172661791,9187.954918078412,sl,20.053194999999505,40.10638999999901
2026-01-31 18:10:00+00:00,2026-02-01 23:00:00+00:00,4858.538054999999,4797.6,4800.0,4975.614164999997,-6.6750147464621685,0.913033510571951,9181.27990333195,sl,58.538054999999076,117.07610999999815
2026-02-02 07:08:00+00:00,2026-02-02 09:26:00+00:00,4582.65018,4685.12680473,4530.24,4687.470539999999,9.337135576606226,0.9283935194292307,9190.617038908556,tp,52.410179999999855,104.82035999999971
2026-02-02 09:50:00+00:00,2026-02-02 10:22:00+00:00,4741.399514999999,4707.704970000001,4710.06,4804.078544999997,-4.181431651383689,0.9157960683077798,9186.435607257174,sl,31.339514999998755,62.67902999999751
2026-02-02 12:22:00+00:00,2026-02-02 13:02:00+00:00,4805.841719999999,4767.884865000001,4770.27,4876.985159999997,-4.542769534928345,0.9150158069977868,9181.892837722246,sl,35.571719999999004,71.14343999999801
2026-02-02 14:34:00+00:00,2026-02-02 15:28:00+00:00,4778.858235,4707.00532,4709.36,4917.854705,-7.81404167603672,0.9112865286248127,9174.07879604621,sl,69.49823500000002,138.99647000000004
2026-02-02 17:07:00+00:00,2026-02-02 18:01:00+00:00,4728.98331,4679.47909,4681.82,4823.309929999999,-5.714437491047553,0.9126060481617353,9168.364358555162,sl,47.16330999999991,94.32661999999982
2026-02-02 18:35:00+00:00,2026-02-02 23:08:00+00:00,4684.691175,4746.239218237501,4652.73,4748.613525000001,5.099895190766123,0.9228591902365189,9173.464253745928,tp,31.961175000000367,63.92235000000073
2026-02-03 07:06:00+00:00,2026-02-03 07:36:00+00:00,4906.782165,4942.514001752498,4887.68,4944.986494999998,2.4194324597602126,0.9206865443787319,9175.883686205689,tp,19.10216499999933,38.20432999999866
2026-02-03 08:16:00+00:00,2026-02-03 09:24:00+00:00,4956.446985,4919.758890000001,4922.22,5024.900954999998,-4.310230796894855,0.9141923301538277,9171.573455408794,sl,34.22698499999933,68.45396999999866
2026-02-03 09:39:00+00:00,2026-02-03 11:24:00+00:00,4942.139835,4904.7863800000005,4907.24,5011.939505,-4.379699663401624,0.9136913372146923,9167.193755745393,sl,34.89983500000017,69.79967000000033
2026-02-03 12:01:00+00:00,2026-02-03 12:25:00+00:00,4950.21387,4920.708415,4923.17,5004.301609999999,-3.646012974899228,0.9139873499495896,9163.547742770494,sl,27.043869999999515,54.08773999999903
2026-02-03 12:46:00+00:00,2026-02-03 16:20:00+00:00,4944.97125,4992.416293124999,4920.0,4994.913749999999,3.4752799891799326,0.9207508050713006,9167.023022759673,tp,24.9712499999996,49.9424999999992
2026-02-03 16:36:00+00:00,2026-02-03 17:11:00+00:00,5007.752625,4947.534995000001,4950.01,5123.237875,-6.422808788370916,0.9111906841717682,9160.600213971302,sl,57.74262499999986,115.48524999999972
2026-02-03 19:15:00+00:00,2026-02-04 00:49:00+00:00,4940.62908,5017.55720638,4900.91,5020.067239999999,6.208570180209356,0.9231917833607003,9166.808784151512,tp,39.71907999999985,79.4381599999997
2026-02-04 07:26:00+00:00,2026-02-04 09:19:00+00:00,5109.263355,5083.6569,5086.2,5155.3900650000005,-3.2114808412990015,0.9143837813552076,9163.597303310213,sl,23.06335500000023,46.12671000000046
2026-02-04 12:32:00+00:00,2026-02-04 12:59:00+00:00,5075.506485,5058.619425,5061.15,5104.219455,-2.4392764256030706,0.9148352891946128,9161.15802688461,sl,14.356485000000248,28.712970000000496
2026-02-04 13:23:00+00:00,2026-02-04 14:31:00+00:00,5068.41294,5043.067205,5045.59,5114.05882,-3.2044463916212615,0.9138251814783183,9157.95358049299,sl,22.822940000000017,45.645880000000034
2026-02-04 17:14:00+00:00,2026-02-04 17:26:00+00:00,4943.560545,4908.3745850000005,4910.83,5009.021635000001,-4.1716385306620065,0.9125362557744114,9153.781941962327,sl,32.73054500000035,65.4610900000007
2026-02-04 18:08:00+00:00,2026-02-04 23:13:00+00:00,4934.035784999999,5018.996601322498,4890.3,5021.507354999997,6.957842707474194,0.9232592961999068,9160.7397846698,tp,43.73578499999894,87.47156999999788
2026-02-05 08:04:00+00:00,2026-02-05 09:01:00+00:00,4947.372449999999,4912.552495000001,4915.01,5012.097349999996,-4.136546802600385,0.912850281946326,9156.6032378672,sl,32.36244999999872,64.72489999999743
2026-02-05 09:45:00+00:00,2026-02-05 09:51:00+00:00,4911.854699999999,4889.364095000001,4891.81,4951.944099999996,-3.009895817133162,0.9135639919615487,9153.593342050068,sl,20.044699999998556,40.08939999999711
2026-02-05 11:28:00+00:00,2026-02-05 11:37:00+00:00,4905.651599999999,4889.923815,4892.37,4932.214799999998,-2.3812378151913633,0.9138919883781936,9151.212104234877,sl,13.281599999999344,26.563199999998687
2026-02-05 13:33:00+00:00,2026-02-05 15:46:00+00:00,4882.2399,4815.301145,4817.71,5011.299699999999,-7.182307858230445,0.9088477503155729,9144.029796376646,sl,64.52989999999954,129.0597999999991
2026-02-05 16:07:00+00:00,2026-02-05 16:45:00+00:00,4846.2118949999995,4893.607657157499,4821.29,4896.055684999998,3.55253823660854,0.9188743922665398,9147.582334613255,tp,24.921894999999495,49.84378999999899
2026-02-05 20:09:00+00:00,2026-02-05 20:21:00+00:00,4848.84321,4827.16521,4829.58,4887.36963,-2.9575443164526063,0.9127134025474204,9144.624790296803,sl,19.263210000000072,38.526420000000144
2026-02-06 07:26:00+00:00,2026-02-06 07:59:00+00:00,4865.57157,4842.877350000001,4845.3,4906.11471,-3.044968563452929,0.9123298403065339,9141.57982173335,sl,20.271569999999883,40.54313999999977
2026-02-06 08:19:00+00:00,2026-02-06 13:00:00+00:00,4859.52855,4911.948447175,4832.09,4914.40565,4.011437872161614,0.9190885085540507,9145.591259605511,tp,27.43854999999985,54.8770999999997
2026-02-06 13:39:00+00:00,2026-02-06 14:11:00+00:00,4940.469,4909.214165,4911.67,4998.067,-3.80454894120495,0.9116662432626089,9141.786710664306,sl,28.798999999999978,57.597999999999956
2026-02-06 15:10:00+00:00,2026-02-06 15:45:00+00:00,4962.19986,4932.362585,4934.83,5016.939579999999,-3.6598685441196057,0.9114302327550662,9138.126842120186,sl,27.36985999999979,54.73971999999958
2026-02-06 16:07:00+00:00,2026-02-06 16:16:00+00:00,4954.8561899999995,4936.220655,4938.69,4987.188569999999,-2.630548571133535,0.9120942298707558,9135.496293549053,sl,16.166189999999915,32.33237999999983
2026-02-06 17:00:00+00:00,2026-02-06 20:36:00+00:00,4953.725625,4934.711410000001,4937.18,4986.8168749999995,-2.6650655539634736,0.9117963601611031,9132.83122799509,sl,16.545624999999745,33.09124999999949
2026-02-06 21:11:00+00:00,2026-02-07 00:05:00+00:00,4952.144835,4936.130700000001,4938.6,4979.234504999999,-2.3884836944030123,0.9118064455506567,9130.442744300686,sl,13.544834999999694,27.089669999999387
2026-02-07 08:13:00+00:00,2026-02-07 08:16:00+00:00,4944.240885,4935.131200000001,4937.6,4957.522655,-1.7533378987343244,0.9122031396710053,9128.689406401953,sl,6.640884999999798,13.281769999999597
2026-02-07 09:57:00+00:00,2026-02-07 19:34:00+00:00,4953.19536,4974.557556959999,4941.27,4977.046079999998,1.053678288632915,0.9148374563852135,9129.743084690586,tp,11.925359999999273,23.850719999998546
2026-02-07 20:36:00+00:00,2026-02-07 20:44:00+00:00,4995.386445,4986.1956549999995,4988.69,5008.779335000001,-1.75200491017362,0.912134437996882,9127.991079780413,sl,6.6964450000004945,13.392890000000989
2026-02-07 20:56:00+00:00,2026-02-07 22:14:00+00:00,4995.87669,4985.456025,4987.95,5011.7300700000005,-1.8638295609355517,0.9118471255426485,9126.127250219477,sl,7.926690000000235,15.85338000000047
2026-02-08 08:06:00+00:00,2026-02-08 09:35:00+00:00,5011.68459,5001.348075000001,5003.85,5027.353769999999,-1.8527957829364121,0.9116716008398513,9124.274454436541,sl,7.83458999999948,15.66917999999896
2026-02-08 10:09:00+00:00,2026-02-08 10:19:00+00:00,5009.22336,5001.95777,5004.46,5018.75008,-1.5734774649438426,0.9117657337124229,9122.700976971597,sl,4.7633599999999205,9.526719999999841
2026-02-08 11:20:00+00:00,2026-02-08 22:08:00+00:00,5005.851675,5026.080727487501,4994.48,5028.5950250000005,0.9291653389015596,0.9141133764124737,9123.630142310498,tp,11.371675000000323,22.743350000000646
2026-02-09 08:44:00+00:00,2026-02-09 09:26:00+00:00,5039.67858,5026.2856,5028.8,5061.435739999999,-2.1234561572716806,0.9111507087825607,9121.506686153227,sl,10.878579999999602,21.757159999999203
2026-02-09 11:03:00+00:00,2026-02-09 14:31:00+00:00,5008.753124999999,5034.720755312498,4994.51,5037.239374999997,1.4499846143598631,0.9145151683980806,9122.956670767586,tp,14.243124999999054,28.48624999999811
2026-02-09 16:02:00+00:00,2026-02-09 16:26:00+00:00,5072.535,5087.4799875,5063.79,5090.025,0.4302887698394555,0.91363959544204,9123.386959537425,tp,8.74499999999989,17.48999999999978
2026-02-09 16:46:00+00:00,2026-02-09 17:45:00+00:00,5093.92569,5068.674395,5071.21,5139.35707,-3.1713720249118493,0.9100774013301608,9120.215587512514,sl,22.715689999999995,45.43137999999999
2026-02-09 18:41:00+00:00,2026-02-09 23:09:00+00:00,5074.81614,5056.39054,5058.92,5106.60842,-2.5660460027278313,0.9103658786271507,9117.649541509785,sl,15.896139999999832,31.792279999999664
2026-02-10 08:04:00+00:00,2026-02-10 09:09:00+00:00,5040.709094999999,5060.875581357499,5029.36,5063.407284999998,0.9102711986438025,0.9135888141637863,9118.559812708429,tp,11.34909499999958,22.69818999999916
2026-02-10 10:32:00+00:00,2026-02-10 12:43:00+00:00,5057.36742,5041.478,5044.0,5084.102259999999,-2.34287459245751,0.910423530208594,9116.216938115971,sl,13.367419999999584,26.734839999999167
2026-02-10 14:10:00+00:00,2026-02-10 14:45:00+00:00,5065.741605,5051.2731,5053.8,5089.624815,-2.212182821819071,0.9103198308205989,9114.004755294152,sl,11.941604999999981,23.883209999999963
2026-02-10 16:33:00+00:00,2026-02-10 18:24:00+00:00,5028.402945,5011.622935,5014.13,5056.948834999999,-2.4305722634115114,0.9098797830490529,9111.574183030742,sl,14.272944999999709,28.545889999999417
2026-02-10 18:45:00+00:00,2026-02-10 20:48:00+00:00,5023.45047,5044.148074294999,5011.84,5046.671409999999,0.9640394241170245,0.9130344922194107,9112.53822245486,tp,11.610469999999623,23.220939999999246
2026-02-11 09:20:00+00:00,2026-02-11 10:16:00+00:00,5061.959715,5078.018865427501,5052.66,5080.559145,0.5327845611048461,0.9126993061127036,9113.071007015964,tp,9.299715000000106,18.59943000000021
2026-02-11 10:42:00+00:00,2026-02-11 11:45:00+00:00,5091.854655,5119.9027330175,5076.55,5122.463965,1.596114455474186,0.91381703218926,9114.667121471439,tp,15.304654999999912,30.609309999999823
2026-02-11 11:54:00+00:00,2026-02-11 12:09:00+00:00,5130.373905,5112.122660000001,5114.68,5161.761715000001,-2.5311115156450263,0.9098454460775764,9112.136009955793,sl,15.693905000000086,31.387810000000172
2026-02-11 13:28:00+00:00,2026-02-11 13:30:00+00:00,5103.000225,5074.371545,5076.91,5155.180675,-3.464687498986187,0.9086575710676608,9108.671322456807,sl,26.09022499999992,52.18044999999984
2026-02-11 14:17:00+00:00,2026-02-11 14:23:00+00:00,5092.815135,5080.068695,5082.61,5113.225405,-2.0495991133243927,0.9097272603927491,9106.621723343482,sl,10.205135000000155,20.41027000000031
2026-02-11 17:01:00+00:00,2026-02-11 17:02:00+00:00,5090.373914999999,5079.249105,5081.79,5107.541744999998,-1.9047750672575967,0.9096670643314222,9104.716948276224,sl,8.583914999999251,17.167829999998503
2026-02-11 17:07:00+00:00,2026-02-11 17:43:00+00:00,5090.96421,5106.757973685,5081.79,5109.31263,0.5004000401358276,0.9118839788466048,9105.217348316359,tp,9.17421000000013,18.34842000000026
2026-02-11 19:03:00+00:00,2026-02-11 19:08:00+00:00,5103.620534999999,5089.983735,5092.53,5125.801604999998,-2.1257557148749697,0.9093052844011622,9103.091592601484,sl,11.090534999999363,22.181069999998726
2026-02-11 19:21:00+00:00,2026-02-11 21:31:00+00:00,5106.4419450000005,5089.444005,5091.99,5135.345835000002,-2.423878417128611,0.9087940749179378,9100.667714184356,sl,14.451945000000705,28.90389000000141
2026-02-12 09:54:00+00:00,2026-02-12 10:11:00+00:00,5093.815635,5077.609925,5080.15,5121.1469050000005,-2.3562842001402524,0.90861910632462,9098.311429984215,sl,13.665635000000293,27.331270000000586
2026-02-12 11:26:00+00:00,2026-02-12 12:07:00+00:00,5077.817639999999,5069.893785,5072.43,5088.592919999997,-1.61900988790027,0.9091212543648861,9096.692420096315,sl,5.38763999999901,10.77527999999802
2026-02-12 12:35:00+00:00,2026-02-12 12:42:00+00:00,5078.427945,5067.484990000001,5070.02,5095.243835,-1.8887630893887029,0.908689168088331,9094.803657006927,sl,8.407944999999927,16.815889999999854
2026-02-12 13:17:00+00:00,2026-02-12 14:56:00+00:00,5080.09878,5059.3490600000005,5061.88,5116.536340000001,-2.76501431172103,0.9076229743633351,9092.038642695206,sl,18.21878000000015,36.4375600000003
2026-02-12 15:31:00+00:00,2026-02-12 15:59:00+00:00,5082.49998,5069.573945,5072.11,5103.279939999999,-2.0642111064644277,0.9080477008639203,9089.974431588742,sl,10.389979999999923,20.779959999999846
2026-02-12 17:21:00+00:00,2026-02-12 17:58:00+00:00,4982.099805,4948.434545,4950.91,5044.479415,-3.9770846779162308,0.9059262847657238,9085.997346910826,sl,31.18980499999998,62.37960999999996
2026-02-12 19:24:00+00:00,2026-02-12 20:24:00+00:00,4953.99576,4938.039745,4940.51,4980.967279999999,-2.370362528441534,0.9071365086713125,9083.626984382385,sl,13.485759999999573,26.971519999999146
2026-02-12 21:13:00+00:00,2026-02-12 23:00:00+00:00,4935.456494999999,4919.469035000001,4921.93,4962.509484999998,-2.3781244022606565,0.9068914655014794,9081.248859980124,sl,13.526494999999159,27.052989999998317
2026-02-13 07:19:00+00:00,2026-02-13 11:00:00+00:00,4979.578545,4956.770375,4959.25,5020.235635000001,-2.9858061523241806,0.9060451249706589,9078.263053827799,sl,20.328545000000304,40.65709000000061
2026-02-13 11:55:00+00:00,2026-02-13 13:30:00+00:00,4962.830175,4983.9972797375,4951.0,4986.490525,1.0262352842832125,0.9097623029700332,9079.289289112083,tp,11.830175000000054,23.660350000000108
2026-02-13 14:14:00+00:00,2026-02-13 14:40:00+00:00,5010.1038,4992.512495000001,4995.01,5040.291399999999,-2.500279475829287,0.9063349844197988,9076.789009636253,sl,15.093799999999646,30.187599999999293
2026-02-13 15:37:00+00:00,2026-02-13 15:48:00+00:00,5030.69409,5001.35807,5003.86,5084.3622700000005,-3.5515545004293094,0.9050323788420381,9073.237455135824,sl,26.834090000000288,53.668180000000575
2026-02-13 17:07:00+00:00,2026-02-15 23:02:00+00:00,5029.133309999999,5012.41254,5014.92,5057.559929999998,-2.414142075668959,0.9058154188567703,9070.823313060155,sl,14.213309999999183,28.426619999998366
2026-02-16 07:59:00+00:00,2026-02-16 14:37:00+00:00,5017.40745,4993.891805,4996.39,5059.442349999998,-3.03061880657029,0.9049566691686137,9067.792694253585,sl,21.01744999999937,42.03489999999874
2026-02-16 16:55:00+00:00,2026-02-16 23:17:00+00:00,4999.908705,4992.412545,4994.91,5009.906115,-1.5858481811253196,0.9060995207649983,9066.20684607246,sl,4.998704999999973,9.997409999999945
2026-02-17 07:22:00+00:00,2026-02-17 07:30:00+00:00,4926.6520949999995,4911.712915,4914.17,4951.616284999998,-2.279827597594194,0.9052461031127647,9063.927018474866,sl,12.48209499999939,24.96418999999878
2026-02-17 07:55:00+00:00,2026-02-17 13:56:00+00:00,4932.02478,4909.813865000001,4912.27,4971.534339999998,-2.9452794008409553,0.9043517742208663,9060.981739074025,sl,19.7547799999993,39.5095599999986
2026-02-17 15:23:00+00:00,2026-02-17 17:11:00+00:00,4883.090324999999,4858.42957,4860.86,4927.550974999998,-3.1918146487100922,0.9038101694281205,9057.789924425315,sl,22.23032499999954,44.46064999999908
2026-02-17 18:16:00+00:00,2026-02-17 18:56:00+00:00,4882.600079999999,4906.025999879998,4869.66,4908.480239999998,1.264938151346064,0.9079518824763539,9059.05486257666,tp,12.940079999999398,25.880159999998796
2026-02-17 20:42:00+00:00,2026-02-17 23:00:00+00:00,4889.233394999999,4876.9303150000005,4879.37,4908.960184999998,-2.0445586597370218,0.9047656932912204,9057.010303916924,sl,9.8633949999994,19.7267899999988
2026-02-18 07:07:00+00:00,2026-02-18 08:05:00+00:00,4944.821175,4932.81236,4935.28,4963.903525000001,-2.0043777406939673,0.9046012539049035,9055.00592617623,sl,9.541175000000294,19.082350000000588
2026-02-18 09:55:00+00:00,2026-02-18 10:38:00+00:00,4930.48401,4918.07973,4920.54,4950.37203,-2.0434062003982785,0.9043615479651902,9052.962519975832,sl,9.944010000000162,19.888020000000324
2026-02-18 11:39:00+00:00,2026-02-18 11:44:00+00:00,4924.450994999999,4915.800870000001,4918.26,4936.832984999997,-1.69960762031157,0.9045011455227945,9051.26291235552,sl,6.19099499999902,12.38198999999804
2026-02-18 12:01:00+00:00,2026-02-18 12:59:00+00:00,4925.591565,4947.4797176525,4913.41,4949.954694999999,1.1039451704095535,0.9071373737797414,9052.366857525929,tp,12.181564999999864,24.363129999999728
2026-02-18 13:08:00+00:00,2026-02-19 06:45:00+00:00,4963.00026,5016.67118961,4934.91,5019.18078,3.9845786481454066,0.910131395796535,9056.351436174074,tp,28.090259999999944,56.18051999999989
2026-02-19 08:40:00+00:00,2026-02-19 09:24:00+00:00,5024.661074999999,5016.240625,5018.75,5036.483224999997,-1.6637190696687738,0.9048763008485872,9054.687717104405,sl,5.911074999999073,11.822149999998146
2026-02-19 10:35:00+00:00,2026-02-19 11:16:00+00:00,5002.78014,4989.80385,4992.3,5023.740419999999,-2.0786040498770384,0.9042944621226863,9052.609113054528,sl,10.480139999999665,20.96027999999933
2026-02-19 12:29:00+00:00,2026-02-19 12:36:00+00:00,5002.13982,4991.52299,4994.02,5018.37946,-1.8649892021246046,0.904300222325654,9050.744123852404,sl,8.11981999999989,16.23963999999978
2026-02-19 13:34:00+00:00,2026-02-19 14:08:00+00:00,5000.949224999999,4988.00475,4990.5,5021.847674999998,-2.0752519991368406,0.9039030634495533,9048.668871853268,sl,10.449224999999387,20.898449999998775
2026-02-19 15:28:00+00:00,2026-02-19 16:27:00+00:00,5020.629059999999,5001.657920000001,5004.16,5053.567179999998,-2.612739529917247,0.90315730496037,9046.05613232335,sl,16.469059999999445,32.93811999999889
2026-02-19 17:19:00+00:00,2026-02-19 17:37:00+00:00,5009.553525,4997.450025,4999.95,5028.760575000001,-1.9963141947588658,0.9035128118494259,9044.059818128591,sl,9.603525000000445,19.20705000000089
2026-02-19 19:11:00+00:00,2026-02-19 19:39:00+00:00,5000.488995,4987.255125000001,4989.75,5021.966984999999,-2.0999712966548736,0.9032092197359401,9041.959846831936,sl,10.738994999999704,21.47798999999941
2026-02-19 20:01:00+00:00,2026-02-20 06:23:00+00:00,5002.4499749999995,5027.434950037499,4988.7,5029.949924999999,1.3515709800040168,0.9064540096728706,9043.311417811941,tp,13.749974999999722,27.499949999999444
2026-02-20 09:51:00+00:00,2026-02-20 09:54:00+00:00,5043.2103449999995,5035.401040000001,5037.92,5053.791034999998,-1.603799836008283,0.9036309729181041,9041.707617975933,sl,5.290344999999434,10.580689999998867
2026-02-20 10:53:00+00:00,2026-02-20 10:55:00+00:00,5046.08178,5073.707217330001,5031.0,5076.245340000001,1.5683550206663197,0.9066457625808405,9043.2759729966,tp,15.081780000000435,30.16356000000087
2026-02-20 12:59:00+00:00,2026-02-20 13:07:00+00:00,5039.288385,5049.719032422499,5032.81,5052.245154999999,0.030654574746346697,0.9052635153897961,9043.306627571346,tp,6.4783849999994345,12.956769999998869
2026-02-20 14:32:00+00:00,2026-02-20 14:37:00+00:00,5064.99123,5054.221625,5056.75,5081.473689999999,-1.864800711118385,0.9033692312772936,9041.441826860228,sl,8.241229999999632,16.482459999999264
2026-02-20 14:41:00+00:00,2026-02-20 15:03:00+00:00,5066.982225,5049.963755,5052.49,5095.966675,-2.4210000562102154,0.9026258084382508,9039.020826804017,sl,14.492224999999962,28.984449999999924
2026-02-20 15:42:00+00:00,2026-02-20 20:58:00+00:00,5054.9862299999995,5105.184820654999,5028.61,5107.738689999999,3.579714090299228,0.9083901869576586,9042.600540894317,tp,26.37622999999985,52.7524599999997
2026-02-20 21:30:00+00:00,2026-02-21 11:26:00+00:00,5110.99422,5123.219768669998,5103.6,5125.782659999998,0.17615793807808955,0.9053415535810909,9042.776698832395,tp,7.394219999999223,14.788439999998445
2026-02-21 11:30:00+00:00,2026-02-21 14:27:00+00:00,5128.0027199999995,5136.818465919998,5122.31,5139.388159999998,-0.1277657673466559,0.9050549590749679,9042.648933065047,tp,5.692719999999099,11.385439999998198
2026-02-21 15:11:00+00:00,2026-02-21 15:55:00+00:00,5143.160295,5131.81281,5134.38,5160.720884999999,-1.9008186260838276,0.9032673420224435,9040.748114438964,sl,8.780294999999569,17.560589999999138
2026-02-21 16:15:00+00:00,2026-02-21 23:30:00+00:00,5141.1592949999995,5129.483975,5132.05,5159.377884999998,-1.92960298123571,0.9030482567193802,9038.818511457728,sl,9.109294999999292,18.218589999998585
2026-02-22 14:06:00+00:00,2026-02-22 14:28:00+00:00,5144.6210249999995,5150.746413462498,5140.27,5153.3230749999975,-0.3663212798102401,0.9044199498157784,9038.452190177917,tp,4.3510249999990265,8.702049999998053
2026-02-22 17:01:00+00:00,2026-02-22 17:29:00+00:00,5158.327875,5147.5649300000005,5150.14,5174.703624999999,-1.8458470246339367,0.9029022742674252,9036.606343153284,sl,8.187874999999622,16.375749999999243
2026-02-22 17:48:00+00:00,2026-02-22 18:13:00+00:00,5155.426425,5147.524950000001,5150.1,5166.079274999998,-1.595466808099979,0.9029681356428713,9035.010876345184,sl,5.32642499999929,10.65284999999858
2026-02-22 20:01:00+00:00,2026-02-22 22:25:00+00:00,5154.996209999999,5166.604035684999,5147.9,5169.188629999999,0.11271648280842783,0.9045183224397667,9035.123592827993,tp,7.096209999999701,14.192419999999402
2026-02-23 08:07:00+00:00,2026-02-23 08:29:00+00:00,5156.51697,5139.20911,5141.78,5185.9909099999995,-2.4183166010027253,0.9019960387205171,9032.70527622699,sl,14.736969999999928,29.473939999999857
2026-02-23 09:12:00+00:00,2026-02-23 14:45:00+00:00,5163.550485,5211.164569272501,5138.44,5213.771455,3.257179800972313,0.9074351425662376,9035.962456027963,tp,25.110485000000153,50.22097000000031
2026-02-23 15:15:00+00:00,2026-02-23 16:04:00+00:00,5218.607999999999,5197.210095,5199.81,5256.203999999997,-2.7542556125395876,0.9017437337239806,9033.208200415424,sl,18.797999999998865,37.59599999999773
2026-02-23 16:17:00+00:00,2026-02-24 01:13:00+00:00,5227.062225,5194.14163,5196.74,5287.706674999999,-3.745081615493282,0.9004762146406898,9029.463118799931,sl,30.32222499999989,60.64444999999978
2026-02-24 08:34:00+00:00,2026-02-24 10:37:00+00:00,5199.5985,5181.617895,5184.21,5230.3755,-2.462613413979377,0.9013850835495633,9027.000505385951,sl,15.388500000000022,30.777000000000044
2026-02-24 11:15:00+00:00,2026-02-24 11:21:00+00:00,5198.1477749999995,5189.413995000001,5192.01,5210.423324999998,-1.660287176247461,0.9019417050674151,9025.340218209703,sl,6.1377749999992375,12.275549999998475
2026-02-24 11:41:00+00:00,2026-02-24 12:00:00+00:00,5198.1978,5187.88476,5190.48,5213.633400000001,-1.7969364625026372,0.9016387240825502,9023.543281747201,sl,7.717800000000352,15.435600000000704
2026-02-24 14:31:00+00:00,2026-02-25 01:15:00+00:00,5142.61002,5192.03274497,5116.6,5194.6300599999995,3.4293189664961092,0.9066903374786951,9026.972600713698,tp,26.010019999999713,52.020039999999426
2026-02-25 08:20:00+00:00,2026-02-25 09:03:00+00:00,5211.34437,5195.04118,5197.64,5238.753109999999,-2.31328606927716,0.9012852592613539,9024.659314644421,sl,13.704369999999471,27.408739999998943
2026-02-25 09:35:00+00:00,2026-02-25 10:16:00+00:00,5207.6025,5197.330035000001,5199.93,5222.947499999999,-1.7916735029875577,0.9015758337952497,9022.867641141434,sl,7.672499999999673,15.344999999999345
2026-02-25 12:17:00+00:00,2026-02-25 12:35:00+00:00,5205.371385,5195.550925,5198.15,5219.814155000002,-1.752563290967338,0.9014356364596358,9021.115077850467,sl,7.221385000000737,14.442770000001474
2026-02-25 13:37:00+00:00,2026-02-25 13:41:00+00:00,5209.793594999999,5202.67736,5205.28,5218.820784999998,-1.5176078543458433,0.9014953953260271,9019.59746999612,sl,4.513594999999441,9.027189999998882
2026-02-25 15:03:00+00:00,2026-02-25 15:24:00+00:00,5214.175784999999,5199.109145,5201.71,5239.107354999998,-2.2037870980054706,0.9006566165181247,9017.393682898115,sl,12.465784999999414,24.93156999999883
2026-02-25 15:50:00+00:00,2026-02-25 20:42:00+00:00,5214.796095,5186.135635,5188.73,5266.928285,-3.377236047340708,0.899261393636107,9014.016446850774,sl,26.066095000000132,52.132190000000264
2026-02-26 08:13:00+00:00,2026-02-26 08:28:00+00:00,5201.1993,5185.965720000001,5188.56,5226.4779,-2.2201208189699875,0.9000816054715788,9011.796326031803,sl,12.639299999999821,25.278599999999642
2026-02-26 09:26:00+00:00,2026-02-26 10:36:00+00:00,5193.2053049999995,5182.477465,5185.07,5209.475914999999,-1.8310526716698963,0.9002488287602709,9009.965273360132,sl,8.13530499999979,16.27060999999958
2026-02-26 12:10:00+00:00,2026-02-26 14:30:00+00:00,5181.819614999999,5167.444985,5170.03,5205.398844999999,-2.1494518173053985,0.8997468223410489,9007.815821542827,sl,11.789614999999685,23.57922999999937
2026-02-26 14:37:00+00:00,2026-02-26 15:27:00+00:00,5185.861635,5152.982220000001,5155.56,5246.464905,-3.753495014851058,0.8979260131525841,9004.062326527976,sl,30.301634999999806,60.60326999999961
2026-02-26 15:43:00+00:00,2026-02-27 13:26:00+00:00,5185.6915500000005,5268.4391126750015,5143.0,5271.074650000001,6.276256130559835,0.9075900788622195,9010.338582658535,tp,42.69155000000046,85.38310000000092
2026-02-27 14:22:00+00:00,2026-02-27 14:41:00+00:00,5253.3653699999995,5232.7223300000005,5235.34,5289.416109999998,-2.669564751402449,0.8992635570715226,9007.669017907132,sl,18.025369999999384,36.05073999999877
2026-02-27 15:38:00+00:00,2026-02-27 21:40:00+00:00,5252.48493,5286.5302026049985,5234.14,5289.174789999998,2.0155849086941657,0.9036861728722797,9009.684602815827,tp,18.344929999999295,36.68985999999859
2026-02-28 07:31:00+00:00,2026-02-28 08:08:00+00:00,5356.59696,5392.973044559999,5337.06,5395.670879999999,2.155163206585316,0.9040276511393073,9011.839766022413,tp,19.536959999999453,39.07391999999891
2026-02-28 08:55:00+00:00,2026-02-28 09:24:00+00:00,5427.7125,5467.6623012499995,5406.37,5470.397499999999,2.412009070578233,0.9045004861589786,9014.251775092991,tp,21.342499999999745,42.68499999999949
2026-02-28 09:42:00+00:00,2026-02-28 09:45:00+00:00,5510.91408,5592.964358879999,5468.49,5595.762239999999,5.802383296391547,0.908135696502193,9020.054158389383,tp,42.424079999999776,84.84815999999955
2026-02-28 12:02:00+00:00,2026-02-28 12:52:00+00:00,5488.322789999999,5449.69379,5452.42,5560.128369999998,-4.073167624506425,0.8988310792937257,9015.980990764876,sl,35.902789999999186,71.80557999999837
2026-02-28 14:59:00+00:00,2026-02-28 16:36:00+00:00,5400.428864999999,5436.566951702497,5381.0,5439.286594999997,2.112000363066984,0.9046147141537083,9018.092991127944,tp,19.42886499999895,38.8577299999979
2026-02-28 21:34:00+00:00,2026-03-01 02:00:00+00:00,5395.47639,5354.3215,5357.0,5472.429169999999,-4.33771986228162,0.8983699491997126,9013.755271265662,sl,38.47638999999981,76.95277999999962
2026-03-01 07:08:00+00:00,2026-03-01 07:24:00+00:00,5373.515415,5354.62135,5357.3,5405.946244999999,-2.4844748426739116,0.8997908431270193,9011.270796422988,sl,16.215414999999666,32.43082999999933
2026-03-01 08:14:00+00:00,2026-03-01 09:31:00+00:00,5364.040679999999,5387.8267789799975,5350.8,5390.522039999997,1.0948368670758142,0.9031250415509257,9012.365633290065,tp,13.240679999998974,26.48135999999795
2026-03-01 10:59:00+00:00,2026-03-01 20:43:00+00:00,5392.805055,5432.497557417499,5371.6,5435.215164999999,2.4121190808800064,0.9045532356455319,9014.777752370945,tp,21.205054999999447,42.410109999998895
2026-03-01 21:23:00+00:00,2026-03-01 22:16:00+00:00,5434.55592,5422.20754,5424.92,5453.827759999999,-1.92462101856318,0.9004536078263577,9012.853131352382,sl,9.635919999999714,19.27183999999943
2026-03-02 08:10:00+00:00,2026-03-02 08:42:00+00:00,5454.14571,5439.298990000001,5442.02,5478.3971299999985,-2.1267521657200907,0.9000586195891072,9010.72637918666,sl,12.125709999999344,24.25141999999869
2026-03-02 09:33:00+00:00,2026-03-02 10:01:00+00:00,5440.108695,5423.936675,5426.65,5467.026085,-2.2390599257950465,0.8997333113041752,9008.487319260867,sl,13.458695000000262,26.917390000000523
2026-03-02 10:40:00+00:00,2026-03-02 10:54:00+00:00,5435.1161999999995,5418.559365000001,5421.27,5462.808599999998,-2.2715911468392807,0.8994766173966441,9006.215728114028,sl,13.846199999999044,27.692399999998088
2026-03-02 11:34:00+00:00,2026-03-02 11:45:00+00:00,5434.105695,5420.558365000001,5423.27,5455.777085,-2.0221323897207695,0.8994989393610431,9004.193595724308,sl,10.83569499999976,21.67138999999952
2026-03-02 12:35:00+00:00,2026-03-02 12:56:00+00:00,5429.41335,5413.142075000001,5415.85,5456.540049999999,-2.248292426182032,0.8990701372835325,9001.945303298126,sl,13.563349999999446,27.12669999999889
2026-03-02 13:31:00+00:00,2026-03-02 14:03:00+00:00,5440.43886,5409.064115000001,5411.77,5497.77658,-3.493287770757515,0.8975988414004555,8998.452015527368,sl,28.668859999999768,57.337719999999536
2026-03-02 19:02:00+00:00,2026-03-03 06:12:00+00:00,5344.160744999999,5313.252045,5315.91,5400.662234999998,-3.499433206259263,0.8972430113578352,8994.952582321108,sl,28.25074499999937,56.50148999999874
2026-03-03 07:19:00+00:00,2026-03-03 08:30:00+00:00,5335.8766049999995,5321.547895000001,5324.21,5359.209814999998,-2.1060184828148527,0.8982875272765727,8992.846563838293,sl,11.666604999999436,23.33320999999887
2026-03-03 09:18:00+00:00,2026-03-03 09:24:00+00:00,5318.637989999999,5296.3505000000005,5299.0,5357.913969999998,-2.7816044369523736,0.8974004523992762,8990.064959401341,sl,19.637989999999263,39.275979999998526
2026-03-03 10:04:00+00:00,2026-03-03 10:38:00+00:00,5299.098225,5270.373495000001,5273.01,5351.274674999999,-3.333184355066479,0.8965698814665343,8986.731775046275,sl,26.08822499999951,52.17644999999902
2026-03-03 12:25:00+00:00,2026-03-03 13:45:00+00:00,5213.6055,5159.019200000001,5161.6,5317.616499999998,-5.598509828508502,0.8939686363124315,8981.133265217766,sl,52.0054999999993,104.0109999999986
2026-03-03 15:31:00+00:00,2026-03-04 02:09:00+00:00,5082.890175,5191.413519737502,5027.33,5194.0105250000015,8.6799802907891,0.9077010078203862,8989.813245508556,tp,55.56017500000053,111.12035000000105
2026-03-04 07:47:00+00:00,2026-03-04 08:03:00+00:00,5188.042724999999,5174.541435,5177.13,5209.868174999998,-2.0675598041909975,0.8978115763229876,8987.745685704365,sl,10.912724999999227,21.825449999998455
2026-03-04 08:23:00+00:00,2026-03-04 14:48:00+00:00,5182.59,5159.309055000001,5161.89,5223.99,-2.9154686324447106,0.8967558557937857,8984.83021707192,sl,20.699999999999818,41.399999999999636
2026-03-04 15:36:00+00:00,2026-03-04 17:23:00+00:00,5177.057235,5138.599415000001,5141.17,5248.8317050000005,-4.232340757543976,0.8951458267764244,8980.597876314376,sl,35.887235000000146,71.77447000000029
2026-03-04 17:48:00+00:00,2026-03-04 18:10:00+00:00,5151.184305,5130.763335000001,5133.33,5186.892914999999,-2.676380232471921,0.8962796870860519,8977.921496081904,sl,17.85430499999984,35.70860999999968
2026-03-04 18:47:00+00:00,2026-03-05 00:17:00+00:00,5140.20882,5182.9936667699985,5117.52,5185.586459999999,2.834885743110366,0.9015285639152161,8980.756381825015,tp,22.688819999999396,45.37763999999879
2026-03-05 08:53:00+00:00,2026-03-05 13:16:00+00:00,5180.589,5152.272575000001,5154.85,5232.066999999999,-3.3500035137067115,0.8956212559247195,8977.406378311309,sl,25.738999999999578,51.477999999999156
2026-03-05 15:53:00+00:00,2026-03-05 16:09:00+00:00,5108.05275,5088.484485,5091.03,5142.09825,-2.6155830657158217,0.8960210758412563,8974.790795245593,sl,17.022750000000087,34.045500000000175
2026-03-05 16:46:00+00:00,2026-03-05 18:02:00+00:00,5089.62354,5066.8652999999995,5069.4,5130.0706199999995,-2.902010365792572,0.8954725417004672,8971.8887848798,sl,20.223539999999957,40.447079999999914
2026-03-05 18:31:00+00:00,2026-03-06 15:02:00+00:00,5093.5755149999995,5150.150181727499,5064.0,5152.726544999999,4.080395480569541,0.9021714454139637,8975.96918036037,tp,29.57551499999954,59.15102999999908
2026-03-06 17:19:00+00:00,2026-03-06 18:45:00+00:00,5153.975699999999,5174.478566449997,5142.43,5177.067099999997,0.8859685755581654,0.8993822688804758,8976.855148935927,tp,11.54569999999876,23.09139999999752
2026-03-06 19:10:00+00:00,2026-03-06 19:39:00+00:00,5180.528969999999,5165.455980000001,5168.04,5205.506909999998,-2.202308465814541,0.896379586013792,8974.652840470113,sl,12.488969999999426,24.977939999998853
2026-03-06 21:05:00+00:00,2026-03-08 21:40:00+00:00,5172.36489,5156.66038,5159.24,5198.61467,-2.2585601192801823,0.8961028267544856,8972.394280350833,sl,13.12489000000005,26.2497800000001
2026-03-09 08:03:00+00:00,2026-03-09 08:28:00+00:00,5121.839639999999,5104.376535,5106.93,5151.658919999997,-2.4252956398431618,0.8957098422374776,8969.96898471099,sl,14.909639999998944,29.81927999999789
2026-03-09 09:03:00+00:00,2026-03-09 09:32:00+00:00,5114.7460949999995,5134.329835857498,5103.67,5136.898284999998,0.8185318813430081,0.898714144496939,8970.787516592332,tp,11.076094999999441,22.152189999998882
2026-03-09 10:01:00+00:00,2026-03-09 10:30:00+00:00,5121.749594999999,5107.534955,5110.09,5145.068784999998,-2.1406869775879587,0.8958338985802257,8968.646829614745,sl,11.659594999999172,23.319189999998343
2026-03-09 12:21:00+00:00,2026-03-09 13:09:00+00:00,5113.825635,5094.201625000001,5096.75,5147.976905,-2.6159770149539314,0.8951438497963169,8966.030852599792,sl,17.075635000000148,34.151270000000295
2026-03-09 13:31:00+00:00,2026-03-09 13:41:00+00:00,5113.545494999999,5092.202625,5094.75,5151.136484999998,-2.765848897769554,0.8947319683305404,8963.265003702021,sl,18.79549499999939,37.59098999999878
2026-03-09 16:42:00+00:00,2026-03-09 17:03:00+00:00,5117.307374999999,5106.705370000001,5109.26,5133.402124999998,-1.823899781085803,0.8953979985877042,8961.441103920935,sl,8.047374999999192,16.094749999998385
2026-03-09 17:52:00+00:00,2026-03-09 18:53:00+00:00,5106.802125,5124.1630118125,5096.84,5126.726375,0.6255810545258269,0.8976673588054249,8962.066684975462,tp,9.962125000000015,19.92425000000003
2026-03-09 19:18:00+00:00,2026-03-09 23:00:00+00:00,5134.58601,5153.400040985,5123.89,5155.978029999999,0.7440812473383415,0.8978485983432279,8962.8107662228,tp,10.69600999999966,21.39201999999932
2026-03-10 07:06:00+00:00,2026-03-10 07:09:00+00:00,5181.84963,5173.262075000001,5175.85,5193.848889999998,-1.6382136612147953,0.8955384013624277,8961.172552561584,sl,5.9996299999993425,11.999259999998685
2026-03-10 07:38:00+00:00,2026-03-10 10:37:00+00:00,5174.3859,5159.29906,5161.88,5199.3977,-2.2012052729122704,0.8948108608440901,8958.971347288672,sl,12.50590000000011,25.01180000000022
2026-03-10 11:00:00+00:00,2026-03-10 15:33:00+00:00,5183.65053,5232.374094205001,5157.98,5234.9915900000005,3.3103712094715347,0.9001076135518907,8962.281718498143,tp,25.670530000000326,51.34106000000065
2026-03-10 17:13:00+00:00,2026-03-10 17:18:00+00:00,5236.37688,5223.86676,5226.48,5256.17064,-1.9657377117403523,0.8951575917298038,8960.315980786403,sl,9.896880000000237,19.793760000000475
2026-03-10 21:16:00+00:00,2026-03-10 22:01:00+00:00,5200.989195,5190.513445,5193.11,5216.747585000001,-1.7975155330552834,0.8951292117573424,8958.518465253348,sl,7.879195000000436,15.758390000000873
2026-03-11 09:21:00+00:00,2026-03-11 10:42:00+00:00,5191.9146599999995,5177.419995,5180.01,5215.723979999998,-2.145110374650917,0.894601337488172,8956.373354878697,sl,11.90465999999924,23.80931999999848
2026-03-11 12:11:00+00:00,2026-03-11 12:37:00+00:00,5190.944175,5173.721845000001,5176.31,5220.212524999998,-2.3799084305762253,0.8941515786359294,8953.993446448121,sl,14.634174999999232,29.268349999998463
2026-03-11 13:21:00+00:00,2026-03-11 13:45:00+00:00,5185.21131,5161.31805,5163.9,5227.83393,-2.956319725542705,0.89333636128055,8951.037126722578,sl,21.31131000000005,42.6226200000001
2026-03-11 17:01:00+00:00,2026-03-11 17:19:00+00:00,5180.028719999999,5168.864275,5171.45,5197.186159999998,-1.8587415005005166,0.8941391102820393,8949.178385222078,sl,8.578719999999521,17.157439999999042
2026-03-11 19:29:00+00:00,2026-03-11 22:35:00+00:00,5180.26884,5163.207105,5165.79,5209.226519999999,-2.3671949179324776,0.8934440876919674,8946.811190304144,sl,14.478839999999764,28.957679999999527
2026-03-12 07:15:00+00:00,2026-03-12 08:01:00+00:00,5170.914164999999,5182.669863752499,5163.74,5185.262494999998,0.12129823953971719,0.8956981153853395,8946.932488543684,tp,7.174164999999448,14.348329999998896
2026-03-12 09:28:00+00:00,2026-03-12 11:16:00+00:00,5180.10876,5171.263075000001,5173.85,5192.6262799999995,-1.6578297815650016,0.8939293484212247,8945.274658762119,sl,6.258759999999711,12.517519999999422
2026-03-12 14:03:00+00:00,2026-03-12 14:33:00+00:00,5163.630525,5145.24609,5147.82,5195.251574999999,-2.485359399970079,0.8929350415177595,8942.789299362148,sl,15.81052499999987,31.62104999999974
2026-03-12 15:44:00+00:00,2026-03-12 17:16:00+00:00,5139.078255,5120.028705000001,5122.59,5172.054765000001,-2.55007932196356,0.8926214720863376,8940.239220040185,sl,16.48825500000021,32.97651000000042
2026-03-12 19:29:00+00:00,2026-03-12 20:21:00+00:00,5104.130789999999,5086.565445,5089.11,5134.172369999998,-2.4308316014193605,0.8924855759785777,8937.808388438765,sl,15.020789999999579,30.041579999999158
2026-03-12 21:26:00+00:00,2026-03-13 08:21:00+00:00,5102.0797649999995,5066.575445,5069.11,5168.019294999999,-4.000489209882882,0.8906710206546485,8933.807899228883,sl,32.969764999999825,65.93952999999965
2026-03-13 08:36:00+00:00,2026-03-13 12:46:00+00:00,5083.940699999999,5116.0427989499985,5066.61,5118.602099999998,1.9243860577131402,0.8962013773579595,8935.732285286596,tp,17.330699999999524,34.66139999999905
2026-03-13 17:13:00+00:00,2026-03-13 17:55:00+00:00,5058.808139999999,5045.406035000001,5047.93,5080.564419999997,-2.076044093266243,0.892389574009403,8933.65624119333,sl,10.878139999998893,21.756279999997787
2026-03-13 18:32:00+00:00,2026-03-13 19:17:00+00:00,5050.053765,5035.790845,5038.31,5073.541294999998,-2.153675020561556,0.8921040531519233,8931.502566172769,sl,11.743764999999257,23.487529999998515
2026-03-13 20:33:00+00:00,2026-03-13 21:14:00+00:00,5023.440465,5013.85182,5016.36,5037.601395,-1.7447117214369303,0.8922978427385786,8929.757854451333,sl,7.080465000000004,14.160930000000008
2026-03-14 08:42:00+00:00,2026-03-14 08:55:00+00:00,5039.048264999999,5032.912285,5035.43,5046.284794999998,-1.4361142900348347,0.8924321032583569,8928.321740161298,sl,3.6182649999991554,7.236529999998311
2026-03-14 10:42:00+00:00,2026-03-14 11:28:00+00:00,5032.97523,5026.70539,5029.22,5040.4856899999995,-1.4483998757724623,0.892276050190548,8926.873340285525,sl,3.755229999999756,7.510459999999512
2026-03-14 15:13:00+00:00,2026-03-14 16:19:00+00:00,5031.624554999999,5023.556965,5026.07,5042.733664999999,-1.6076287505713025,0.8919716769549362,8925.265711534954,sl,5.554554999999709,11.109109999999419
2026-03-14 19:22:00+00:00,2026-03-14 20:06:00+00:00,5028.623054999999,5021.478005,5023.99,5037.889164999998,-1.5259772951949224,0.8918924863446451,8923.73973423976,sl,4.633054999999331,9.266109999998662
2026-03-15 08:03:00+00:00,2026-03-15 09:14:00+00:00,5017.497495,5011.59295,5014.1,5024.292484999998,-1.416917655396182,0.8918489046732531,8922.322816584363,sl,3.397494999999253,6.794989999998506
2026-03-15 14:12:00+00:00,2026-03-15 14:57:00+00:00,5011.52451,5005.705895,5008.21,5018.1535300000005,-1.4096760825473382,0.8917143198957849,8920.913140501816,sl,3.314510000000155,6.62902000000031
2026-03-15 17:54:00+00:00,2026-03-15 18:10:00+00:00,4998.648074999999,4990.9732650000005,4993.47,5009.004224999997,-1.576254772251453,0.8914064657436739,8919.336885729565,sl,5.178074999998898,10.356149999997797
2026-03-16 09:27:00+00:00,2026-03-16 09:44:00+00:00,4983.730619999999,4971.143185000001,4973.63,5003.931859999998,-2.0171881442292916,0.8908073077364638,8917.319697585335,sl,10.100619999999253,20.201239999998506
2026-03-16 11:11:00+00:00,2026-03-18 10:35:00+00:00,4996.196849999999,4963.09721,4965.58,5057.430549999998,-3.842625624831628,0.8887781222559579,8913.477071960504,sl,30.61684999999943,61.23369999999886
2026-03-18 13:40:00+00:00,2026-03-18 14:25:00+00:00,4866.73215,4846.21568,4848.64,4902.916449999999,-2.768276683630671,0.8894688994118317,8910.708795276872,sl,18.092149999999492,36.184299999998984
2026-03-18 15:18:00+00:00,2026-03-18 15:21:00+00:00,4872.915239999999,4857.9698,4860.4,4897.945719999999,-2.2561807023041363,0.8897044032286118,8908.452614574568,sl,12.515239999999721,25.030479999999443
2026-03-18 17:36:00+00:00,2026-03-18 18:03:00+00:00,4892.54505,4874.011775,4876.45,4924.7351499999995,-2.5764475159348796,0.8891579719134354,8905.876167058634,sl,16.0950499999999,32.1900999999998
2026-03-19 09:23:00+00:00,2026-03-19 10:20:00+00:00,4717.367505,4680.6585000000005,4683.0,4786.1025150000005,-4.3522526931178795,0.8871224864992447,8901.523914365516,sl,34.367505000000165,68.73501000000033
2026-03-19 10:34:00+00:00,2026-03-19 10:53:00+00:00,4691.544599999999,4664.546560000001,4666.88,4740.873799999998,-3.448833971510236,0.8875911486136551,8898.075080394006,sl,24.664599999999155,49.32919999999831
2026-03-19 11:02:00+00:00,2026-03-19 11:16:00+00:00,4688.673164999999,4670.473595,4672.81,4720.399494999997,-2.6150205209471293,0.88808056808654,8895.46005987306,sl,15.863164999998844,31.726329999997688
2026-03-19 11:32:00+00:00,2026-03-19 11:35:00+00:00,4692.334994999999,4672.82242,4675.16,4726.684984999998,-2.737237596964491,0.8876964648551967,8892.722822276095,sl,17.1749949999994,34.3499899999988
2026-03-19 13:54:00+00:00,2026-03-20 01:45:00+00:00,4597.367534999999,4699.691583697499,4545.03,4702.042604999999,8.997140505050465,0.8991685913239841,8901.719962781146,tp,52.33753499999966,104.67506999999932
2026-03-20 07:34:00+00:00,2026-03-20 08:19:00+00:00,4694.5461,4723.955140849999,4678.66,4726.318299999999,1.895286378224454,0.8929602428992384,8903.615249159371,tp,15.886099999999715,31.77219999999943
2026-03-20 11:47:00+00:00,2026-03-20 11:51:00+00:00,4676.15691,4661.198235,4663.53,4701.41073,-2.313037272449616,0.8889374250685562,8901.302211886921,sl,12.626909999999953,25.253819999999905
2026-03-20 16:13:00+00:00,2026-03-20 18:22:00+00:00,4594.366034999999,4553.402160000001,4555.68,4671.738104999997,-4.854411653477768,0.8861619715067213,8896.447800233444,sl,38.68603499999881,77.37206999999762
2026-03-20 20:54:00+00:00,2026-03-20 20:59:00+00:00,4522.64019,4508.194775,4510.45,4547.020570000001,-2.3089967760496988,0.8882240072545493,8894.138803457394,sl,12.190190000000257,24.380380000000514
2026-03-21 09:17:00+00:00,2026-03-21 09:32:00+00:00,4508.93334,4503.317215,4505.57,4515.660019999999,-1.4427669788445927,0.8888599733402351,8892.69603647855,sl,3.36333999999988,6.72667999999976
2026-03-21 09:44:00+00:00,2026-03-21 09:45:00+00:00,4510.424085,4503.317215,4505.57,4520.1322549999995,-1.589159838537865,0.8885690128221394,8891.106876640011,sl,4.854084999999941,9.708169999999882
2026-03-21 10:03:00+00:00,2026-03-21 23:52:00+00:00,4511.094419999999,4502.52761,4504.78,4523.723259999999,-1.7325008696695552,0.8882664532475791,8889.374375770341,sl,6.3144199999997,12.6288399999994
2026-03-22 13:00:00+00:00,2026-03-22 14:05:00+00:00,4479.41859,4471.6730450000005,4473.91,4490.435770000001,-1.656717840525764,0.8881688886251337,8887.717657929816,sl,5.508590000000368,11.017180000000735
2026-03-22 14:46:00+00:00,2026-03-22 17:00:00+00:00,4477.2375,4486.468143750001,4471.5,4488.712500000001,0.026494803106845044,0.8896879485446331,8887.744152732923,tp,5.737500000000182,11.475000000000364
2026-03-22 17:48:00+00:00,2026-03-22 19:51:00+00:00,4496.8473,4487.51512,4489.76,4511.021900000001,-1.8100763927612409,0.8878521910716027,8885.934076340161,sl,7.087300000000141,14.174600000000282
2026-03-22 20:01:00+00:00,2026-03-22 20:01:00+00:00,4495.396575,4488.83446,4491.08,4504.029724999999,-1.5365029946771696,0.887944849488828,8884.397573345484,sl,4.31657499999983,8.63314999999966
2026-03-23 08:07:00+00:00,2026-03-23 11:06:00+00:00,4261.109489999999,4357.788485764996,4211.68,4359.968469999996,9.180248957968224,0.898518524817334,8893.577822303452,tp,49.42948999999862,98.85897999999725
2026-03-23 14:02:00+00:00,2026-03-23 15:37:00+00:00,4475.406585,4420.788500000001,4423.0,4580.219754999999,-6.310814247098383,0.8839308988821291,8887.267008056353,sl,52.40658499999972,104.81316999999945
2026-03-23 16:41:00+00:00,2026-03-23 18:35:00+00:00,4392.0849450000005,4452.6873775825015,4360.67,4454.914835000001,5.236512410419275,0.8948580712873421,8892.503520466773,tp,31.414945000000444,62.82989000000089
2026-03-23 21:40:00+00:00,2026-03-23 22:03:00+00:00,4425.941864999999,4417.94992,4420.16,4437.505594999997,-1.691309357952969,0.8884474901789035,8890.81221110882,sl,5.781864999999016,11.563729999998031
2026-03-24 07:49:00+00:00,2026-03-24 08:20:00+00:00,4432.215,4406.8054950000005,4409.01,4478.625,-3.4350455549134513,0.8865327082642328,8887.377165553906,sl,23.204999999999927,46.409999999999854
2026-03-24 09:57:00+00:00,2026-03-24 11:01:00+00:00,4434.025905,4411.043375,4413.25,4475.577715000001,-3.1896958332663816,0.8864344551773015,8884.187469720639,sl,20.77590500000042,41.55181000000084
2026-03-24 11:33:00+00:00,2026-03-24 11:52:00+00:00,4429.4836350000005,4412.0028950000005,4414.21,4460.030905000001,-2.6397162105439618,0.886665696457978,8881.547753510094,sl,15.273635000000468,30.547270000000935
2026-03-24 12:14:00+00:00,2026-03-24 12:22:00+00:00,4429.253519999999,4409.853970000001,4412.06,4463.640559999997,-2.831210539879361,0.8862097745857159,8878.716542970215,sl,17.193519999998898,34.387039999997796
2026-03-24 14:00:00+00:00,2026-03-24 20:24:00+00:00,4391.1844949999995,4449.307718257498,4361.01,4451.533484999998,4.982339046599932,0.893747741084706,8883.698882016815,tp,30.174494999999297,60.348989999998594
2026-03-24 20:52:00+00:00,2026-03-24 22:33:00+00:00,4484.7812699999995,4453.372200000001,4455.6,4543.143809999998,-3.9960988335213825,0.8852590484165768,8879.702783183295,sl,29.18126999999913,58.36253999999826
2026-03-25 08:03:00+00:00,2026-03-25 09:46:00+00:00,4549.283505,4536.880425,4539.15,4569.550515000002,-2.097232442471467,0.8867598056815397,8877.605550740824,sl,10.133505000000696,20.26701000000139
2026-03-25 10:39:00+00:00,2026-03-25 10:43:00+00:00,4557.667695,4548.454635,4550.73,4571.543085000001,-1.7841414251883232,0.88686327692582,8875.821409315635,sl,6.937695000000531,13.875390000001062
2026-03-25 11:05:00+00:00,2026-03-25 11:31:00+00:00,4563.890804999999,4592.674928792497,4548.35,4594.9724149999965,1.908576557519555,0.890381098587671,8877.729985873155,tp,15.540804999998727,31.081609999997454
2026-03-25 13:04:00+00:00,2026-03-25 14:00:00+00:00,4564.78125,4537.25024,4539.52,4615.303749999999,-3.5622544991559644,0.8850958399280878,8874.167731373998,sl,25.261249999999563,50.52249999999913
2026-03-25 14:16:00+00:00,2026-03-25 15:17:00+00:00,4558.107915,4536.9304,4539.2,4595.923744999999,-2.946877528833877,0.8853552508594253,8871.220853845165,sl,18.907914999999775,37.81582999999955
2026-03-25 17:23:00+00:00,2026-03-25 18:50:00+00:00,4560.048885,4545.356185000001,4547.63,4584.886655,-2.3148682317139113,0.8856929100628655,8868.905985613452,sl,12.418885000000046,24.83777000000009
2026-03-25 19:58:00+00:00,2026-03-25 20:37:00+00:00,4533.90582,4516.750495,4519.01,4563.697459999999,-2.56311438493307,0.8852126968732854,8866.342871228519,sl,14.89581999999973,29.79163999999946
2026-03-25 21:08:00+00:00,2026-03-25 22:39:00+00:00,4516.146945,4532.773314582502,4506.7,4535.040835000002,0.7438228273411668,0.8882663763265196,8867.086694055859,tp,9.446945000000596,18.893890000001193
2026-03-26 07:04:00+00:00,2026-03-26 07:06:00+00:00,4462.810289999999,4446.325725000001,4448.55,4491.330869999998,-2.5227170073470564,0.8850710234216604,8864.563977048512,sl,14.260289999999259,28.520579999998517
2026-03-26 07:31:00+00:00,2026-03-26 08:16:00+00:00,4461.90984,4440.4386700000005,4442.66,4500.409520000001,-3.0171833104538983,0.8843235379323298,8861.546793738058,sl,19.249840000000404,38.49968000000081
2026-03-26 08:56:00+00:00,2026-03-26 16:21:00+00:00,4445.34156,4416.35072,4418.56,4498.904679999999,-3.7728482899826457,0.883265096180003,8857.773945448076,sl,26.781559999999445,53.56311999999889
2026-03-26 17:01:00+00:00,2026-03-26 19:54:00+00:00,4401.45963,4371.15333,4373.34,4457.698890000001,-3.932243007230795,0.8827278794169938,8853.841702440845,sl,28.119630000000143,56.239260000000286
2026-03-26 20:13:00+00:00,2026-03-27 14:51:00+00:00,4406.412104999999,4494.847766842499,4361.07,4497.096314999999,7.990457861935502,0.8942688970030233,8861.83216030278,tp,45.34210499999972,90.68420999999944
2026-03-27 15:13:00+00:00,2026-03-29 23:37:00+00:00,4526.922329999999,4451.663055000001,4453.89,4672.986989999998,-8.245135721987035,0.8788168972054964,8853.587024580793,sl,73.03232999999909,146.06465999999818
2026-03-30 10:51:00+00:00,2026-03-30 10:57:00+00:00,4540.168949999999,4531.962885,4534.23,4552.046849999999,-1.684673202596388,0.8845585878433262,8851.902351378196,sl,5.93894999999975,11.8778999999995
2026-03-30 11:13:00+00:00,2026-03-30 11:44:00+00:00,4541.759744999999,4562.8366753824985,4530.08,4565.119234999998,1.166705606427282,0.8872441849291762,8853.069056984623,tp,11.679744999999457,23.359489999998914
2026-03-30 12:31:00+00:00,2026-03-30 13:41:00+00:00,4573.4355749999995,4545.815955,4548.09,4624.126724999998,-3.5558800533751023,0.8826336593043916,8849.513176931248,sl,25.34557499999937,50.69114999999874
2026-03-30 14:58:00+00:00,2026-03-30 17:14:00+00:00,4541.94984,4518.4196600000005,4520.68,4584.48952,-3.174963478280926,0.882659013228072,8846.338213452967,sl,21.26983999999993,42.53967999999986
2026-03-30 19:34:00+00:00,2026-03-30 23:10:00+00:00,4504.261005,4491.003375,4493.25,4526.283015000001,-2.1852267186027263,0.8833319265532474,8844.152986734365,sl,11.011005000000296,22.02201000000059
2026-03-31 07:46:00+00:00,2026-03-31 09:36:00+00:00,4562.590155,4552.032845000001,4554.31,4579.150464999999,-1.9066098322037603,0.8833920809221549,8842.246376902162,sl,8.280154999999468,16.560309999998935
2026-03-31 10:51:00+00:00,2026-03-31 11:44:00+00:00,4550.784255,4588.737248617499,4530.66,4591.032764999999,2.799251789678003,0.8879118012811756,8845.04562869184,tp,20.12425499999972,40.24850999999944
2026-03-31 12:07:00+00:00,2026-03-31 12:14:00+00:00,4593.87579,4574.95138,4577.24,4627.147370000001,-2.7045350808919926,0.8826827104987909,8842.341093610949,sl,16.63579000000027,33.27158000000054
2026-03-31 13:15:00+00:00,2026-03-31 14:00:00+00:00,4582.940325,4610.074784512499,4568.22,4612.380974999998,1.7308142794033192,0.8868517754159141,8844.071907890351,tp,14.72032499999932,29.44064999999864
2026-03-31 15:52:00+00:00,2026-03-31 16:00:00+00:00,4619.858775,4602.63753,4604.94,4649.696325,-2.5311417621750554,0.882758807834695,8841.540766128177,sl,14.918775000000096,29.837550000000192
2026-03-31 16:10:00+00:00,2026-03-31 16:41:00+00:00,4617.617655,4640.871368517501,4604.83,4643.192965,1.3398613434427835,0.8863803182745351,8842.880627471619,tp,12.787655000000086,25.575310000000172
2026-03-31 17:43:00+00:00,2026-04-01 00:17:00+00:00,4659.298485,4698.3051272725015,4638.62,4700.655455000001,2.813544897754002,0.8879895972421581,8845.694172369373,tp,20.678485000000364,41.35697000000073
2026-04-01 08:21:00+00:00,2026-04-01 09:19:00+00:00,4719.49857,4703.577035,4705.93,4746.635709999999,-2.3751535359572644,0.8830773410420221,8843.319018833416,sl,13.568569999999454,27.137139999998908
2026-04-01 09:48:00+00:00,2026-04-01 11:43:00+00:00,4718.03784,4744.839913240001,4703.45,4747.21352,1.6249979591022474,0.88684374358603,8844.944016792519,tp,14.587840000000142,29.175680000000284
2026-04-01 12:45:00+00:00,2026-04-01 12:56:00+00:00,4740.559095,4712.46259,4714.82,4792.037284999999,-3.502998852352432,0.8818732761030026,8841.441017940166,sl,25.739094999999907,51.47818999999981
2026-04-01 15:06:00+00:00,2026-04-02 01:04:00+00:00,4759.89876,4721.927855,4724.29,4831.11628,-4.407137093333559,0.880617582282966,8837.033880846831,sl,35.608760000000075,71.21752000000015
2026-04-02 07:49:00+00:00,2026-04-02 08:58:00+00:00,4643.00034,4611.842925,4614.15,4700.7010199999995,-3.8458374901748824,0.8807382888833917,8833.188043356657,sl,28.85033999999996,57.70067999999992
2026-04-02 09:58:00+00:00,2026-04-02 10:17:00+00:00,4621.46958,4611.103295,4613.41,4637.58874,-1.8730015858386002,0.8823281308807078,8831.315041770818,sl,8.059580000000096,16.119160000000193
2026-04-02 10:43:00+00:00,2026-04-02 11:40:00+00:00,4623.760724999999,4598.39965,4600.7,4669.882174999998,-3.3026735694711844,0.8807095401477585,8828.012368201347,sl,23.060724999999366,46.12144999999873
2026-04-02 12:53:00+00:00,2026-04-02 12:56:00+00:00,4620.559125,4606.01584,4608.32,4645.037375,-2.2707275470848107,0.8814119211942443,8825.741640654262,sl,12.239125000000058,24.478250000000116
2026-04-02 14:12:00+00:00,2026-04-05 12:17:00+00:00,4651.914795,4622.18775,4624.5,4706.744384999999,-3.6997028867679855,0.8797542153940523,8822.041937767493,sl,27.414794999999685,54.82958999999937
2026-04-05 13:15:00+00:00,2026-04-05 16:08:00+00:00,4634.245965,4623.26721,4625.58,4651.577895,-1.9261516096908389,0.8811592013684271,8820.115786157803,sl,8.665965000000142,17.331930000000284
2026-04-05 18:23:00+00:00,2026-04-05 20:00:00+00:00,4622.800244999999,4617.200245000001,4619.51,4629.380734999998,-1.4157060185544066,0.8814773499471731,8818.700080139248,sl,3.2902449999992314,6.580489999998463
2026-04-05 20:16:00+00:00,2026-04-05 21:59:00+00:00,4626.932309999999,4614.35167,4616.66,4647.476929999998,-2.0795744335323088,0.8806711046850776,8816.620505705716,sl,10.27230999999938,20.54461999999876
2026-04-06 07:50:00+00:00,2026-04-07 01:00:00+00:00,4659.3285,4626.835425,4629.15,4719.6855,-3.9528410007893657,0.8785877973671495,8812.667664704926,sl,30.178499999999985,60.35699999999997
2026-04-07 08:14:00+00:00,2026-04-07 11:14:00+00:00,4646.672175,4623.32718,4625.64,4688.736524999998,-3.0928059405959445,0.8790530135434402,8809.57485876433,sl,21.03217499999937,42.06434999999874
2026-04-07 11:42:00+00:00,2026-04-07 14:02:00+00:00,4646.96232,4616.690500000001,4619.0,4702.886959999999,-3.747509484695197,0.8780880644561939,8805.827349279634,sl,27.962319999999636,55.92463999999927
2026-04-07 14:34:00+00:00,2026-04-07 22:02:00+00:00,4641.749715,4724.8855204275,4599.0,4727.249145,6.9973460041566815,0.8884685494816018,8812.82469528379,tp,42.749714999999924,85.49942999999985
2026-04-08 09:24:00+00:00,2026-04-08 09:40:00+00:00,4787.982795,4773.91185,4776.3,4811.348384999999,-2.1749459194029255,0.8799875111200963,8810.649749364387,sl,11.682794999999714,23.36558999999943
2026-04-08 11:26:00+00:00,2026-04-08 11:36:00+00:00,4776.997304999999,4761.87787,4764.26,4802.471914999996,-2.273977987549877,0.8796706676165054,8808.375771376837,sl,12.737304999998742,25.474609999997483
2026-04-08 13:01:00+00:00,2026-04-08 13:10:00+00:00,4788.372989999999,4774.99131,4777.38,4810.358969999997,-2.1104096601012268,0.8796067742518344,8806.265361716736,sl,10.992989999998827,21.985979999997653
2026-04-08 14:04:00+00:00,2026-04-08 14:25:00+00:00,4774.20591,4748.994315,4751.37,4819.877729999999,-3.203504727304895,0.8783013327771461,8803.06185698943,sl,22.835909999999785,45.67181999999957
2026-04-08 15:36:00+00:00,2026-04-08 16:16:00+00:00,4744.160895,4731.822905,4734.19,4764.102685000001,-2.0238537958370264,0.8791614933965026,8801.038003193593,sl,9.970895000000382,19.941790000000765
2026-04-08 16:34:00+00:00,2026-04-08 17:37:00+00:00,4741.339485,4721.4381,4723.8,4776.418455000001,-2.725338605895476,0.8782567184318957,8798.312664587698,sl,17.53948500000024,35.07897000000048
2026-04-08 19:46:00+00:00,2026-04-08 22:21:00+00:00,4711.7546999999995,4690.49358,4692.84,4749.584099999998,-2.862902662110506,0.8778462100066661,8795.449761925587,sl,18.914699999999357,37.829399999998714
2026-04-09 07:35:00+00:00,2026-04-09 11:45:00+00:00,4710.624135,4737.4624887975,4696.02,4739.832404999999,1.6235133274198355,0.8820505400600387,8797.073275253008,tp,14.604134999999587,29.208269999999175
2026-04-09 13:06:00+00:00,2026-04-09 13:41:00+00:00,4738.898265,4758.8941576025,4727.71,4761.274794999999,0.9744095712667329,0.8815633003969645,8798.047684824274,tp,11.188264999999774,22.376529999999548
2026-04-09 14:04:00+00:00,2026-04-09 14:32:00+00:00,4763.40051,4745.875875000001,4748.25,4793.701530000001,-2.496595037234668,0.8781863598049978,8795.551089787039,sl,15.150510000000395,30.30102000000079
2026-04-09 15:15:00+00:00,2026-04-09 15:36:00+00:00,4760.859239999999,4780.586231139997,4749.8,4782.977719999996,0.9408751949133477,0.8813773615351524,8796.491964981953,tp,11.059239999998681,22.118479999997362
2026-04-09 17:16:00+00:00,2026-04-09 18:04:00+00:00,4783.93077,4768.614500000001,4771.0,4809.79231,-2.2863869087843196,0.8782410506400511,8794.205578073168,sl,12.930769999999939,25.861539999999877
2026-04-09 18:58:00+00:00,2026-04-09 19:55:00+00:00,4763.56059,4753.622,4756.0,4778.68177,-1.7959051911282486,0.8785031557719606,8792.40967288204,sl,7.560590000000047,15.121180000000095
2026-04-09 20:25:00+00:00,2026-04-09 20:36:00+00:00,4763.02032,4752.8623800000005,4755.24,4778.580959999999,-1.8158678463294775,0.8783034028447194,8790.59380503571,sl,7.780319999999847,15.560639999999694
2026-04-09 20:52:00+00:00,2026-04-09 21:13:00+00:00,4757.207415,4747.874875,4750.25,4771.122245,-1.7404526580230222,0.8781971249705187,8788.853352377688,sl,6.957414999999855,13.91482999999971
2026-04-09 21:53:00+00:00,2026-04-09 22:29:00+00:00,4755.446534999999,4746.0258,4748.4,4769.539604999998,-1.748568763696444,0.8780147812553275,8787.104783613991,sl,7.046534999999494,14.093069999998988
2026-04-10 07:19:00+00:00,2026-04-10 08:44:00+00:00,4739.54859,4724.886375,4727.25,4764.145770000001,-2.236535793380635,0.8773512938618805,8784.86824782061,sl,12.298590000000331,24.597180000000662
2026-04-10 09:15:00+00:00,2026-04-10 14:15:00+00:00,4732.605119999999,4762.952692319998,4716.24,4765.335359999998,1.9353209860830747,0.8813034492173615,8786.803568806694,tp,16.36511999999948,32.73023999999896
2026-04-10 15:12:00+00:00,2026-04-10 15:36:00+00:00,4766.632125,4750.9633300000005,4753.34,4793.216375,-2.321427999180336,0.8772361650465357,8784.482140807513,sl,13.292124999999942,26.584249999999884
2026-04-10 16:54:00+00:00,2026-04-10 18:04:00+00:00,4750.824224999999,4739.079275,4741.45,4769.5726749999985,-1.9632087244125318,0.877362367724063,8782.518932083101,sl,9.37422499999957,18.74844999999914
2026-04-10 19:17:00+00:00,2026-04-10 19:27:00+00:00,4755.21642,4748.194715,4750.57,4764.50926,-1.5260309152292,0.8776034657588397,8780.992901167872,sl,4.646420000000035,9.29284000000007
2026-04-10 20:44:00+00:00,2026-04-12 01:39:00+00:00,4741.26945,4723.307165,4725.67,4772.468349999999,-2.539774206912299,0.8764359518617367,8778.45312696096,sl,15.599449999999706,31.198899999999412
2026-04-12 07:28:00+00:00,2026-04-12 13:00:00+00:00,4712.405025,4695.651,4698.0,4741.215075,-2.4367875932069194,0.8762848099128019,8776.016339367752,sl,14.405025000000023,28.810050000000047
2026-04-12 17:25:00+00:00,2026-04-12 20:00:00+00:00,4696.096875,4687.97484,4690.32,4707.650625000001,-1.6357613850284802,0.8768427152670137,8774.380577982723,sl,5.776875000000473,11.553750000000946
2026-04-12 20:44:00+00:00,2026-04-12 21:27:00+00:00,4696.597124999999,4688.584535000001,4690.93,4707.931374999997,-1.6251624920209515,0.8766895848911427,8772.755415490703,sl,5.667124999999032,11.334249999998065
2026-04-12 21:37:00+00:00,2026-04-12 21:44:00+00:00,4695.976815,4688.39463,4690.74,4706.450445,-1.5847975383914272,0.876567311322001,8771.170617952312,sl,5.236815000000206,10.473630000000412
2026-04-13 07:46:00+00:00,2026-04-13 08:40:00+00:00,4718.327985,4707.255195,4709.61,4735.763955,-1.9052801026531347,0.8760878695621401,8769.265337849658,sl,8.717985000000226,17.435970000000452
2026-04-13 09:52:00+00:00,2026-04-13 10:25:00+00:00,4701.209429999999,4691.47309,4693.82,4715.9882899999975,-1.7840885056206583,0.8760184637430882,8767.481249344037,sl,7.389429999999265,14.77885999999853
2026-04-13 10:35:00+00:00,2026-04-13 11:41:00+00:00,4701.9598049999995,4690.293680000001,4692.64,4720.599414999998,-1.963318979380526,0.8756604664214447,8765.517930364656,sl,9.319804999999178,18.639609999998356
2026-04-13 13:50:00+00:00,2026-04-13 13:52:00+00:00,4725.38151,4710.6435,4713.0,4750.1445300000005,-2.2421251795330512,0.8751848527096424,8763.275805185123,sl,12.381510000000162,24.763020000000324
2026-04-13 16:07:00+00:00,2026-04-13 16:44:00+00:00,4703.580614999999,4718.501414077498,4694.94,4720.861844999998,0.5122350185337964,0.8777175330701162,8763.788040203657,tp,8.640614999999343,17.281229999998686
2026-04-13 17:19:00+00:00,2026-04-13 18:27:00+00:00,4727.872755,4707.8449,4710.2,4763.218265000001,-2.73074719896478,0.8745225794008019,8761.057293004693,sl,17.672755000000507,35.34551000000101
2026-04-13 18:46:00+00:00,2026-04-13 23:03:00+00:00,4722.17991,4744.866110135001,4709.65,4747.23973,1.226274398399608,0.8782102139127815,8762.283567403092,tp,12.5299100000002,25.0598200000004
2026-04-14 08:07:00+00:00,2026-04-14 09:33:00+00:00,4767.90276,4757.0302950000005,4759.41,4784.88828,-1.8742809448058209,0.875229305100604,8760.409286458287,sl,8.49276000000009,16.98552000000018
2026-04-14 10:01:00+00:00,2026-04-14 10:37:00+00:00,4767.912764999999,4757.629995,4760.01,4783.718294999997,-1.8197577808637249,0.8750962671320973,8758.589528677423,sl,7.902764999998908,15.805529999997816
2026-04-14 11:19:00+00:00,2026-04-14 12:21:00+00:00,4764.310965,4748.56453,4750.94,4791.052895,-2.3218040764801224,0.8744115603516139,8756.267724600943,sl,13.37096500000007,26.74193000000014
2026-04-14 12:39:00+00:00,2026-04-14 12:51:00+00:00,4759.748685,4749.414105,4751.79,4775.666054999999,-1.8252762490900016,0.8746761723833877,8754.442448351852,sl,7.958684999999605,15.91736999999921
2026-04-14 13:01:00+00:00,2026-04-14 13:38:00+00:00,4761.39951,4784.265200735,4748.77,4786.65853,1.2245286390594565,0.8775463197940387,8755.666976990911,tp,12.629509999999755,25.25901999999951
2026-04-14 14:01:00+00:00,2026-04-14 17:06:00+00:00,4786.251929999999,4805.951612104999,4775.2,4808.355789999999,0.9244991442999642,0.8773685654087999,8756.59147613521,tp,11.05192999999963,22.10385999999926
2026-04-14 17:36:00+00:00,2026-04-14 19:09:00+00:00,4819.768679999999,4835.507076979999,4810.69,4837.9260399999985,0.5525929871990114,0.8770888294301502,8757.144069122409,tp,9.078679999999622,18.157359999999244
2026-04-14 21:25:00+00:00,2026-04-14 21:37:00+00:00,4838.1078449999995,4822.817384999999,4825.23,4863.8635349999995,-2.2581439085643664,0.8743305935972739,8754.885925213845,sl,12.87784499999998,25.75568999999996
2026-04-15 08:26:00+00:00,2026-04-15 09:11:00+00:00,4807.222409999999,4793.0922550000005,4795.49,4830.687229999999,-2.1608897732361543,0.8742019046528011,8752.725035440608,sl,11.732409999999618,23.464819999999236
2026-04-15 10:43:00+00:00,2026-04-15 12:19:00+00:00,4792.755179999999,4805.181747229997,4785.34,4807.585539999997,0.258288002800129,0.8764071987456065,8752.983323443408,tp,7.415179999999054,14.830359999998109
2026-04-15 13:21:00+00:00,2026-04-15 15:04:00+00:00,4811.414505,4800.048775,4802.45,4829.343515,-1.9080981565990132,0.8742644986864284,8751.07522528681,sl,8.964504999999917,17.929009999999835
2026-04-15 16:29:00+00:00,2026-04-15 16:42:00+00:00,4805.011304999999,4795.86087,4798.26,4818.513914999997,-1.707530838586378,0.8742742659560507,8749.367694448223,sl,6.751304999998865,13.50260999999773
2026-04-15 17:57:00+00:00,2026-04-15 17:59:00+00:00,4790.544075,4782.917345000001,4785.31,4801.012224999999,-1.5707067589025903,0.8742403029889086,8747.79698768932,sl,5.234074999999393,10.468149999998786
2026-04-15 18:03:00+00:00,2026-04-15 20:19:00+00:00,4790.584094999999,4781.647980000001,4784.04,4803.672284999998,-1.689848874156767,0.8739638137084839,8746.107138815163,sl,6.544094999999288,13.088189999998576
2026-04-15 21:21:00+00:00,2026-04-15 21:40:00+00:00,4791.93477,4777.90985,4780.3,4815.204309999999,-2.1532256717430656,0.8733308190288023,8743.95391314342,sl,11.634769999999662,23.269539999999324
2026-04-16 07:40:00+00:00,2026-04-16 07:47:00+00:00,4818.64812,4810.323635,4812.73,4830.48436,-1.628923658025212,0.8736401077640806,8742.324989485394,sl,5.918120000000272,11.836240000000544
2026-04-16 08:59:00+00:00,2026-04-16 09:30:00+00:00,4804.591095,4796.30065,4798.7,4816.373285,-1.6277335284982106,0.8734782436637051,8740.697255956897,sl,5.89109499999995,11.7821899999999
2026-04-16 10:56:00+00:00,2026-04-16 13:52:00+00:00,4804.0708349999995,4793.602,4796.0,4820.212504999999,-1.8254858847227973,0.8731173570680351,8738.871770072174,sl,8.070834999999533,16.141669999999067
2026-04-16 15:02:00+00:00,2026-04-16 16:33:00+00:00,4785.601605,4774.55153,4776.94,4802.924815,-1.8817920471641485,0.8728782632232766,8736.989978025009,sl,8.661605000000236,17.323210000000472
2026-04-16 18:01:00+00:00,2026-04-16 21:14:00+00:00,4781.739675,4766.825395000001,4769.21,4806.799024999999,-2.234873150121459,0.872336461113493,8734.755104874888,sl,12.52967499999977,25.05934999999954
2026-04-17 07:28:00+00:00,2026-04-17 07:42:00+00:00,4779.34848,4768.124745,4770.51,4797.0254399999985,-1.8980768805305277,0.8724498834904489,8732.857027994358,sl,8.838479999999436,17.67695999999887
2026-04-17 08:33:00+00:00,2026-04-17 09:02:00+00:00,4774.536074999999,4783.095480887497,4769.06,4785.488224999996,-0.09129014742780828,0.8740684811331412,8732.76573784693,tp,5.476074999998673,10.952149999997346
2026-04-17 11:23:00+00:00,2026-04-17 11:45:00+00:00,4775.80671,4785.746059934999,4769.64,4788.140129999999,0.034540909413462884,0.8741852999941007,8732.800278756344,tp,6.166709999999512,12.333419999999023
2026-04-17 12:20:00+00:00,2026-04-17 12:30:00+00:00,4792.1948999999995,4802.142427649998,4786.02,4804.544699999998,0.03218087546337134,0.8741863951462442,8732.832459631807,tp,6.17489999999907,12.34979999999814
2026-04-17 13:07:00+00:00,2026-04-18 08:35:00+00:00,4834.696139999999,4803.5370299999995,4805.94,4892.208419999998,-3.6845786413963815,0.8704691364582428,8729.147880990411,sl,28.756139999999505,57.51227999999901
2026-04-18 13:13:00+00:00,2026-04-18 13:42:00+00:00,4793.95578,4785.815895000001,4788.21,4805.447340000001,-1.6132554263615915,0.8721737063790587,8727.534625564049,sl,5.745780000000195,11.49156000000039
2026-04-18 14:06:00+00:00,2026-04-18 18:33:00+00:00,4794.165885,4784.98631,4787.38,4807.737655000001,-1.7074653344611317,0.8719179151370808,8725.827160229588,sl,6.785885000000235,13.57177000000047
2026-04-18 19:13:00+00:00,2026-04-18 19:29:00+00:00,4791.394499999999,4781.218195,4783.61,4806.963499999999,-1.798282758893694,0.8716560893534187,8724.028877470695,sl,7.784499999999753,15.568999999999505
2026-04-18 20:05:00+00:00,2026-04-19 00:00:00+00:00,4790.8042049999995,4772.402605,4774.79,4822.832614999998,-2.5461881943401456,0.8707274269797092,8721.482689276356,sl,16.014204999999492,32.028409999998985
2026-04-19 07:56:00+00:00,2026-04-19 20:03:00+00:00,4782.760184999999,4767.874870000001,4770.26,4807.760554999997,-2.2279782715123964,0.870791081737861,8719.254711004844,sl,12.500184999998964,25.00036999999793
2026-04-19 20:35:00+00:00,2026-04-19 21:00:00+00:00,4774.115864999999,4765.49606,4767.88,4786.587594999996,-1.6582817222052681,0.8711383277059852,8717.596429282637,sl,6.235864999998739,12.471729999997478
2026-04-20 07:19:00+00:00,2026-04-21 06:00:00+00:00,4789.383494999999,4764.656480000001,4767.04,4834.0704849999975,-3.119904709594459,0.8695092474661354,8714.476524573043,sl,22.343494999999166,44.68698999999833
2026-04-21 07:11:00+00:00,2026-04-21 12:30:00+00:00,4773.035324999999,4758.89936,4761.28,4796.545974999997,-2.160609990780551,0.87015719966619,8712.315914582263,sl,11.755324999999175,23.51064999999835
2026-04-21 13:03:00+00:00,2026-04-21 13:06:00+00:00,4773.465539999999,4762.6175,4765.0,4790.396619999998,-1.8602095068877968,0.8702416235749134,8710.455705075376,sl,8.465539999999237,16.931079999998474
2026-04-21 13:40:00+00:00,2026-04-21 14:33:00+00:00,4774.636125,4754.6215,4757.0,4809.908375,-2.6948721768929227,0.8692199182488936,8707.760832898482,sl,17.636124999999993,35.272249999999985
2026-04-21 18:55:00+00:00,2026-04-21 19:40:00+00:00,4701.52959,4687.4650950000005,4689.81,4724.9687699999995,-2.1719248487578735,0.8694736320731637,8705.588908049725,sl,11.719589999999698,23.439179999999396
2026-04-21 20:11:00+00:00,2026-04-22 02:20:00+00:00,4688.5431,4743.236495349999,4660.01,4745.609299999999,4.20204114231224,0.8756365685158007,8709.790949192038,tp,28.53309999999965,57.0661999999993
2026-04-22 08:46:00+00:00,2026-04-22 10:03:00+00:00,4746.121875,4739.06928,4741.44,4755.485625,-1.5174563987834107,0.8703319704909115,8708.273492793254,sl,4.681875000000218,9.363750000000437
2026-04-22 10:35:00+00:00,2026-04-22 11:41:00+00:00,4748.252939999999,4737.39012,4739.76,4765.238819999998,-1.8659492630617454,0.8698312312475113,8706.407543530193,sl,8.49293999999918,16.98587999999836
2026-04-22 15:57:00+00:00,2026-04-22 16:01:00+00:00,4719.268454999999,4710.973335000001,4713.33,4731.1453649999985,-1.6350439169946305,0.8698755860220468,8704.772499613198,sl,5.9384549999995215,11.876909999999043
2026-04-22 17:02:00+00:00,2026-04-22 23:01:00+00:00,4722.31998,4710.76344,4713.12,4740.719940000001,-1.9345353290064162,0.8694121267590725,8702.837964284192,sl,9.199980000000323,18.399960000000647
2026-04-23 07:45:00+00:00,2026-04-23 08:45:00+00:00,4702.880265,4689.5240650000005,4691.87,4724.900795,-2.104852837430227,0.8690479915825716,8700.733111446762,sl,11.01026499999989,22.02052999999978
2026-04-23 10:59:00+00:00,2026-04-23 11:55:00+00:00,4687.292474999999,4702.544976287499,4678.49,4704.897424999998,0.544125138692251,0.8714889252085769,8701.277236585454,tp,8.802474999999504,17.604949999999008
2026-04-23 12:32:00+00:00,2026-04-23 13:08:00+00:00,4728.44304,4713.062290000001,4715.42,4754.48912,-2.283894756017145,0.8687125414439723,8698.993341829437,sl,13.023040000000037,26.046080000000075
2026-04-23 15:18:00+00:00,2026-04-23 15:45:00+00:00,4727.532585,4712.38263,4714.74,4753.117755,-2.2623547636185553,0.8685054849042295,8696.730987065817,sl,12.792585000000145,25.58517000000029
2026-04-23 16:32:00+00:00,2026-04-23 17:08:00+00:00,4715.296469999999,4703.56704,4705.92,4734.049409999998,-1.950259338539267,0.8685914307988414,8694.780727727279,sl,9.376469999999244,18.75293999999849
2026-04-23 19:29:00+00:00,2026-04-23 19:33:00+00:00,4691.3445,4685.046305000001,4687.39,4699.2535,-1.4525376101927319,0.8688944295921273,8693.328190117087,sl,3.9544999999998254,7.908999999999651
2026-04-23 20:57:00+00:00,2026-04-23 23:17:00+00:00,4684.310985,4676.40063,4678.74,4695.452955000001,-1.6026161665862309,0.8685988016467692,8691.7255739505,sl,5.570985000000292,11.141970000000583
2026-04-24 07:46:00+00:00,2026-04-24 09:31:00+00:00,4679.47857,4670.973345,4673.31,4691.81571,-1.6582685587798522,0.8683826715077781,8690.06730539172,sl,6.168569999999818,12.337139999999636
2026-04-24 11:23:00+00:00,2026-04-26 23:40:00+00:00,4696.64715,4665.74596,4668.08,4753.7814499999995,-3.7249258461126864,0.8661479526457051,8686.342379545607,sl,28.567149999999856,57.13429999999971
2026-04-27 07:05:00+00:00,2026-04-27 08:20:00+00:00,4706.171909999999,4695.541055000001,4697.89,4722.735729999997,-1.8487397763322928,0.867653151329558,8684.493639769275,sl,8.281909999998788,16.563819999997577
2026-04-27 08:46:00+00:00,2026-04-27 09:10:00+00:00,4703.09037,4691.31317,4693.66,4721.95111,-1.95472170234784,0.8673620042788585,8682.538918066926,sl,9.430370000000039,18.860740000000078
2026-04-27 10:33:00+00:00,2026-04-27 12:40:00+00:00,4698.00783,4687.03531,4689.38,4715.2634899999985,-1.8811732614763341,0.86723995850372,8680.65774480545,sl,8.627829999999449,17.255659999998898
2026-04-27 16:32:00+00:00,2026-04-28 04:02:00+00:00,4670.0038349999995,4656.630520000001,4658.96,4692.0915049999985,-2.1097465669978708,0.8668228507643115,8678.547998238453,sl,11.04383499999949,22.08766999999898
2026-04-28 13:30:00+00:00,2026-04-28 13:31:00+00:00,4581.12942,4568.99436,4571.28,4600.828260000001,-2.016145715940733,0.8667053594673721,8676.531852522512,sl,9.849420000000464,19.698840000000928
2026-04-28 13:46:00+00:00,2026-04-28 14:02:00+00:00,4584.070889999999,4566.265725,4568.55,4615.112669999997,-2.551010597081534,0.8659681427979677,8673.980841925431,sl,15.520889999998872,31.041779999997743
2026-04-28 15:00:00+00:00,2026-04-29 08:35:00+00:00,4573.44558,4553.3721749999995,4555.65,4609.03674,-2.7690520016729474,0.8654945267175879,8671.211789923758,sl,17.795579999999973,35.591159999999945
2026-04-29 11:36:00+00:00,2026-04-29 11:42:00+00:00,4567.052385,4557.72,4560.0,4581.157155,-1.7521796033141825,0.8662352346236855,8669.459610320444,sl,7.052384999999958,14.104769999999917
2026-04-29 15:01:00+00:00,2026-04-29 18:09:00+00:00,4542.700215,4527.744995,4530.01,4568.080644999999,-2.2925740670868215,0.8655189058708285,8667.167036253357,sl,12.690214999999625,25.38042999999925
2026-04-29 19:15:00+00:00,2026-04-30 06:57:00+00:00,4548.23298,4576.989300529999,4532.71,4579.278939999999,1.8704627531333256,0.8694566230014706,8669.03749900649,tp,15.522979999999734,31.045959999999468
2026-04-30 07:07:00+00:00,2026-04-30 10:23:00+00:00,4585.97184,4623.202762240001,4566.2,4625.515520000001,2.6485289218374835,0.8704227015240105,8671.686027928328,tp,19.77184000000034,39.54368000000068
2026-04-30 11:03:00+00:00,2026-04-30 11:27:00+00:00,4635.57663,4623.996845000001,4626.31,4654.109889999998,-1.949189800348944,0.866085498490975,8669.73683812798,sl,9.266629999999168,18.533259999998336
2026-04-30 12:07:00+00:00,2026-04-30 12:30:00+00:00,4631.344515,4620.208740000001,4622.52,4648.993544999998,-1.9082230897626367,0.8659313921151506,8667.828615038217,sl,8.824514999999337,17.649029999998675
2026-04-30 16:34:00+00:00,2026-04-30 19:06:00+00:00,4606.332014999999,4617.086346977497,4599.8,4619.396044999997,0.1440375639505197,0.8677946937615338,8667.972652602168,tp,6.532014999998864,13.064029999997729
2026-04-30 20:20:00+00:00,2026-04-30 20:30:00+00:00,4613.885789999999,4606.73548,4609.04,4623.577369999998,-1.5377795529046,0.866125611318631,8666.434873049264,sl,4.845789999999397,9.691579999998794
2026-05-01 11:39:00+00:00,2026-05-01 12:22:00+00:00,4575.62667,4586.725499994998,4568.93,4589.020009999998,0.18338863901999425,0.8676945705144611,8666.618261688283,tp,6.696669999999358,13.393339999998716
2026-05-01 13:08:00+00:00,2026-05-01 13:17:00+00:00,4591.994849999999,4582.60755,4584.9,4606.184549999998,-1.7516235053215548,0.8657759786421491,8664.866638182963,sl,7.0948499999994965,14.189699999998993
2026-05-01 13:53:00+00:00,2026-05-04 06:05:00+00:00,4607.632665,4581.737985,4584.03,4654.837995000001,-3.2988591117376886,0.8640518565631218,8661.567779071225,sl,23.602665000000343,47.205330000000686
2026-05-04 09:15:00+00:00,2026-05-04 09:57:00+00:00,4581.499605,4569.704005,4571.99,4600.518815,-1.9800521102840092,0.865041767564403,8659.587726960941,sl,9.509605000000192,19.019210000000385
2026-05-04 12:58:00+00:00,2026-05-04 13:00:00+00:00,4570.494105,4560.35868,4562.64,4586.202314999999,-1.8251639627834262,0.8649986073406513,8657.762562998158,sl,7.854104999999436,15.708209999998871
2026-05-04 14:17:00+00:00,2026-05-04 15:13:00+00:00,4565.191454999999,4547.725,4550.0,4595.574364999998,-2.5203530826628935,0.8641200232403932,8655.242209915496,sl,15.191454999999223,30.382909999998446
2026-05-04 17:18:00+00:00,2026-05-05 13:09:00+00:00,4528.18296,4570.26260556,4506.0,4572.54888,3.152039977703815,0.8695458067760293,8658.3942498932,tp,22.182960000000094,44.36592000000019
2026-05-05 13:18:00+00:00,2026-05-05 16:25:00+00:00,4577.60766,4552.372675,4554.65,4623.52298,-3.250010052787525,0.8634528678043368,8655.144239840412,sl,22.957660000000033,45.915320000000065
2026-05-05 21:04:00+00:00,2026-05-05 21:58:00+00:00,4552.275,4545.735995000001,4548.01,4560.8049999999985,-1.4865164002329125,0.8648928003841926,8653.65772344018,sl,4.264999999999418,8.529999999998836
2026-05-06 08:51:00+00:00,2026-05-06 12:15:00+00:00,4686.121889999999,4659.259205,4661.59,4735.185669999998,-3.343193136764758,0.8628854646719252,8650.314530303414,sl,24.531889999999294,49.06377999999859
2026-05-06 13:01:00+00:00,2026-05-06 13:08:00+00:00,4676.51709,4664.64651,4666.98,4695.591270000002,-1.9618045903062926,0.8639335820220572,8648.352725713108,sl,9.537090000000717,19.074180000001434
2026-05-06 13:34:00+00:00,2026-05-06 16:58:00+00:00,4685.58162,4667.98484,4670.32,4716.10486,-2.487162973230337,0.8632113209189995,8645.865562739878,sl,15.261620000000221,30.523240000000442
2026-05-06 17:55:00+00:00,2026-05-06 19:05:00+00:00,4671.684675,4678.313697987502,4667.2,4680.654025000002,-0.25178483800855667,0.8651999714073868,8645.61377790187,tp,4.484675000000607,8.969350000001214
2026-05-06 20:14:00+00:00,2026-05-06 20:31:00+00:00,4688.513085,4678.209725000001,4680.55,4704.439254999998,-1.8135807224114626,0.8636114084762518,8643.800197179458,sl,7.96308499999941,15.92616999999882
2026-05-07 07:08:00+00:00,2026-05-07 08:19:00+00:00,4732.40502,4721.19822,4723.56,4750.09506,-1.8868249531156835,0.8633565513161464,8641.913372226343,sl,8.84501999999975,17.6900399999995
2026-05-07 11:39:00+00:00,2026-05-07 11:40:00+00:00,4729.883760000001,4724.8364,4727.2,4735.251280000002,-1.3248287571004336,0.8637302387042383,8640.588543469243,sl,2.6837600000008024,5.367520000001605
2026-05-07 11:48:00+00:00,2026-05-07 12:25:00+00:00,4730.86425,4723.147245,4725.51,4741.572749999998,-1.5680822843988205,0.8633541261887142,8639.020461184844,sl,5.354249999999411,10.708499999998821
2026-05-07 12:39:00+00:00,2026-05-07 13:13:00+00:00,4742.319974999999,4721.87788,4724.24,4778.479924999999,-2.7239945559823404,0.8620400916541562,8636.29646662886,sl,18.07997499999965,36.1599499999993
2026-05-07 13:33:00+00:00,2026-05-07 13:45:00+00:00,4747.13238,4733.132250000001,4735.5,4770.39714,-2.1358541635836525,0.8623561486479505,8634.160612465277,sl,11.632380000000012,23.264760000000024
2026-05-07 14:17:00+00:00,2026-05-07 15:26:00+00:00,4745.621625,4732.65249,4735.02,4766.824874999998,-2.0420352795469827,0.86223626222921,8632.11857718573,sl,10.60162499999933,21.20324999999866
2026-05-07 17:57:00+00:00,2026-05-07 18:50:00+00:00,4703.3505,4689.97384,4692.32,4725.411499999999,-2.0895019925002543,0.861984340066139,8630.02907519323,sl,11.030499999999847,22.060999999999694
2026-05-07 20:03:00+00:00,2026-05-07 20:37:00+00:00,4714.33599,4694.671490000001,4697.02,4748.967969999998,-2.6610875360014257,0.8612030230063279,8627.367987657228,sl,17.315989999999147,34.63197999999829
2026-05-08 09:19:00+00:00,2026-05-08 09:31:00+00:00,4715.306474999999,4705.176235,4707.53,4730.859424999999,-1.7885505442550573,0.8618100582797477,8625.579437112972,sl,7.776474999999664,15.552949999999328
2026-05-08 12:55:00+00:00,2026-05-08 12:59:00+00:00,4723.46055,4709.034305000001,4711.39,4747.601649999999,-2.178439448263254,0.861240745008042,8623.400997664708,sl,12.070549999999457,24.141099999998914
2026-05-08 13:31:00+00:00,2026-05-08 14:53:00+00:00,4727.532585,4705.436105,4707.79,4767.017755,-2.875612958775255,0.860324811619315,8620.525384705934,sl,19.742584999999963,39.485169999999925
2026-05-08 15:07:00+00:00,2026-05-08 15:12:00+00:00,4713.985815,4704.6465,4707.0,4727.957445,-1.715144755839019,0.8611985923070614,8618.810239950095,sl,6.985815000000002,13.971630000000005
2026-05-08 16:01:00+00:00,2026-05-10 17:45:00+00:00,4705.2214349999995,4720.902672847499,4696.2,4723.264304999999,0.5728916172822673,0.8633172328451371,8619.383131567378,tp,9.021434999999656,18.04286999999931
2026-05-10 21:11:00+00:00,2026-05-10 21:43:00+00:00,4711.41453,4698.099775,4700.45,4733.34359,-2.0786664204297285,0.8607203671034117,8617.304465146948,sl,10.964530000000195,21.92906000000039
2026-05-10 22:00:00+00:00,2026-05-10 22:00:00+00:00,4705.19142,4697.659995000001,4700.01,4715.55426,-1.5507107228913275,0.861040776568372,8615.753754424057,sl,5.181419999999889,10.362839999999778
2026-05-11 11:29:00+00:00,2026-05-11 12:23:00+00:00,4669.01334,4682.497599990001,4661.1,4684.840020000001,0.38130912840483056,0.8628195040748855,8616.135063552461,tp,7.913340000000062,15.826680000000124
2026-05-11 17:01:00+00:00,2026-05-11 22:00:00+00:00,4709.93379,4725.217579315001,4701.11,4727.581370000001,0.53496138931761,0.8630114792237875,8616.670024941779,tp,8.823790000000372,17.647580000000744
2026-05-12 07:55:00+00:00,2026-05-12 08:15:00+00:00,4697.337495,4688.4546,4690.8,4710.412484999999,-1.675579502793688,0.860852275266651,8614.994445438986,sl,6.537494999999581,13.074989999999161
2026-05-12 08:46:00+00:00,2026-05-12 09:05:00+00:00,4700.038844999999,4689.89388,4692.24,4715.636534999998,-1.7903366434101187,0.8605696775780666,8613.204108795577,sl,7.798844999999346,15.597689999998693
2026-05-12 09:31:00+00:00,2026-05-12 09:44:00+00:00,4698.18792,4688.4546,4690.8,4712.963760000001,-1.7526346598039422,0.860428204424178,8611.451474135773,sl,7.387920000000122,14.775840000000244
2026-05-12 11:56:00+00:00,2026-05-12 13:15:00+00:00,4702.760205,4678.19973,4680.54,4747.200614999999,-3.1075900871420608,0.8588964537802155,8608.34388404863,sl,22.220204999999623,44.44040999999925
2026-05-12 16:52:00+00:00,2026-05-12 18:34:00+00:00,4670.504085,4683.7891888725,4662.69,4686.1322549999995,0.3622496497190284,0.8620586967513335,8608.70613369835,tp,7.814084999999977,15.628169999999955
2026-05-12 19:08:00+00:00,2026-05-12 19:34:00+00:00,4698.838245,4708.559277632499,4692.8,4710.914734999999,0.028730426046556956,0.8617611049007823,8608.734864124397,tp,6.038244999999733,12.076489999999467
2026-05-12 20:01:00+00:00,2026-05-13 02:30:00+00:00,4716.687164999999,4690.453600000001,4692.8,4764.461494999998,-3.2525093944951426,0.858479456474419,8605.482354729902,sl,23.887164999999186,47.77432999999837
2026-05-13 07:16:00+00:00,2026-05-13 08:26:00+00:00,4703.53059,4689.384135,4691.73,4727.131770000002,-2.1533572168173274,0.8592541323885614,8603.328997513085,sl,11.800590000000739,23.601180000001477
2026-05-13 08:55:00+00:00,2026-05-13 09:14:00+00:00,4697.577614999999,4688.2846850000005,4690.63,4711.4728449999975,-1.7104538615814127,0.8594819278175448,8601.618543651502,sl,6.947614999999132,13.895229999998264
2026-05-13 10:09:00+00:00,2026-05-13 12:22:00+00:00,4703.960805,4679.878890000001,4682.22,4747.442414999999,-3.059758234547985,0.857960056186789,8598.558785416955,sl,21.740804999999455,43.48160999999891
2026-05-13 14:26:00+00:00,2026-05-14 03:44:00+00:00,4681.929795,4667.415125,4669.75,4706.289385,-2.191362794085677,0.8585230387863962,8596.36742262287,sl,12.179795000000013,24.359590000000026
2026-05-14 08:37:00+00:00,2026-05-14 08:43:00+00:00,4700.158905,4688.104775,4690.45,4719.576715000001,-1.9608559861425612,0.8585344206968413,8594.406566636728,sl,9.708905000000414,19.417810000000827
2026-05-14 10:12:00+00:00,2026-05-14 10:12:00+00:00,4698.5481,4688.764445,4691.11,4713.424300000001,-1.7533404559328567,0.8585458620698099,8592.653226180795,sl,7.438100000000304,14.876200000000608
2026-05-14 12:21:00+00:00,2026-05-14 13:19:00+00:00,4701.619635,4684.606525,4686.95,4730.958905,-2.4123638090116817,0.8577106694785465,8590.240862371784,sl,14.669635000000198,29.339270000000397
2026-05-14 21:45:00+00:00,2026-05-14 22:00:00+00:00,4659.558614999999,4645.53607,4647.86,4682.955844999998,-2.150311437221433,0.8577315063062633,8588.090550934563,sl,11.698614999999336,23.39722999999867
2026-05-15 10:46:00+00:00,2026-05-15 12:00:00+00:00,4563.690705,4552.452635,4554.73,4581.612115000001,-1.9151585696358349,0.8577516481719923,8586.175392364927,sl,8.960705000000416,17.921410000000833
2026-05-15 12:21:00+00:00,2026-05-15 12:42:00+00:00,4563.110415,4547.96488,4550.24,4588.851245000001,-2.282122187230832,0.8571926096589209,8583.893270177696,sl,12.870415000000321,25.740830000000642
2026-05-15 18:47:00+00:00,2026-05-15 19:09:00+00:00,4565.94183,4555.64104,4557.92,4581.985489999999,-1.8256865941026352,0.8574210614851522,8582.067583583594,sl,8.021829999999682,16.043659999999363
2026-05-15 20:31:00+00:00,2026-05-16 07:09:00+00:00,4549.5936599999995,4536.8604350000005,4539.13,4570.520979999998,-2.0579635747666734,0.857005800584177,8580.009620008826,sl,10.463659999999436,20.927319999998872
2026-05-16 08:33:00+00:00,2026-05-16 09:17:00+00:00,4539.78876,4532.89242,4535.16,4549.046280000001,-1.5090388847357594,0.8573492723885354,8578.50058112409,sl,4.628760000000511,9.257520000001023
2026-05-16 09:40:00+00:00,2026-05-16 10:07:00+00:00,4536.14694,4528.17478,4530.44,4547.56082,-1.6109207910196617,0.8570962335549442,8576.88966033307,sl,5.706940000000031,11.413880000000063
2026-05-16 14:32:00+00:00,2026-05-17 06:05:00+00:00,4532.244989999999,4524.366685,4526.63,4543.4749699999975,-1.602394751926279,0.8569435147961771,8575.287265581144,sl,5.614989999999125,11.22997999999825
2026-05-17 07:22:00+00:00,2026-05-17 22:05:00+00:00,4534.155945,4546.333531082501,4526.93,4548.607835000001,0.29287141213770984,0.8586802782485006,8575.580136993281,tp,7.225945000000138,14.451890000000276
2026-05-18 07:57:00+00:00,2026-05-18 10:14:00+00:00,4547.142435,4533.702015000001,4535.97,4569.487304999999,-2.1236733931052276,0.8562906309371602,8573.456463600176,sl,11.172434999999496,22.34486999999899
2026-05-18 10:44:00+00:00,2026-05-18 11:09:00+00:00,4541.64969,4529.034350000001,4531.3,4562.34907,-2.046879390377657,0.8561549218915314,8571.409584209798,sl,10.34969000000001,20.69938000000002
2026-05-18 11:34:00+00:00,2026-05-18 12:43:00+00:00,4543.3505399999995,4564.688134189999,4531.54,4566.971619999998,1.1536038044605164,0.8591537159413818,8572.563188014257,tp,11.810539999999492,23.621079999998983
2026-05-18 13:15:00+00:00,2026-05-18 14:04:00+00:00,4569.04338,4559.768975000001,4562.05,4583.03014,-1.7264307921551332,0.8563862742835544,8570.836757222101,sl,6.993379999999888,13.986759999999776
2026-05-18 15:55:00+00:00,2026-05-18 16:28:00+00:00,4543.89081,4534.831450000001,4537.1,4557.472429999999,-1.7106324583921948,0.8562292725363543,8569.126124763709,sl,6.79080999999951,13.58161999999902
2026-05-18 17:04:00+00:00,2026-05-18 18:15:00+00:00,4555.846785,4539.42915,4541.7,4584.1403549999995,-2.3993712028649403,0.8553686098833894,8566.726753560844,sl,14.146784999999909,28.293569999999818
2026-05-18 19:02:00+00:00,2026-05-19 04:15:00+00:00,4553.53563,4535.571080000001,4537.84,4584.926890000001,-2.544849799706137,0.8549828083647429,8564.181903761139,sl,15.695630000000165,31.39126000000033
2026-05-19 07:07:00+00:00,2026-05-19 07:27:00+00:00,4550.043885,4541.44814,4543.72,4562.691655,-1.6645632337350058,0.8556092363787575,8562.517340527404,sl,6.323884999999791,12.647769999999582
2026-05-19 07:47:00+00:00,2026-05-19 08:12:00+00:00,4550.924324999999,4540.34869,4542.62,4567.532974999997,-1.8501542641338953,0.8552568366252317,8560.66718626327,sl,8.304324999999153,16.608649999998306
2026-05-19 12:31:00+00:00,2026-05-19 12:46:00+00:00,4546.882304999999,4535.261235,4537.53,4565.586914999998,-1.9489543484243863,0.8549727370149176,8558.718231914845,sl,9.352304999999433,18.704609999998866
2026-05-19 15:32:00+00:00,2026-05-19 18:30:00+00:00,4511.144445,4495.760995000001,4498.01,4537.413334999999,-2.3137164230972207,0.854412519287675,8556.404515491748,sl,13.134444999999687,26.268889999999374
2026-05-19 19:15:00+00:00,2026-05-19 19:20:00+00:00,4502.480114999999,4493.67204,4495.92,4515.600344999998,-1.6917361735408167,0.8548035188945285,8554.712779318206,sl,6.560114999999314,13.120229999998628
2026-05-20 07:04:00+00:00,2026-05-20 11:26:00+00:00,4485.30153,4498.714107704999,4477.47,4500.964589999999,0.42232474514469776,0.8567503530299952,8555.13510406335,tp,7.831529999999475,15.66305999999895
2026-05-20 12:31:00+00:00,2026-05-20 13:26:00+00:00,4506.49212,4493.362195,4495.61,4528.25636,-2.1005612216951253,0.8542672164010412,8553.034542841655,sl,10.882120000000214,21.764240000000427
2026-05-20 14:17:00+00:00,2026-05-20 15:15:00+00:00,4501.4996249999995,4533.890795562498,4484.17,4536.158874999998,2.218847172835159,0.8583806821391399,8555.25339001449,tp,17.329624999999396,34.65924999999879
2026-05-20 15:39:00+00:00,2026-05-20 15:57:00+00:00,4537.387559999999,4524.39667,4526.66,4558.842679999998,-2.0790180855201763,0.8543006215374664,8553.17437192897,sl,10.727559999999357,21.455119999998715
2026-05-20 17:00:00+00:00,2026-05-20 17:33:00+00:00,4534.856295,4526.565585,4528.83,4546.908884999999,-1.6363893367247457,0.8545355834396119,8551.537982592245,sl,6.026294999999664,12.052589999999327
2026-05-20 18:31:00+00:00,2026-05-20 19:30:00+00:00,4535.016375,4540.277850437501,4531.25,4542.5491250000005,-0.35957991688358787,0.8556498682105514,8551.178402675361,tp,3.766375000000153,7.532750000000306
2026-05-20 19:37:00+00:00,2026-05-20 20:21:00+00:00,4546.141935,4538.22975,4540.5,4557.425804999999,-1.5985047378928012,0.8543737092388823,8549.579897937469,sl,5.641934999999648,11.283869999999297
2026-05-20 21:04:00+00:00,2026-05-20 21:05:00+00:00,4542.710219999999,4536.980375,4539.25,4549.630659999997,-1.3936097801632648,0.8544187988123962,8548.186288157305,sl,3.460219999999026,6.920439999998052
2026-05-21 07:22:00+00:00,2026-05-21 07:23:00+00:00,4521.01938,4513.032355,4515.29,4532.478139999999,-1.6091430109706322,0.8540635493541141,8546.577145146335,sl,5.7293799999997646,11.458759999999529
2026-05-21 07:51:00+00:00,2026-05-21 08:16:00+00:00,4518.51813,4528.568972805002,4512.36,4530.834390000002,0.09492797524421681,0.8556082507406184,8546.67207312158,tp,6.15813000000071,12.31626000000142
2026-05-21 08:30:00+00:00,2026-05-21 08:34:00+00:00,4533.375555,4523.487125000001,4525.75,4548.626664999999,-1.7858569392808963,0.8537350854583354,8544.886216182298,sl,7.625554999999622,15.251109999999244
2026-05-21 09:07:00+00:00,2026-05-21 10:25:00+00:00,4532.975355,4520.81846,4523.08,4552.766064999999,-1.9991606869327274,0.8533428037350322,8542.887055495365,sl,9.895354999999654,19.790709999999308
2026-05-21 11:22:00+00:00,2026-05-21 11:24:00+00:00,4519.298519999999,4510.573585,4512.83,4532.235559999998,-1.6781068026251502,0.853464062809721,8541.20894869274,sl,6.468519999999444,12.937039999998888
2026-05-21 12:10:00+00:00,2026-05-21 12:16:00+00:00,4517.51763,4506.70552,4508.96,4534.632890000001,-1.8752142225732626,0.853098779426127,8539.333734470167,sl,8.557630000000245,17.11526000000049
2026-05-21 15:00:00+00:00,2026-05-21 15:06:00+00:00,4509.883815,4499.749,4502.0,4525.651445,-1.8124727350036638,0.8529738745865998,8537.521261735163,sl,7.883815000000141,15.767630000000281
2026-05-21 15:14:00+00:00,2026-05-21 17:21:00+00:00,4514.67621,4537.758615684999,4502.0,4540.028629999999,1.3265754723185772,0.8559346362821171,8538.84783720748,tp,12.676209999999628,25.352419999999256
2026-05-21 17:50:00+00:00,2026-05-22 05:57:00+00:00,4550.45409,4511.093325000001,4513.35,4624.66227,-4.5431812898193975,0.8501917942251539,8534.304655917662,sl,37.104089999999815,74.20817999999963
2026-05-22 08:02:00+00:00,2026-05-22 09:15:00+00:00,4520.379059999999,4510.76349,4513.02,4535.097179999997,-1.760214393757224,0.8525227739719812,8532.544441523905,sl,7.359059999998863,14.718119999997725
2026-05-22 09:47:00+00:00,2026-05-22 10:41:00+00:00,4522.6802099999995,4509.4741349999995,4511.73,4544.5806299999995,-2.097745931355757,0.8520087069279627,8530.446695592549,sl,10.95020999999997,21.90041999999994
2026-05-22 12:13:00+00:00,2026-05-22 12:33:00+00:00,4524.48111,4513.112315,4515.37,4542.703329999999,-1.923707984151737,0.8519729345096128,8528.522987608398,sl,9.111109999999826,18.222219999999652
2026-05-22 13:10:00+00:00,2026-05-22 13:42:00+00:00,4529.9938649999995,4510.933405,4513.19,4563.601594999999,-2.6452941710096383,0.8510580626524828,8525.877693437387,sl,16.80386499999986,33.60772999999972
2026-05-22 15:06:00+00:00,2026-05-24 00:38:00+00:00,4509.683715,4532.523749427501,4497.13,4534.791145,1.3042886436923145,0.8547468047922233,8527.18198208108,tp,12.553715000000011,25.107430000000022
2026-05-24 07:53:00+00:00,2026-05-24 09:28:00+00:00,4546.261995,4537.41016,4539.68,4559.425984999999,-1.6820338733205573,0.8518880523871746,8525.499948207758,sl,6.5819949999995515,13.163989999999103
2026-05-24 10:06:00+00:00,2026-05-24 10:30:00+00:00,4544.711219999999,4537.000365000001,4539.27,4555.593659999997,-1.5750728552416102,0.8518267487142487,8523.924875352517,sl,5.441219999998793,10.882439999997587
2026-05-24 13:20:00+00:00,2026-05-24 13:38:00+00:00,4536.006869999999,4527.735000000001,4530.0,4548.020609999998,-1.6288274850886422,0.8516152753254886,8522.296047867429,sl,6.006869999999253,12.013739999998506
2026-05-24 16:05:00+00:00,2026-05-24 17:19:00+00:00,4526.262,4519.049345,4521.31,4536.165999999998,-1.5305698424919916,0.8515505855297808,8520.765478024936,sl,4.951999999999316,9.903999999998632
2026-05-24 21:11:00+00:00,2026-05-24 21:40:00+00:00,4525.0614,4518.149795,4520.41,4534.364199999999,-1.5021591424437186,0.8514258144745245,8519.263318882493,sl,4.6513999999997395,9.302799999999479
2026-05-25 09:45:00+00:00,2026-05-25 12:19:00+00:00,4561.03938,4546.34569,4548.62,4585.878140000001,-2.2228225728871047,0.8505540633787411,8517.040496309606,sl,12.419380000000274,24.838760000000548
2026-05-25 13:08:00+00:00,2026-05-25 13:17:00+00:00,4565.04138,4553.332195,4555.61,4583.90414,-1.9429085637612875,0.8506117528200193,8515.097587745844,sl,9.43137999999999,18.86275999999998
2026-05-25 14:25:00+00:00,2026-05-25 23:33:00+00:00,4564.92132,4553.722000000001,4556.0,4582.763960000001,-1.8949881972340121,0.8504652358131637,8513.20259954861,sl,8.921320000000378,17.842640000000756
2026-05-26 10:51:00+00:00,2026-05-26 11:14:00+00:00,4538.458094999999,4527.83495,4530.1,4555.174284999996,-1.8466643476668907,0.8503239195267207,8511.355935200942,sl,8.358094999998684,16.71618999999737
2026-05-26 13:38:00+00:00,2026-05-26 13:53:00+00:00,4527.412574999999,4512.172785000001,4514.43,4553.377724999998,-2.2822130979889397,0.849703083505611,8509.073722102952,sl,12.982574999999088,25.965149999998175
2026-05-26 14:33:00+00:00,2026-05-26 15:03:00+00:00,4520.579159999999,4506.08583,4508.34,4545.057479999998,-2.2135810946997827,0.8495433344500456,8506.860141008252,sl,12.239159999999174,24.478319999998348
2026-05-26 21:41:00+00:00,2026-05-26 22:08:00+00:00,4510.494119999999,4503.42716,4505.68,4520.122359999998,-1.5164392675575749,0.8500195944276953,8505.343701740694,sl,4.814119999999093,9.628239999998186
2026-05-27 08:19:00+00:00,2026-05-27 10:19:00+00:00,4490.894324999999,4481.767995,4484.01,4504.6629749999975,-1.7138919243747504,0.8496701483980927,8503.629809816319,sl,6.88432499999908,13.76864999999816
2026-05-27 12:19:00+00:00,2026-05-27 13:06:00+00:00,4451.46462,4429.034375,4431.25,4491.893859999999,-2.990644638701021,0.8482205568998308,8500.639165177618,sl,20.21461999999974,40.42923999999948
2026-05-27 13:46:00+00:00,2026-05-27 18:20:00+00:00,4434.55617,4459.417685744999,4421.01,4461.648509999999,1.530415973459308,0.8524467792704916,8502.169581151076,tp,13.54616999999962,27.09233999999924
2026-05-27 20:15:00+00:00,2026-05-27 21:44:00+00:00,4462.009889999999,4452.75251,4454.98,4476.069669999999,-1.7313121233088316,0.8493349809727716,8500.438269027767,sl,7.029889999999796,14.059779999999591
2026-05-28 07:01:00+00:00,2026-05-28 10:50:00+00:00,4397.5176599999995,4383.42719,4385.62,4421.312979999999,-2.2105317714374237,0.848681977108448,8498.22773725633,sl,11.897659999999632,23.795319999999265
2026-05-28 12:12:00+00:00,2026-05-28 12:21:00+00:00,4396.687244999999,4383.9569249999995,4386.15,4417.761734999998,-2.0788955658889297,0.8485924706303746,8496.148841690441,sl,10.53724499999953,21.07448999999906
2026-05-28 13:46:00+00:00,2026-05-28 14:13:00+00:00,4430.584185,4451.505688722499,4419.01,4453.732554999999,1.1543472345274717,0.8516208522558277,8497.303188924969,tp,11.574184999999488,23.148369999998977
2026-05-28 15:07:00+00:00,2026-05-29 01:18:00+00:00,4475.59668,4507.39521498,4458.57,4509.6500399999995,2.1658630220160555,0.8527489308453584,8499.469051946984,tp,17.026679999999942,34.053359999999884
2026-05-29 07:45:00+00:00,2026-05-29 14:52:00+00:00,4521.89982,4550.0233102699995,4506.7,4552.299459999999,1.7904886412899765,0.8525899838198084,8501.259540588275,tp,15.199819999999818,30.399639999999636
2026-05-29 18:31:00+00:00,2026-05-29 18:45:00+00:00,4553.625675,4545.1662799999995,4547.44,4565.9970250000015,-1.6389874247473457,0.8493363029370173,8499.620553163528,sl,6.185675000000629,12.371350000001257
2026-05-29 19:08:00+00:00,2026-05-29 19:37:00+00:00,4550.1839549999995,4541.757985,4544.03,4562.491864999999,-1.636149283702169,0.8491750811137645,8497.984403879826,sl,6.153954999999769,12.307909999999538
2026-05-29 20:15:00+00:00,2026-05-29 20:31:00+00:00,4543.140434999999,4533.37218,4535.64,4558.141304999997,-1.7624652327856285,0.8488848600152122,8496.22193864704,sl,7.500434999999015,15.00086999999803
2026-05-30 09:32:00+00:00,2026-05-30 11:57:00+00:00,4535.90682,4528.044845,4530.31,4547.10046,-1.585200436977917,0.8488858793070332,8494.636738210063,sl,5.596819999999752,11.193639999999505
2026-05-30 12:28:00+00:00,2026-05-30 12:57:00+00:00,4535.706719999999,4526.565585,4528.83,4549.460159999998,-1.7046002089575742,0.8486076812933422,8492.932138001106,sl,6.876719999999295,13.75343999999859
2026-05-30 14:05:00+00:00,2026-05-30 17:28:00+00:00,4532.254994999999,4523.737,4526.0,4544.764984999998,-1.646582982503201,0.848495125943551,8491.285555018603,sl,6.254994999999326,12.509989999998652
2026-05-30 17:53:00+00:00,2026-05-30 18:24:00+00:00,4529.18346,4523.746995,4526.01,4535.53038,-1.358231515841398,0.848618942928948,8489.927323502761,sl,3.1734599999999773,6.346919999999955
2026-05-31 07:49:00+00:00,2026-05-31 14:18:00+00:00,4537.307519999999,4528.384675,4530.65,4550.622559999999,-1.68295153864366,0.8481579387503829,8488.244371964118,sl,6.657519999999749,13.315039999999499
2026-05-31 17:02:00+00:00,2026-05-31 19:34:00+00:00,4536.977355,4528.49462,4530.76,4549.4120649999995,-1.6415496203595419,0.8480309184945468,8486.602822343759,sl,6.21735499999977,12.43470999999954
2026-06-01 08:43:00+00:00,2026-06-01 09:32:00+00:00,4496.8473,4487.65505,4489.9,4510.741900000002,-1.7151891925989355,0.8477928859277049,8484.88763315116,sl,6.947300000000723,13.894600000001446
2026-06-01 10:07:00+00:00,2026-06-01 13:11:00+00:00,4498.638195,4489.044355,4491.29,4513.334585000001,-1.7523317508046263,0.8475840155798915,8483.135301400356,sl,7.348195000000487,14.696390000000974
2026-06-01 17:27:00+00:00,2026-06-01 17:43:00+00:00,4479.55866,4488.090812009999,4474.17,4490.335979999999,-0.04123602539954396,0.8491214155301663,8483.094065374957,tp,5.388659999999618,10.777319999999236
2026-06-01 18:58:00+00:00,2026-06-01 19:00:00+00:00,4489.913834999999,4483.87694,4486.12,4497.501504999998,-1.4180345558357987,0.8477391110927527,8481.67603081912,sl,3.79383499999949,7.58766999999898
2026-06-01 20:56:00+00:00,2026-06-01 22:03:00+00:00,4486.12194,4478.67954,4480.92,4496.52582,-1.5510118693489552,0.847464055267831,8480.125018949771,sl,5.201939999999922,10.403879999999845
2026-06-02 10:48:00+00:00,2026-06-02 11:37:00+00:00,4528.503119999999,4519.109315,4521.37,4542.769359999998,-1.726680110749681,0.8471329547389665,8478.398338839022,sl,7.133119999999508,14.266239999999016
2026-06-02 11:56:00+00:00,2026-06-02 12:07:00+00:00,4526.98236,4518.99937,4521.26,4538.4270799999995,-1.594642900571901,0.847092283266597,8476.80369593845,sl,5.722359999999753,11.444719999999506
2026-06-02 12:22:00+00:00,2026-06-02 12:30:00+00:00,4528.202969999999,4517.430155,4519.69,4545.228909999999,-1.855008437417272,0.8466720331896175,8474.948687501033,sl,8.512969999999768,17.025939999999537
2026-06-02 15:01:00+00:00,2026-06-02 15:41:00+00:00,4506.2519999999995,4497.61007,4499.86,4519.035999999999,-1.659329996897208,0.8466822209741803,8473.289357504136,sl,6.391999999999825,12.78399999999965
2026-06-02 18:33:00+00:00,2026-06-02 18:40:00+00:00,4490.08392,4481.408175,4483.65,4502.951760000001,-1.665115273239922,0.8465103308079817,8471.624242230897,sl,6.433920000000398,12.867840000000797
2026-06-02 20:09:00+00:00,2026-06-02 21:54:00+00:00,4488.12294,4481.767995,4484.01,4496.34882,-1.4463312764685268,0.8465626556022232,8470.177910954428,sl,4.1129399999999805,8.225879999999961
2026-06-03 07:06:00+00:00,2026-06-03 07:27:00+00:00,4462.6302,4452.01288,4454.24,4479.410599999999,-1.8536064475809375,0.8460101948427046,8468.324304506847,sl,8.390199999999822,16.780399999999645
2026-06-03 16:06:00+00:00,2026-06-03 16:23:00+00:00,4442.049915,4431.513135,4433.73,4458.689745,-1.8501939752417882,0.845828064539983,8466.474110531604,sl,8.319915000000037,16.639830000000075
2026-06-03 18:31:00+00:00,2026-06-03 20:33:00+00:00,4441.2195,4431.04337,4433.26,4457.1385,-1.8156356050527156,0.8456774529010088,8464.658474926551,sl,7.9594999999999345,15.918999999999869
2026-06-03 21:06:00+00:00,2026-06-03 22:15:00+00:00,4435.076429999999,4426.42568,4428.64,4447.949289999997,-1.671168869100554,0.8456403189424971,8462.98730605745,sl,6.436429999998836,12.872859999997672
2026-06-04 07:39:00+00:00,2026-06-04 07:44:00+00:00,4463.1104399999995,4453.59209,4455.82,4477.691319999999,-1.747835031703663,0.8453962918659073,8461.239471025747,sl,7.290439999999762,14.580879999999524
2026-06-04 08:02:00+00:00,2026-06-04 08:14:00+00:00,4458.60819,4452.7725,4455.0,4465.82457,-1.3992987417474096,0.8455702185794066,8459.840172283999,sl,3.6081899999999223,7.216379999999845
2026-06-04 08:31:00+00:00,2026-06-04 08:49:00+00:00,4464.060915,4451.89294,4454.12,4483.942745,-1.9978072848173634,0.8448310409845672,8457.842364999182,sl,9.940915000000132,19.881830000000264
2026-06-04 09:03:00+00:00,2026-06-04 11:25:00+00:00,4461.119445,4473.200615832501,4453.96,4475.438335000001,0.29830593084408397,0.8469294719026651,8458.140670930026,tp,7.1594450000002325,14.318890000000465
2026-06-04 12:50:00+00:00,2026-06-04 14:09:00+00:00,4500.058905,4483.05735,4485.3,4529.576714999999,-2.44199030948752,0.8442162930765919,8455.698680620539,sl,14.758904999999686,29.517809999999372
2026-06-04 15:37:00+00:00,2026-06-04 18:39:00+00:00,4474.326045,4465.376195,4467.61,4487.758135,-1.6904072451503693,0.8447241850019055,8454.008273375388,sl,6.716045000000122,13.432090000000244
2026-06-04 19:59:00+00:00,2026-06-04 20:12:00+00:00,4479.308534999999,4470.7635,4473.0,4491.925604999998,-1.6509666443134523,0.8445944551483737,8452.357306731075,sl,6.30853499999921,12.61706999999842
2026-06-05 07:09:00+00:00,2026-06-05 12:36:00+00:00,4452.204989999999,4440.73852,4442.96,4470.694969999998,-1.932582146694943,0.8441472958222349,8450.42472458438,sl,9.244989999999234,18.489979999998468
2026-06-05 17:30:00+00:00,2026-06-05 18:02:00+00:00,4344.571199999999,4334.481675,4336.65,4360.413599999999,-1.8252946863914028,0.8440612390110577,8448.599429897988,sl,7.9211999999997715,15.842399999999543
2026-06-05 18:57:00+00:00,2026-06-05 19:01:00+00:00,4324.34109,4312.96244,4315.12,4342.78327,-1.9552894887671741,0.8437484019029347,8446.64414040922,sl,9.221090000000004,18.442180000000008
2026-06-05 20:22:00+00:00,2026-06-05 22:01:00+00:00,4318.908375,4333.3773524375,4310.59,4335.545125,0.5687956386591266,0.8460792889685498,8447.21293604788,tp,8.318374999999833,16.636749999999665
2026-06-06 07:09:00+00:00,2026-06-06 07:09:00+00:00,4308.9534,4305.00642,4307.16,4312.540200000001,-1.2312146765897745,0.8443344133415398,8445.98172137129,sl,1.7934000000004744,3.586800000000949
2026-06-06 08:29:00+00:00,2026-06-06 08:38:00+00:00,4309.593719999999,4302.517665,4304.67,4319.441159999997,-1.5372906953457552,0.8439047862280115,8444.444430675945,sl,4.923719999998866,9.847439999997732
2026-06-06 11:49:00+00:00,2026-06-06 12:38:00+00:00,4298.82834,4292.222815,4294.37,4307.74502,-1.4925769619988145,0.8437956617673632,8442.951853713947,sl,4.458340000000135,8.91668000000027
2026-06-06 13:46:00+00:00,2026-06-06 14:58:00+00:00,4301.159505,4291.952950000001,4294.1,4315.278514999998,-1.7469909586005266,0.843391585998793,8441.204862755347,sl,7.0595049999992625,14.119009999998525
2026-06-06 17:01:00+00:00,2026-06-06 21:33:00+00:00,4294.476165,4289.814020000001,4291.96,4299.508495,-1.3018569529980133,0.843662291614151,8439.903005802349,sl,2.516165000000001,5.032330000000002
2026-06-07 08:10:00+00:00,2026-06-07 10:39:00+00:00,4315.346594999999,4307.9549449999995,4310.11,4325.819784999998,-1.5660924871808746,0.8432674755686227,8438.336913315168,sl,5.236594999999397,10.473189999998795
2026-06-07 15:35:00+00:00,2026-06-07 16:06:00+00:00,4308.01293,4301.198325,4303.35,4317.338789999999,-1.510572973706853,0.8431662846424526,8436.826340341462,sl,4.6629299999995055,9.325859999999011
2026-06-07 17:06:00+00:00,2026-06-07 18:51:00+00:00,4313.05545,4305.68608,4307.84,4323.486349999999,-1.5637281047316038,0.8429618677972119,8435.262612236731,sl,5.2154499999996915,10.430899999999383
2026-06-07 19:48:00+00:00,2026-06-07 21:43:00+00:00,4302.700275,4311.364064587501,4297.29,4313.5208250000005,0.00487421267809629,0.8443755109472985,8435.26748644941,tp,5.410275000000183,10.820550000000367
2026-06-08 07:04:00+00:00,2026-06-08 07:59:00+00:00,4297.88787,4287.415220000001,4289.56,4314.543609999998,-1.870208541042567,0.8424990391430416,8433.397277908367,sl,8.327869999999166,16.65573999999833
2026-06-08 09:40:00+00:00,2026-06-08 13:36:00+00:00,4289.3736149999995,4329.734894577499,4268.11,4331.900844999999,3.1204362583733274,0.8473074715207307,8436.517714166741,tp,21.263614999999845,42.52722999999969
2026-06-08 15:00:00+00:00,2026-06-08 23:34:00+00:00,4327.142489999999,4310.16384,4312.32,4356.787469999998,-2.4971383521895434,0.8419966296941788,8434.020575814551,sl,14.822489999999561,29.644979999999123
2026-06-09 08:13:00+00:00,2026-06-09 14:14:00+00:00,4328.913375,4310.58363,4312.74,4361.260125000001,-2.6272082885499195,0.841616465758664,8431.393367526001,sl,16.173375000000306,32.34675000000061
2026-06-09 16:29:00+00:00,2026-06-09 16:38:00+00:00,4261.539704999999,4247.9149800000005,4250.04,4284.539114999998,-2.1896073803180416,0.8417915208931754,8429.203760145683,sl,11.499704999999267,22.999409999998534
2026-06-09 17:44:00+00:00,2026-06-09 17:46:00+00:00,4266.111989999999,4256.340765000001,4258.47,4281.395969999998,-1.8072795285353915,0.8419550515375706,8427.396480617148,sl,7.6419899999991685,15.283979999998337
2026-06-09 21:17:00+00:00,2026-06-09 21:38:00+00:00,4259.718795,4254.001935,4256.13,4266.896384999999,-1.4076838370399563,0.8421741383630381,8425.988796780108,sl,3.5887949999996636,7.177589999999327
2026-06-10 09:33:00+00:00,2026-06-10 09:53:00+00:00,4177.017465,4164.426745000001,4166.51,4198.032394999999,-2.111245435333787,0.841328963205883,8423.877551344774,sl,10.507464999999684,21.014929999999367
2026-06-10 10:45:00+00:00,2026-06-10 11:03:00+00:00,4172.335125,4162.167875,4164.25,4188.505374999999,-1.867737095509817,0.8413613794183862,8422.009814249264,sl,8.085124999999607,16.170249999999214
2026-06-10 12:31:00+00:00,2026-06-10 13:20:00+00:00,4174.10601,4133.932,4136.0,4250.318030000001,-4.8910626991374535,0.8381480667925816,8417.118751550126,sl,38.106010000000424,76.21202000000085
2026-06-10 13:37:00+00:00,2026-06-10 14:55:00+00:00,4161.33963,4133.142395,4135.21,4213.598890000001,-3.6905797526479844,0.8388601555579228,8413.428171797477,sl,26.12963000000036,52.25926000000072
2026-06-10 18:01:00+00:00,2026-06-10 18:50:00+00:00,4122.090015,4103.4572450000005,4105.51,4155.250044999999,-2.7409702633865476,0.8394412882045656,8410.68720153409,sl,16.58001499999955,33.1600299999991
2026-06-10 19:41:00+00:00,2026-06-10 20:01:00+00:00,4095.48672,4083.2773400000005,4085.32,4115.820159999999,-2.0935033371133684,0.839815031848144,8408.593698196977,sl,10.166719999999714,20.333439999999428
2026-06-11 08:01:00+00:00,2026-06-11 08:21:00+00:00,4115.446695000001,4102.167890000001,4104.22,4137.900085000001,-2.196051506095724,0.8395028211347368,8406.39764669088,sl,11.22669500000029,22.45339000000058
2026-06-11 09:41:00+00:00,2026-06-11 12:10:00+00:00,4095.4567049999996,4079.5292150000005,4081.57,4123.2301149999985,-2.4736557049417556,0.8390051140782245,8403.923990985939,sl,13.886704999999438,27.773409999998876
2026-06-11 13:46:00+00:00,2026-06-11 14:09:00+00:00,4088.093025,4069.6041800000003,4071.64,4120.999075000001,-2.7388749955539193,0.8384920161191592,8401.185115990385,sl,16.453025000000252,32.906050000000505
2026-06-11 15:08:00+00:00,2026-06-11 17:03:00+00:00,4087.4427,4072.7725950000004,4074.81,4112.7081,-2.346231631034787,0.8386108908588626,8398.838884359351,sl,12.632700000000114,25.265399999999772
2026-06-11 19:01:00+00:00,2026-06-11 22:43:00+00:00,4171.854885000001,4213.876662672502,4149.79,4215.984655000002,3.3858288446832705,0.8441138311117302,8402.224713204034,tp,22.064885000000686,44.12977000000137
2026-06-12 07:57:00+00:00,2026-06-12 08:18:00+00:00,4181.58975,4209.783305375001,4166.44,4211.889250000001,1.9894632856000811,0.8430549895955991,8404.214176489633,tp,15.149750000000495,30.29950000000099
2026-06-12 08:39:00+00:00,2026-06-12 08:41:00+00:00,4218.518204999999,4207.2953,4209.4,4236.754614999999,-1.957227995529915,0.83930349314658,8402.256948494103,sl,9.118204999999762,18.236409999999523
2026-06-12 08:56:00+00:00,2026-06-12 10:22:00+00:00,4221.679784999999,4206.77556,4208.88,4247.279354999998,-2.3219095897838486,0.8387425277874139,8399.93503890432,sl,12.799784999999247,25.599569999998494
2026-06-12 13:17:00+00:00,2026-06-12 13:41:00+00:00,4200.509204999999,4181.94798,4184.04,4233.447614999998,-2.6940207605482343,0.8381376207506344,8397.241018143772,sl,16.46920499999942,32.93840999999884
2026-06-12 14:02:00+00:00,2026-06-12 14:23:00+00:00,4193.27559,4177.91,4180.0,4219.826770000001,-2.37670314465099,0.8381855842539804,8394.86431499912,sl,13.275590000000193,26.551180000000386
2026-06-12 14:53:00+00:00,2026-06-12 15:26:00+00:00,4193.365635,4227.6220365475,4175.18,4229.736905,2.586046780660312,0.8429153936742467,8397.45036177978,tp,18.18563499999982,36.37126999999964
2026-06-12 16:14:00+00:00,2026-06-12 19:29:00+00:00,4219.44867,4201.71809,4203.82,4250.70601,-2.602330451989249,0.8379806864124012,8394.84803132779,sl,15.628670000000056,31.257340000000113
2026-06-12 20:51:00+00:00,2026-06-12 21:10:00+00:00,4214.576235,4207.3952500000005,4209.5,4224.728705000001,-1.5539456546453376,0.8387696271052392,8393.294085673146,sl,5.076235000000452,10.152470000000903
2026-06-13 11:28:00+00:00,2026-06-13 16:50:00+00:00,4215.836864999999,4210.0939,4212.2,4223.110594999998,-1.4104401194006977,0.8387577261740882,8391.883645553746,sl,3.6368649999994886,7.273729999998977
2026-06-13 19:35:00+00:00,2026-06-14 08:03:00+00:00,4221.219555,4227.204005667499,4217.17,4229.318664999999,-0.24492179991889151,0.8397832259814373,8391.638723753827,tp,4.0495549999996,8.0991099999992
2026-06-14 08:44:00+00:00,2026-06-14 08:49:00+00:00,4235.586735,4228.96446,4231.08,4244.600205,-1.4945177945518242,0.8385078624432741,8390.144205959275,sl,4.506734999999935,9.01346999999987
2026-06-14 19:42:00+00:00,2026-06-14 21:21:00+00:00,4226.61225,4235.917731625002,4220.9,4238.036750000001,0.08366613055856675,0.8399380247512374,8390.227872089834,tp,5.712250000000495,11.42450000000099
2026-06-14 21:42:00+00:00,2026-06-14 22:07:00+00:00,4263.220545,4300.0705241825,4243.72,4302.221635,2.7834797251553693,0.8426489158499887,8393.01135181499,tp,19.500544999999875,39.00108999999975
2026-06-15 07:05:00+00:00,2026-06-15 08:28:00+00:00,4306.542195,4322.164421707501,4297.65,4324.326585000001,0.6814828562381596,0.8408234414792164,8393.692834671228,tp,8.892195000000356,17.784390000000712
2026-06-15 10:46:00+00:00,2026-06-15 11:21:00+00:00,4336.657244999999,4328.894470000001,4331.06,4347.8517349999975,-1.5898688833698618,0.8386180326163695,8392.102965787859,sl,5.59724499999902,11.19448999999804
2026-06-15 11:29:00+00:00,2026-06-15 11:45:00+00:00,4336.92738,4328.964435000001,4331.13,4348.52214,-1.608868428329068,0.8384398680184754,8390.49409735953,sl,5.7973799999999756,11.594759999999951
2026-06-15 12:51:00+00:00,2026-06-15 17:34:00+00:00,4344.221025,4317.610115,4319.77,4393.123074999999,-3.406315247655428,0.83647957406236,8387.087782111874,sl,24.45102499999939,48.90204999999878
2026-06-15 18:18:00+00:00,2026-06-15 19:51:00+00:00,4318.9684050000005,4307.6650899999995,4309.82,4337.265215000002,-1.9351175077714187,0.8376112719753914,8385.152664604102,sl,9.148405000000821,18.296810000001642
2026-06-15 21:26:00+00:00,2026-06-15 22:25:00+00:00,4306.23204,4297.85,4300.0,4318.69612,-1.6537802092637852,0.8376991854365831,8383.498884394838,sl,6.23203999999987,12.46407999999974
2026-06-16 07:53:00+00:00,2026-06-16 08:59:00+00:00,4326.20202,4337.3762869699995,4319.53,4339.54606,0.24326598143436395,0.8394325870079261,8383.742150376273,tp,6.672019999999975,13.34403999999995
2026-06-16 10:44:00+00:00,2026-06-16 11:09:00+00:00,4340.739285,4332.87248,4335.04,4352.137854999999,-1.5973153432263554,0.8376145142086096,8382.144835033047,sl,5.699284999999691,11.398569999999381
2026-06-16 12:32:00+00:00,2026-06-16 13:20:00+00:00,4342.0199250000005,4328.95444,4331.12,4363.819775000002,-2.0980805448312303,0.8369533563147884,8380.046754488216,sl,10.899925000000621,21.799850000001243
2026-06-16 15:16:00+00:00,2026-06-16 16:08:00+00:00,4321.69977,4334.371040345001,4314.28,4336.539310000001,0.3892861792782295,0.8392331948229229,8380.436040667493,tp,7.419770000000426,14.839540000000852
2026-06-16 16:14:00+00:00,2026-06-16 17:13:00+00:00,4339.5687,4325.885975,4328.05,4362.606099999999,-2.1579044294388057,0.8367224220593701,8378.278136238054,sl,11.518699999999626,23.037399999999252
2026-06-16 17:52:00+00:00,2026-06-16 18:49:00+00:00,4335.056445,4327.984925,4330.15,4344.869335000001,-1.5204938295742352,0.8371444642584897,8376.75764240848,sl,4.906445000000531,9.812890000001062
2026-06-16 21:44:00+00:00,2026-06-16 22:03:00+00:00,4328.993415,4322.347745,4324.51,4337.960244999999,-1.480013283186489,0.8370327837414029,8375.277629125294,sl,4.483414999999695,8.96682999999939
2026-06-17 07:40:00+00:00,2026-06-17 07:49:00+00:00,4326.40212,4317.62011,4319.78,4339.64636,-1.6867116584661634,0.8366777289830462,8373.590917466829,sl,6.622119999999995,13.24423999999999
2026-06-17 09:27:00+00:00,2026-06-17 11:56:00+00:00,4326.7623,4312.62261,4314.78,4350.7269000000015,-2.2042192469721793,0.8359908633630738,8371.386698219856,sl,11.982300000000578,23.964600000001155
2026-06-17 12:32:00+00:00,2026-06-17 14:23:00+00:00,4323.450645,4341.1802590325,4313.5,4343.351935,0.8776147273590316,0.8388551396890338,8372.264312947214,tp,9.950644999999895,19.90128999999979
2026-06-17 15:16:00+00:00,2026-06-17 17:33:00+00:00,4345.881855,4362.363292217498,4336.55,4364.5455649999985,0.7487458327108621,0.8388139911185509,8373.013058779925,tp,9.33185499999945,18.6637099999989
2026-06-18 07:12:00+00:00,2026-06-18 07:33:00+00:00,4304.321085,4293.502175,4295.65,4321.6632549999995,-1.8885273418772637,0.836249027563679,8371.124531438049,sl,8.671084999999948,17.342169999999896
2026-06-18 17:06:00+00:00,2026-06-18 19:02:00+00:00,4224.431159999999,4209.923985,4212.03,4249.233479999998,-2.2730445651944913,0.8356750836622727,8368.851486872854,sl,12.401159999999436,24.802319999998872
2026-06-18 20:29:00+00:00,2026-06-18 20:36:00+00:00,4218.498195,4210.783555000001,4212.89,4229.714585,-1.6013528665435417,0.8361199157364785,8367.25013400631,sl,5.608194999999796,11.216389999999592
2026-06-18 21:31:00+00:00,2026-06-18 22:00:00+00:00,4213.265579999999,4206.67561,4208.78,4222.2367399999985,-1.4904315789172573,0.836070652474188,8365.759702427393,sl,4.4855799999995725,8.971159999999145
2026-06-19 07:58:00+00:00,2026-06-19 10:36:00+00:00,4161.15954,4147.335295,4149.41,4184.658619999999,-2.2248267728753173,0.8351863297996637,8363.534875654517,sl,11.749539999999797,23.499079999999594
2026-06-19 13:10:00+00:00,2026-06-19 13:19:00+00:00,4181.219565,4160.7186,4162.8,4218.058695000001,-2.884668250321902,0.8343031224375675,8360.650207404195,sl,18.419565000000148,36.839130000000296
2026-06-19 15:10:00+00:00,2026-06-21 22:00:00+00:00,4154.79636,4140.56868,4142.64,4179.10908,-2.2661435708132966,0.8346335106802866,8358.38406383338,sl,12.15635999999995,24.3127199999999
2026-06-22 07:16:00+00:00,2026-06-22 07:24:00+00:00,4199.108505,4192.212845000001,4194.31,4208.705515,-1.521447482814589,0.8351521110115351,8356.862616350565,sl,4.79850499999975,9.5970099999995
2026-06-22 08:54:00+00:00,2026-06-22 13:07:00+00:00,4195.626764999999,4185.1563750000005,4187.25,4212.380294999997,-1.8773913042287274,0.8346435138446725,8354.985225046335,sl,8.376764999999068,16.753529999998136
2026-06-22 13:47:00+00:00,2026-06-22 15:38:00+00:00,4195.166534999999,4178.899505,4180.99,4223.519604999999,-2.453728494751401,0.8338786726825648,8352.531496551584,sl,14.176534999999603,28.353069999999207
2026-06-22 19:59:00+00:00,2026-06-22 21:45:00+00:00,4188.563235,4178.92949,4181.02,4203.649704999998,-1.794838667094497,0.8342926035916558,8350.73665788449,sl,7.543234999999186,15.086469999998371
2026-06-23 08:20:00+00:00,2026-06-23 08:23:00+00:00,4097.857905,4092.9525000000003,4095.0,4103.5737149999995,-1.3343928535033118,0.8345738467817274,8349.402265030987,sl,2.857904999999846,5.715809999999692
2026-06-23 09:21:00+00:00,2026-06-23 10:02:00+00:00,4113.11553,4124.043536705,4106.62,4126.10659,0.2731137650057285,0.8360493896577623,8349.675378795993,tp,6.495530000000144,12.991060000000289
2026-06-23 11:21:00+00:00,2026-06-23 11:52:00+00:00,4128.683309999999,4112.80257,4114.86,4156.329929999999,-2.4391887242132437,0.8333617108662525,8347.23619007178,sl,13.823309999999765,27.64661999999953
2026-06-23 16:45:00+00:00,2026-06-23 16:47:00+00:00,4139.16855,4132.23285,4134.3,4148.905650000001,-1.533366733183301,0.8340242765505453,8345.702823338597,sl,4.868550000000141,9.737100000000282
2026-06-23 20:40:00+00:00,2026-06-23 22:20:00+00:00,4110.21408,4102.297825000001,4104.35,4121.9422399999985,-1.6374560165978242,0.833766592910172,8344.065367321999,sl,5.864079999999376,11.728159999998752
2026-06-24 09:20:00+00:00,2026-06-24 09:29:00+00:00,4081.13955,4069.2443600000006,4071.28,4100.858649999999,-2.0492019077186225,0.8331905253498312,8342.01616541428,sl,9.859549999999672,19.719099999999344
2026-06-24 11:38:00+00:00,2026-06-24 12:07:00+00:00,4052.835405,4039.53922,4041.56,4075.3862149999995,-2.2012207789952756,0.8328332289914241,8339.814944635284,sl,11.275404999999864,22.55080999999973
2026-06-24 13:31:00+00:00,2026-06-24 13:42:00+00:00,3985.29165,4015.4062425250004,3969.23,4017.4149500000003,2.3138305190287287,0.8371324574399971,8342.128775154313,tp,16.0616500000001,32.1233000000002
2026-06-24 13:58:00+00:00,2026-06-24 18:02:00+00:00,4035.9469649999996,3967.245385,3969.23,4169.380894999998,-7.92727325410471,0.8271127169783049,8334.201501900208,sl,66.71696499999962,133.43392999999878
2026-06-24 18:31:00+00:00,2026-06-24 18:44:00+00:00,3995.706855,3979.4892600000003,3981.48,4024.1605649999997,-2.523052908567136,0.8317288261075614,8331.67844899164,sl,14.226854999999887,28.453709999999774
2026-06-24 20:02:00+00:00,2026-06-25 00:47:00+00:00,3996.067035,3979.54923,3981.54,4025.121105,-2.5534019863567394,0.8314458888016092,8329.125047005284,sl,14.527035000000069,29.054070000000138
2026-06-25 07:33:00+00:00,2026-06-25 07:40:00+00:00,3990.7143599999995,3979.0095,3981.0,4010.1430799999985,-2.053167107877482,0.8316910286212723,8327.071879897407,sl,9.714359999999488,19.428719999998975
2026-06-25 08:01:00+00:00,2026-06-25 11:35:00+00:00,3994.27614,3975.6811650000004,3977.67,4027.4884199999997,-2.7690636930818178,0.8307688931898488,8324.302816204325,sl,16.60613999999987,33.21227999999974
2026-06-25 11:40:00+00:00,2026-06-25 12:30:00+00:00,3984.7914,3995.9752129000008,3978.2,3997.9742000000006,0.3345611419978619,0.833598441203634,8324.637377346322,tp,6.591400000000249,13.182800000000498
2026-06-25 13:01:00+00:00,2026-06-30 01:00:00+00:00,4024.4812349999997,3978.58971,3980.58,4112.283705,-5.574047208108311,0.8277174079344582,8319.063330138213,sl,43.901234999999815,87.80247000000008
2026-06-30 07:21:00+00:00,2026-06-30 08:12:00+00:00,4031.11455,4021.138425,4023.15,4047.043649999999,-1.8602698615162314,0.8308769400923975,8317.203060276697,sl,7.96454999999969,15.92909999999938
2026-06-30 09:19:00+00:00,2026-06-30 09:29:00+00:00,4019.4287099999997,4014.281855,4016.29,4025.706129999999,-1.3636942979067235,0.8311877995292923,8315.83936597879,sl,3.138709999999719,6.277419999999438
2026-06-30 09:58:00+00:00,2026-06-30 12:56:00+00:00,4023.2406149999997,4009.1444250000004,4011.15,4047.421844999999,-2.2869335075879107,0.8301271302205118,8313.552432471202,sl,12.090614999999616,24.181229999999232
2026-06-30 13:52:00+00:00,2026-06-30 20:27:00+00:00,4030.17408,4009.924035,4011.93,4066.6622399999997,-2.9178837370303468,0.8292666261362261,8310.634548734171,sl,18.24407999999994,36.48815999999988
2026-06-30 21:23:00+00:00,2026-06-30 23:45:00+00:00,4009.9839899999997,4004.65667,4006.66,4016.6319699999995,-1.3825511459067834,0.830511415142653,8309.251997588264,sl,3.323989999999867,6.647979999999734
2026-07-01 09:32:00+00:00,2026-07-01 10:37:00+00:00,3981.4797449999996,3987.7643553824987,3977.34,3989.7592349999986,-0.1757894926265341,0.8315809912574575,8309.076208095637,tp,4.139744999999493,8.279489999998987
2026-07-01 11:19:00+00:00,2026-07-01 14:35:00+00:00,4022.1900899999996,4106.076204864999,3979.22,4108.13027,7.825062006587308,0.8395722550712224,8316.901270102224,tp,42.9700899999998,85.94018000000005
2026-07-01 15:51:00+00:00,2026-07-01 16:32:00+00:00,4083.9309449999996,4072.20288,4074.24,4103.312834999999,-2.0247026784950437,0.8304959202519794,8314.87656742373,sl,9.690944999999829,19.381889999999203
2026-07-01 17:32:00+00:00,2026-07-01 17:58:00+00:00,4068.47322,4061.818075,4063.85,4077.7196599999997,-1.5108748557576779,0.8308075894760915,8313.365692567972,sl,4.623219999999947,9.246439999999893
2026-07-01 21:36:00+00:00,2026-07-02 01:00:00+00:00,4038.308145,4053.2567927825,4029.82,4055.2844349999996,0.7058084131463622,0.8328752529228665,8314.071500981117,tp,8.488144999999804,16.976289999999608
2026-07-02 08:43:00+00:00,2026-07-02 09:07:00+00:00,4076.8073849999996,4068.874545,4070.91,4088.602154999999,-1.639493460593168,0.830598254892411,8312.432007520525,sl,5.897384999999758,11.794769999999517
2026-07-02 10:20:00+00:00,2026-07-02 10:49:00+00:00,4066.5822749999998,4059.959005,4061.99,4075.7668249999997,-1.5074919809504643,0.8305662750461482,8310.924515539575,sl,4.592274999999972,9.184549999999945
2026-07-02 12:31:00+00:00,2026-07-08 08:41:00+00:00,4117.23759,4059.04946,4061.08,4229.552769999999,-6.69805480694076,0.82521961636338,8304.226460732634,sl,56.1575899999998,112.3151799999996
2026-07-08 11:44:00+00:00,2026-07-08 14:43:00+00:00,4058.9084399999997,4038.9894950000003,4041.01,4094.7053199999987,-2.8660194222934052,0.8283850116626327,8301.36044131034,sl,17.898439999999482,35.796879999998964
2026-07-08 15:41:00+00:00,2026-07-08 16:51:00+00:00,4033.605795,4056.4881263075,4021.15,4058.5173849999996,1.5221578473090465,0.8324906926710142,8302.882599157649,tp,12.455794999999853,24.911589999999705
2026-07-08 17:26:00+00:00,2026-07-08 17:56:00+00:00,4070.7543599999995,4060.0989350000004,4062.13,4088.003079999998,-1.915864350489578,0.8292015971624378,8300.96673480716,sl,8.624359999999342,17.248719999998684
2026-07-08 18:37:00+00:00,2026-07-08 18:49:00+00:00,4071.9049349999996,4084.431567597499,4064.62,4086.474804999999,0.4454632792776456,0.831373510270264,8301.412198086437,tp,7.2849349999996775,14.569869999999355
2026-07-08 19:34:00+00:00,2026-07-08 19:42:00+00:00,4087.3926749999996,4079.289335,4081.33,4099.518024999999,-1.652204350257906,0.8293183337921779,8299.75999373618,sl,6.062674999999672,12.125349999999798
2026-07-08 20:54:00+00:00,2026-07-09 00:54:00+00:00,4076.99748,4066.3658000000005,4068.4,4094.19244,-1.9110675670077333,0.8288938256322425,8297.848926169172,sl,8.597479999999905,17.19495999999981
2026-07-09 07:03:00+00:00,2026-07-09 07:14:00+00:00,4105.901925,4095.951,4098.0,4121.705775,-1.8342986701021786,0.8287793733201351,8296.01462749907,sl,7.901925000000119,15.803850000000239
2026-07-09 07:43:00+00:00,2026-07-09 10:31:00+00:00,4107.5227350000005,4095.11142,4097.16,4128.248205000002,-2.081712442675067,0.8283480984056374,8293.932915056394,sl,10.362735000000612,20.725470000001224
2026-07-09 11:42:00+00:00,2026-07-09 14:01:00+00:00,4104.2510999999995,4121.391573349999,4094.65,4123.453299999998,0.9007612568005043,0.8311251779403801,8294.833676313194,tp,9.601099999999406,19.20219999999881
2026-07-09 15:39:00+00:00,2026-07-09 17:00:00+00:00,4125.871905,4118.349795,4120.41,4136.795715,-1.584866207050644,0.8287272286529217,8293.248810106143,sl,5.461905000000115,10.92381000000023
2026-07-09 17:30:00+00:00,2026-07-09 18:23:00+00:00,4127.232585,4116.68063,4118.74,4144.217755,-1.8884180682654677,0.8282647276700188,8291.360392037877,sl,8.492584999999963,16.985169999999925
2026-07-09 21:22:00+00:00,2026-07-10 00:00:00+00:00,4120.449195,4114.091925,4116.15,4129.047585000001,-1.4681162058166013,0.8284964194173885,8289.89227583206,sl,4.299195000000509,8.598390000001018
2026-07-10 08:19:00+00:00,2026-07-10 08:34:00+00:00,4102.840395,4093.5721900000003,4095.62,4117.281185000001,-1.764384968456116,0.8280528955102602,8288.127890863605,sl,7.220395000000281,14.440790000000561
2026-07-10 09:55:00+00:00,2026-07-10 11:36:00+00:00,4100.2491,4091.09343,4093.14,4114.4673,-1.753238094400829,0.8278874384303901,8286.374652769204,sl,7.109100000000126,14.218200000000252
2026-07-10 11:48:00+00:00,2026-07-10 13:26:00+00:00,4103.79087,4088.9944800000003,4091.04,4129.2926099999995,-2.320987179206608,0.8271436217194333,8284.053665589998,sl,12.75086999999985,25.5017399999997
2026-07-10 14:20:00+00:00,2026-07-10 14:32:00+00:00,4101.969959999999,4091.2233650000003,4093.27,4119.369879999998,-1.912474060380588,0.8273202127113307,8282.141191529618,sl,8.699959999999464,17.39991999999893
2026-07-10 15:49:00+00:00,2026-07-10 18:41:00+00:00,4106.0319899999995,4094.5417050000005,4096.59,4124.915969999998,-1.9858889591169495,0.827055285479324,8280.1553025705,sl,9.44198999999935,18.8839799999987
2026-07-10 19:08:00+00:00,2026-07-10 20:53:00+00:00,4100.579264999999,4110.681426102498,4094.5,4112.737794999998,0.1909114305105012,0.8290354771647254,8280.34621400101,tp,6.0792649999993955,12.158529999998791
2026-07-11 09:52:00+00:00,2026-07-11 12:22:00+00:00,4117.347645,4110.02396,4112.08,4127.882935,-1.5637267457764317,0.8272981928471718,8278.782487255234,sl,5.267644999999902,10.535289999999804
2026-07-11 14:36:00+00:00,2026-07-11 15:00:00+00:00,4117.547745,4110.003970000001,4112.06,4128.523234999999,-1.585499325022592,0.8271198692697707,8277.19698793021,sl,5.48774499999945,10.9754899999989
2026-07-11 17:42:00+00:00,2026-07-11 18:00:00+00:00,4110.724335,4106.24585,4108.3,4115.573004999999,-1.278154101978745,0.8272688135045468,8275.918833828231,sl,2.424334999999701,4.848669999999402
2026-07-12 10:06:00+00:00,2026-07-12 11:56:00+00:00,4102.640295,4097.61017,4099.66,4108.600885000001,-1.3344274127914293,0.8270845405105425,8274.584406415439,sl,2.9802950000002966,5.960590000000593
2026-07-12 15:30:00+00:00,2026-07-12 22:00:00+00:00,4103.120534999999,4092.7725900000005,4094.82,4119.721604999997,-1.8698275187790179,0.8264150281509158,8272.714578896659,sl,8.300534999998945,16.60106999999789
2026-07-13 19:54:00+00:00,2026-07-13 23:30:00+00:00,4002.8004,3993.0124950000004,3995.01,4018.3812,-1.8377086988518,0.8262600092000142,8270.876870197808,sl,7.790399999999863,15.580799999999726
2026-07-14 11:15:00+00:00,2026-07-14 12:30:00+00:00,4021.4397149999995,4036.599835427499,4012.85,4038.6191449999988,0.7303408806222494,0.828646674574978,8271.60721107843,tp,8.589714999999615,17.17942999999923
2026-07-14 13:37:00+00:00,2026-07-14 14:05:00+00:00,4076.727345,4065.116425,4067.15,4095.882034999999,-2.0039003030095657,0.8259828036084419,8269.603310775421,sl,9.577344999999696,19.15468999999939
2026-07-14 15:05:00+00:00,2026-07-14 15:37:00+00:00,4083.7008299999998,4070.2438600000005,4072.28,4106.542489999999,-2.1881339881269315,0.8255977948842995,8267.415176787294,sl,11.420829999999569,22.841659999999138
2026-07-14 18:20:00+00:00,2026-07-14 18:22:00+00:00,4058.3681699999997,4052.8125800000003,4054.84,4065.424509999999,-1.392048025009747,0.8261756452990188,8266.023128762285,sl,3.528169999999591,7.056339999999182
2026-07-14 19:54:00+00:00,2026-07-14 20:35:00+00:00,4052.555265,4044.15691,4046.18,4065.305795,-1.682254748708973,0.825745803931451,8264.340874013576,sl,6.375265000000127,12.750530000000253
2026-07-15 07:04:00+00:00,2026-07-15 07:27:00+00:00,4031.644815,4017.6001950000004,4019.61,4055.714445,-2.2644756674463973,0.8249946063402515,8262.07639834613,sl,12.03481499999998,24.06962999999996
2026-07-15 08:49:00+00:00,2026-07-15 12:30:00+00:00,4027.65282,4038.4782107699994,4021.23,4040.4984599999993,0.28300868753125585,0.827317966488633,8262.35940703366,tp,6.422819999999774,12.845639999999548
2026-07-15 18:04:00+00:00,2026-07-15 18:57:00+00:00,4062.7203449999997,4052.5627050000003,4054.59,4078.981034999999,-1.8580833140776412,0.8252030604497382,8260.501323719584,sl,8.13034499999958,16.26068999999916
2026-07-15 20:17:00+00:00,2026-07-15 23:25:00+00:00,4056.30714,4049.21438,4051.24,4066.44142,-1.5475335111608794,0.8253279267875852,8258.953790208423,sl,5.067140000000109,10.134280000000217
2026-07-16 07:41:00+00:00,2026-07-16 11:25:00+00:00,4024.8714299999997,4017.440275,4019.45,4035.7142899999994,-1.5875618477944977,0.8251329501231711,8257.366228360628,sl,5.421429999999873,10.842859999999746
2026-07-16 15:39:00+00:00,2026-07-16 16:15:00+00:00,4017.3976949999997,3987.8150950000004,3989.81,4072.573084999999,-3.862902797952665,0.8226964164545648,8253.503325562675,sl,27.587694999999712,55.175389999999425
2026-07-16 19:03:00+00:00,2026-07-16 19:34:00+00:00,3986.4822449999997,3974.09196,3976.08,4007.286734999999,-2.1066929915113812,0.8240677072720283,8251.396632571164,sl,10.402244999999766,20.804489999999532
2026-07-16 20:36:00+00:00,2026-07-17 00:08:00+00:00,3977.4577349999995,3984.3400383974986,3973.02,3986.3332049999985,-0.11197273298201116,0.8258535440682028,8251.284659838182,tp,4.43773499999952,8.87546999999904
2026-07-17 07:02:00+00:00,2026-07-17 07:07:00+00:00,4001.1195599999996,3993.36232,3995.36,4012.6386799999987,-1.6241946680853117,0.8243285999156486,8249.660465170096,sl,5.75955999999951,11.51911999999902
2026-07-17 07:45:00+00:00,2026-07-17 07:56:00+00:00,3998.728365,3991.1234400000003,3993.12,4009.945095,-1.608656576893504,0.8241815715116279,8248.051808593204,sl,5.608365000000049,11.216730000000098
2026-07-17 08:05:00+00:00,2026-07-17 08:11:00+00:00,3998.8484249999997,3990.973515,3992.97,4010.6052749999994,-1.6361351702216576,0.8239930387278266,8246.415673422982,sl,5.878424999999879,11.756849999999758
2026-07-17 09:14:00+00:00,2026-07-17 10:51:00+00:00,3997.6678349999997,3989.9640200000003,3991.96,4009.083504999999,-1.6184210222627309,0.8238469933133488,8244.79725240072,sl,5.7078349999997045,11.415669999999409
2026-07-17 11:55:00+00:00,2026-07-17 12:04:00+00:00,3998.3081549999997,3988.1149450000003,3990.11,4014.704464999999,-1.8743851551948314,0.823428768853731,8242.922867245525,sl,8.198154999999588,16.396309999999175
2026-07-17 13:37:00+00:00,2026-07-17 15:04:00+00:00,3978.5883,4004.9414275500003,3964.41,4006.9449,1.902925944269982,0.8270222349037262,8244.825793189795,tp,14.178300000000036,28.35660000000007
2026-07-17 15:48:00+00:00,2026-07-17 16:01:00+00:00,4014.6663299999996,4007.0454750000004,4009.05,4025.8989899999983,-1.6062385720801857,0.8237000407876871,8243.219554617715,sl,5.61632999999938,11.23265999999876
2026-07-17 16:25:00+00:00,2026-07-17 16:27:00+00:00,4019.838915,4011.23338,4013.24,4033.036745,-1.7057798767122638,0.8234396152002597,8241.513774741003,sl,6.598915000000034,13.197830000000067
2026-07-17 19:31:00+00:00,2026-07-18 07:17:00+00:00,4002.82041,4010.215119385,3998.12,4012.2212299999997,-0.06365441006920014,0.8249126356997308,8241.450120330934,tp,4.70040999999992,9.40081999999984
2026-07-18 08:24:00+00:00,2026-07-18 20:18:00+00:00,4015.4167049999996,4004.11694,4006.12,4034.010114999999,-1.982596674764574,0.8229854007590879,8239.467523656169,sl,9.296704999999747,18.593409999999494
2026-07-19 13:12:00+00:00,2026-07-19 22:00:00+00:00,4007.232615,4002.47776,4004.48,4012.7378449999997,-1.3122924467525066,0.8234579178367012,8238.155231209417,sl,2.752614999999878,5.505229999999756
2026-07-20 07:31:00+00:00,2026-07-20 08:16:00+00:00,4007.8529249999997,4020.5275056124988,4000.51,4022.5387749999986,0.47751400874640537,0.8251181552849731,8238.632745218163,tp,7.342924999999468,14.685849999998936
2026-07-20 08:25:00+00:00,2026-07-20 08:52:00+00:00,4027.9929899999997,4013.95202,4015.96,4052.058969999999,-2.2583582836777985,0.8224273435817203,8236.374386934485,sl,12.0329899999997,24.0659799999994
2026-07-20 09:50:00+00:00,2026-07-20 12:02:00+00:00,4021.26963,4010.2638650000004,4012.27,4039.2688899999994,-1.9496120895608748,0.8225103369408284,8234.424774844925,sl,8.999629999999797,17.999259999999595
2026-07-20 12:36:00+00:00,2026-07-20 12:42:00+00:00,4014.556275,4004.47676,4006.48,4030.7088249999997,-1.856134552854464,0.8224087516833215,8232.568640292071,sl,8.076274999999896,16.152549999999792
2026-07-20 12:49:00+00:00,2026-07-20 13:11:00+00:00,4014.9164549999996,4004.47676,4006.48,4031.7893649999987,-1.8925139846675898,0.8221865365811208,8230.676126307404,sl,8.436454999999569,16.872909999999138
2026-07-20 13:33:00+00:00,2026-07-20 13:58:00+00:00,4012.34517,4002.9975000000004,4005.0,4027.03551,-1.780870386379783,0.8221088510954561,8228.895255921025,sl,7.345170000000053,14.690340000000106
2026-07-20 14:47:00+00:00,2026-07-21 03:26:00+00:00,4011.9549749999996,4039.0244025374996,3997.41,4041.0449249999992,1.9504308848642373,0.8256656220990658,8230.84568680589,tp,14.544974999999795,29.08994999999959
2026-07-21 09:20:00+00:00,2026-07-21 09:27:00+00:00,4064.6713199999995,4059.379295,4061.41,4071.1939599999987,-1.3583588858247282,0.8225487585533177,8229.487327920064,sl,3.261319999999614,6.522639999999228
2026-07-21 10:15:00+00:00,2026-07-21 11:00:00+00:00,4064.89143,4056.1009350000004,4058.13,4078.41429,-1.7118891532921658,0.8220589025412556,8227.775438766772,sl,6.7614300000000185,13.522860000000037
2026-07-21 14:11:00+00:00,2026-07-22 00:30:00+00:00,4058.028,4091.057448,4040.49,4093.104,2.522284665272887,0.8261259544964465,8230.297723432044,tp,17.53800000000001,35.07600000000002
2026-07-22 08:21:00+00:00,2026-07-22 12:20:00+00:00,4109.41368,4117.80110948,4104.19,4119.86104,0.01604382894171219,0.8238696858580042,8230.313767260986,tp,5.2236800000000585,10.447360000000117
2026-07-22 13:20:00+00:00,2026-07-23 07:12:00+00:00,4124.96145,4099.219365000001,4101.27,4172.3443499999985,-3.3885531846562116,0.8204632868282706,8226.925214076331,sl,23.69144999999935,47.3828999999987
2026-07-23 08:35:00+00:00,2026-07-23 08:36:00+00:00,4089.7638599999996,4084.59668,4086.64,4096.0115799999985,-1.3418850087733811,0.8221728092080679,8225.583329067558,sl,3.123859999999695,6.247719999998935
2026-07-23 10:17:00+00:00,2026-07-23 10:21:00+00:00,4089.5137349999995,4082.5177200000003,4084.56,4099.421204999999,-1.5254384523391777,0.8218547492036202,8224.057890615219,sl,4.953734999999597,9.907469999999194
2026-07-23 14:38:00+00:00,2026-07-23 15:33:00+00:00,4059.0485099999996,4039.21938,4041.24,4094.6655299999993,-2.8291918218735725,0.8203969942338822,8221.228698793346,sl,17.808509999999842,35.617019999999684
2026-07-23 16:59:00+00:00,2026-07-23 17:09:00+00:00,4051.30464,4044.426775,4046.45,4061.01392,-1.5192804727114595,0.8214250144210443,8219.709418320634,sl,4.854640000000018,9.709280000000035
2026-07-23 19:25:00+00:00,2026-07-24 00:12:00+00:00,4047.6227999999996,4039.53922,4041.56,4059.748399999999,-1.641936601442004,0.8211501553860074,8218.067481719192,sl,6.062799999999697,12.125599999999395
2026-07-24 07:01:00+00:00,2026-07-24 07:31:00+00:00,4037.0375099999997,4044.709163734999,4032.19,4046.732529999999,-0.04174065061270438,0.822587595116423,8218.025741068579,tp,4.847509999999602,9.695019999999204
2026-07-24 07:34:00+00:00,2026-07-24 08:03:00+00:00,4048.193085,4038.8595600000003,4040.88,4062.8192549999994,-1.7682303252945033,0.8208551989805439,8216.257510743284,sl,7.313084999999774,14.626169999999547
2026-07-24 08:28:00+00:00,2026-07-24 10:27:00+00:00,4045.271625,4053.8469375625,4039.97,4055.874875,0.04835933024100003,0.8224966070115811,8216.305870073526,tp,5.301625000000058,10.603250000000116
2026-07-24 11:02:00+00:00,2026-07-24 11:39:00+00:00,4056.4372049999997,4049.324325,4051.35,4066.6116149999993,-1.5412664786645094,0.8209102307594475,8214.764603594862,sl,5.087204999999813,10.174409999999625
2026-07-24 13:32:00+00:00,2026-07-24 13:58:00+00:00,4045.5017399999997,4055.07666739,4039.7,4057.1052199999995,0.14969008313529264,0.8224485990416632,8214.914293677997,tp,5.8017399999998815,11.603479999999763
2026-07-24 15:11:00+00:00,2026-07-24 18:20:00+00:00,4071.2346,4053.69214,4055.72,4102.2638,-2.589575435075448,0.8197215755082327,8212.324718242922,sl,15.514599999999973,31.029199999999946
2026-07-24 19:36:00+00:00,2026-07-26 21:31:00+00:00,4054.8264,4068.0441604000002,4047.2,4070.0792,0.5159393478161529,0.8225709821542628,8212.84065759074,tp,7.626400000000103,15.252800000000207
2026-07-27 07:02:00+00:00,2026-07-27 07:51:00+00:00,4095.88692,4087.43526,4089.48,4108.70076,-1.6677762430291794,0.820436726242287,8211.17288134771,sl,6.4069199999999,12.8138399999998
2026-07-27 09:07:00+00:00,2026-07-27 09:29:00+00:00,4093.815885,4084.0369600000004,4086.08,4109.287655,-1.800840724389908,0.8201365839943756,8209.372040623319,sl,7.735885000000053,15.471770000000106
2026-07-27 09:44:00+00:00,2026-07-27 10:11:00+00:00,4090.50423,4082.7376100000006,4084.78,4101.95269,-1.5995125388330158,0.8201578493728717,8207.772528084486,sl,5.724229999999807,11.448460000000068
2026-07-27 10:43:00+00:00,2026-07-27 12:13:00+00:00,4097.417684999999,4080.3188200000004,4082.36,4127.533054999998,-2.531650558784441,0.8190646669165808,8205.2408775257,sl,15.05768499999931,30.11536999999862
2026-07-27 12:46:00+00:00,2026-07-27 12:50:00+00:00,4084.94145,4075.68114,4077.72,4099.38435,-1.7496327666102158,0.819594049034995,8203.49124475909,sl,7.221450000000004,14.442900000000463
2026-07-27 16:26:00+00:00,2026-07-27 17:02:00+00:00,4085.40168,4073.912025,4075.95,4104.30504,-1.972757581330555,0.8191955624570356,8201.51848717776,sl,9.451680000000124,18.903360000000248
2026-07-27 17:56:00+00:00,2026-07-27 21:57:00+00:00,4074.9764699999996,4067.315325,4069.35,4086.229409999999,-1.5903426681029929,0.8193808869366096,8199.928144509657,sl,5.626469999999699,11.252939999999398
2026-07-28 07:12:00+00:00,2026-07-28 07:46:00+00:00,4048.36317,4041.8380700000002,4043.86,4057.36951,-1.4801589549383434,0.8193319874835109,8198.447985554718,sl,4.503169999999955,9.00633999999991
2026-07-28 08:03:00+00:00,2026-07-28 08:10:00+00:00,4048.7633699999997,4043.8170800000003,4045.84,4054.6101099999987,-1.3201376742191109,0.8193440048861388,8197.127847880498,sl,2.9233699999995224,5.846739999999045
2026-07-28 11:16:00+00:00,2026-07-28 11:47:00+00:00,4027.9929899999997,4020.8285800000003,4022.84,4038.298969999999,-1.5479769263289718,0.8189837916533742,8195.579870954169,sl,5.1529899999995905,10.305979999999181
2026-07-28 12:20:00+00:00,2026-07-28 13:38:00+00:00,4028.763375,4018.3898000000004,4020.4,4045.490125,-1.8736338546979718,0.8185028560968158,8193.70623709947,sl,8.363374999999905,16.72674999999981
2026-07-28 14:06:00+00:00,2026-07-28 14:18:00+00:00,4028.37318,4016.760615,4018.77,4047.57954,-1.9991867936080028,0.818189626542882,8191.707050305862,sl,9.603180000000066,19.20636000000013
2026-07-28 15:10:00+00:00,2026-07-28 22:23:00+00:00,4027.722855,4014.8115900000003,4016.82,4049.5285649999996,-2.1308242004687212,0.8178577385686863,8189.576226105393,sl,10.902854999999818,21.805709999999635
2026-07-29 07:11:00+00:00,2026-07-29 08:11:00+00:00,4043.0204999999996,4035.171405,4037.19,4054.681499999999,-1.6131222953673414,0.8181626629781503,8187.963103810026,sl,5.830499999999574,11.660999999999149
2026-07-29 11:14:00+00:00,2026-07-29 12:16:00+00:00,4028.1930899999998,4021.06846,4023.08,4038.4192699999994,-1.5421711593350291,0.8180722114331006,8186.420932650691,sl,5.113089999999829,10.226179999999658
2026-07-29 13:01:00+00:00,2026-07-29 13:05:00+00:00,4024.061025,4014.861565,4016.87,4038.443075,-1.753460685649216,0.8177063389183382,8184.667471965042,sl,7.1910250000000815,14.382050000000163
2026-07-29 15:24:00+00:00,2026-07-29 16:52:00+00:00,4011.3946949999995,4017.654252957498,4007.26,4019.664084999998,-0.18051945087323473,0.8191053330787097,8184.4869525141685,tp,4.134694999999283,8.269389999998566
2026-07-29 18:01:00+00:00,2026-07-30 05:38:00+00:00,4074.2561099999994,4031.90304,4033.92,4154.928329999998,-5.0682000770453675,0.8141946898642358,8179.418752437123,sl,40.33610999999928,80.67221999999856
2026-07-30 07:02:00+00:00,2026-07-30 08:27:00+00:00,4045.1115449999998,4062.122557682499,4035.59,4064.154634999999,0.9001943787350074,0.8196617313538012,8180.318946815858,tp,9.521544999999605,19.04308999999921
2026-07-30 09:22:00+00:00,2026-07-30 09:31:00+00:00,4071.304635,4061.2683500000003,4063.3,4087.3139049999995,-1.8253000762825442,0.817023618223527,8178.4936467395755,sl,8.00463499999978,16.00926999999956
2026-07-30 12:06:00+00:00,2026-07-30 12:12:00+00:00,4081.53975,4072.2428600000003,4074.28,4096.059249999999,-1.748362429548974,0.8169179201645732,8176.745284310026,sl,7.259749999999713,14.519499999999425
2026-07-30 13:38:00+00:00,2026-07-31 03:03:00+00:00,4092.4451999999997,4070.66365,4072.7,4131.935599999999,-2.99148597080796,0.8154985410011959,8173.7537983392185,sl,19.74519999999984,39.49039999999923
2026-07-31 08:20:00+00:00,2026-07-31 08:24:00+00:00,4065.81189,4056.3508100000004,4058.38,4080.6756699999996,-1.7674341643759859,0.8164243700395856,8171.9863641748425,sl,7.431889999999839,14.863779999999679
2026-07-31 11:08:00+00:00,2026-07-31 11:38:00+00:00,4057.977975,4050.903535,4052.93,4068.0739249999997,-1.5288143147524291,0.816486308411143,8170.45754986009,sl,5.047974999999951,10.095949999999903
2026-07-31 14:38:00+00:00,2026-07-31 15:33:00+00:00,4045.411695,4037.3403200000002,4039.36,4057.515084999999,-1.6313124470648195,0.8162306732121563,8168.826237413025,sl,6.051694999999654,12.103389999999308
2026-07-31 15:52:00+00:00,2026-08-01 18:01:00+00:00,4047.36267,4038.889545,4040.91,4060.2680100000002,-1.671096539874833,0.816027554756184,8167.15514087315,sl,6.452670000000126,12.905340000000251
2026-08-01 19:16:00+00:00,2026-08-02 22:00:00+00:00,4049.8239,4072.61437415,4037.41,4074.6517,1.479028811721434,0.819013556455492,8168.634169684871,tp,12.413900000000012,24.827800000000025
2026-08-03 08:50:00+00:00,2026-08-03 09:23:00+00:00,4058.84841,4050.09394,4052.12,4072.3052300000004,-1.6969227774103381,0.8159824766677447,8166.937246907461,sl,6.728410000000167,13.456820000000334
2026-08-03 12:57:00+00:00,2026-08-03 13:02:00+00:00,4048.7233499999998,4039.2793500000002,4041.3,4063.570049999999,-1.7682458578394613,0.8157412200529597,8165.169001049621,sl,7.423349999999573,14.846699999999146
2026-08-03 14:34:00+00:00,2026-08-03 15:06:00+00:00,4037.227605,4030.0339750000003,4032.05,4047.5828149999998,-1.543234256882988,0.8157894553033826,8163.625766792738,sl,5.177604999999858,10.355209999999715
2026-08-03 15:20:00+00:00,2026-08-03 15:28:00+00:00,4039.548765,4031.5132350000003,4033.53,4051.5862949999996,-1.6275108572233679,0.8155506164384889,8161.998255935515,sl,6.018764999999803,12.037529999999606
2026-08-03 16:26:00+00:00,2026-08-03 17:03:00+00:00,4040.6793299999995,4033.5022400000003,4035.52,4050.9979899999985,-1.5403455927685878,0.8154749549557386,8160.457910342746,sl,5.1593299999995,10.318659999999
2026-08-03 18:10:00+00:00,2026-08-03 20:32:00+00:00,4039.5987899999996,4053.7085018149983,4031.53,4055.7363699999983,0.6076917341961635,0.817470953722193,8161.065602076942,tp,8.068789999999353,16.137579999998707
2026-08-04 07:34:00+00:00,2026-08-04 08:27:00+00:00,4064.5912799999996,4055.63117,4057.66,4078.453839999999,-1.7147322329261327,0.8152070350097778,8159.3508698440155,sl,6.931279999999788,13.862559999999576
2026-08-04 10:31:00+00:00,2026-08-04 11:32:00+00:00,4050.034005,4058.6516739925,4044.71,4060.682015,0.05127084657408909,0.8168031609919677,8159.4021406905895,tp,5.324004999999943,10.648009999999886
2026-08-04 11:40:00+00:00,2026-08-04 13:23:00+00:00,4062.880425,4081.1596743625,4052.72,4083.201275,1.017716982871737,0.8177757067586895,8160.419857673462,tp,10.160425000000032,20.320850000000064
2026-08-04 13:49:00+00:00,2026-08-04 14:38:00+00:00,4088.0429999999997,4069.7840900000006,4071.82,4120.488999999999,-2.636612016118321,0.8142195933445725,8157.783245657343,sl,16.2229999999995,32.445999999999
2026-08-04 15:39:00+00:00,2026-08-04 20:21:00+00:00,4081.49973,4068.7646000000004,4070.8,4102.89919,-2.087204841542613,0.8145056253495412,8155.696040815801,sl,10.699729999999818,21.39946000000009
2026-08-04 21:02:00+00:00,2026-08-04 23:00:00+00:00,4076.9574599999996,4068.1149250000003,4070.15,4090.5723799999987,-1.6991318115540528,0.8146851574274535,8153.996909004247,sl,6.807459999999537,13.614919999999074
2026-08-05 09:39:00+00:00,2026-08-05 09:56:00+00:00,4153.205565,4145.376275,4147.45,4164.716695000001,-1.583194174644488,0.8146311278536338,8152.413714829602,sl,5.755565000000388,11.511130000000776
2026-08-05 09:59:00+00:00,2026-08-05 10:02:00+00:00,4153.19556,4145.236345,4147.31,4164.9666799999995,-1.5956275316732003,0.8144602041554426,8150.818087297929,sl,5.885559999999714,11.771119999999428
2026-08-05 10:27:00+00:00,2026-08-05 11:35:00+00:00,4152.91542,4171.11965687,4142.77,4173.20626,0.9695806359763665,0.8168682576233929,8151.787667933905,tp,10.145419999999831,20.290839999999662
2026-08-05 11:53:00+00:00,2026-08-05 14:10:00+00:00,4182.720315,4222.028874527498,4162.01,4224.140944999998,3.011452846868663,0.8190092288691283,8154.799120780774,tp,20.710314999999355,41.42062999999871
2026-08-05 15:27:00+00:00,2026-08-05 15:47:00+00:00,4255.126499999999,4239.329275,4241.45,4282.479499999999,-2.3277072611854415,0.8139661709878797,8152.471413519588,sl,13.676499999999578,27.352999999999156
2026-08-05 17:34:00+00:00,2026-08-05 23:35:00+00:00,4241.1195,4259.62762075,4230.8,4261.758499999999,0.9618312739934406,0.8170259986245768,8153.433244793581,tp,10.319499999999607,20.638999999999214
2026-08-06 07:20:00+00:00,2026-08-06 12:57:00+00:00,4262.039954999999,4244.586645,4246.71,4292.699864999998,-2.4831138649797717,0.8136738844988773,8150.9501309286015,sl,15.329954999999245,30.65990999999849
2026-08-06 13:31:00+00:00,2026-08-06 15:53:00+00:00,4248.403139999999,4234.871505,4236.99,4271.229419999999,-2.111880920195452,0.8137969291017665,8148.838250008406,sl,11.413139999999657,22.826279999999315
2026-08-06 17:39:00+00:00,2026-08-06 19:25:00+00:00,4241.359619999999,4234.5416700000005,4236.66,4250.758859999998,-1.4691883210540189,0.814228865545332,8147.369061687352,sl,4.699619999999413,9.399239999998827
2026-08-06 19:52:00+00:00,2026-08-07 00:40:00+00:00,4238.598239999999,4228.52468,4230.64,4254.514719999997,-1.7819309339041558,0.8137687439788099,8145.587130753448,sl,7.958239999999023,15.916479999998046
2026-08-07 07:56:00+00:00,2026-08-07 08:33:00+00:00,4287.84285,4302.876035725,4279.25,4305.02855,0.6119356143883242,0.8159866353250583,8146.199066367836,tp,8.592849999999999,17.185699999999997
2026-08-07 09:13:00+00:00,2026-08-07 09:30:00+00:00,4304.87136,4298.359745000001,4300.51,4313.59408,-1.4301071383099349,0.8140038033017755,8144.768959229526,sl,4.361359999999877,8.722719999999754
2026-08-07 09:43:00+00:00,2026-08-07 12:29:00+00:00,4310.7442949999995,4295.661095,4297.81,4336.612884999998,-2.237970399458145,0.8130519775009956,8142.530988830068,sl,12.93429499999911,25.86858999999822
2026-08-07 12:31:00+00:00,2026-08-09 20:26:00+00:00,4347.0524399999995,4355.001410000001,4316.72,4407.717319999998,-0.07053064887574745,0.814997565799931,8142.460458181193,eod,30.332439999999224,60.66487999999845
