entry_time,exit_time,entry,exit,sl,tp,pnl,exit_hit,risk,reward
2025-08-10 22:46:00+00:00,2025-08-10 23:52:00+00:00,3393.945,3391.798,3391.848,3398.1390000000006,-0.3162985846854309,sl,2.0970000000002074,4.194000000000415
2025-08-11 01:50:00+00:00,2025-08-11 02:17:00+00:00,3376.9750000000004,3370.778,3370.828,3389.269000000001,-0.9175081233600547,sl,6.147000000000389,12.294000000000779
2025-08-11 02:52:00+00:00,2025-08-11 06:05:00+00:00,3378.2290000000003,3373.6789999999996,3373.729,3387.229000000001,-0.6733466881535378,sl,4.500000000000455,9.00000000000091
2025-08-11 08:01:00+00:00,2025-08-11 09:09:00+00:00,3361.4950000000003,3356.7549999999997,3356.805,3370.8750000000014,-0.7049089778938972,sl,4.690000000000509,9.380000000001019
2025-08-11 09:29:00+00:00,2025-08-11 09:53:00+00:00,3363.4350000000004,3354.125,3354.175,3381.955000000001,-1.3836402621026003,sl,9.260000000000218,18.520000000000437
2025-08-11 10:18:00+00:00,2025-08-11 11:23:00+00:00,3361.0550000000003,3352.6349999999998,3352.685,3377.795000000001,-1.2520823994818369,sl,8.370000000000346,16.74000000000069
2025-08-11 12:01:00+00:00,2025-08-11 12:27:00+00:00,3355.809,3350.9249999999997,3350.975,3365.4770000000008,-0.7273115039904006,sl,4.834000000000287,9.668000000000575
2025-08-11 12:57:00+00:00,2025-08-11 14:38:00+00:00,3356.565,3344.125,3344.175,3381.345,-1.8519776884858046,sl,12.389999999999873,24.779999999999745
2025-08-11 15:23:00+00:00,2025-08-11 16:32:00+00:00,3348.385,3344.595,3344.645,3355.8650000000007,-0.5655015087673532,sl,3.7400000000002365,7.480000000000473
2025-08-11 17:27:00+00:00,2025-08-11 17:32:00+00:00,3343.8050000000003,3341.745,3341.795,3347.8250000000007,-0.30777379802329896,sl,2.0100000000002183,4.020000000000437
2025-08-11 17:36:00+00:00,2025-08-11 20:59:00+00:00,3348.315,3341.915,3341.965,3361.015,-0.9548730893445998,sl,6.349999999999909,12.699999999999818
2025-08-11 22:59:00+00:00,2025-08-12 00:45:00+00:00,3346.748,3354.984,3342.605,3355.034,1.2292601592122432,tp,4.143000000000029,8.286000000000058
2025-08-12 01:06:00+00:00,2025-08-12 01:25:00+00:00,3355.9480000000003,3349.8149999999996,3349.865,3368.1140000000014,-0.9129808264640705,sl,6.083000000000538,12.166000000001077
2025-08-12 02:03:00+00:00,2025-08-12 06:15:00+00:00,3352.348,3345.875,3345.925,3365.1939999999995,-0.9645411070102722,sl,6.4229999999997744,12.845999999999549
2025-08-12 06:36:00+00:00,2025-08-12 07:39:00+00:00,3346.9950000000003,3357.1650000000004,3341.885,3357.2150000000006,1.517707877718184,tp,5.110000000000127,10.220000000000255
2025-08-12 11:41:00+00:00,2025-08-12 12:23:00+00:00,3344.6850000000004,3339.048,3339.098,3355.8590000000013,-0.8419398923629329,sl,5.587000000000444,11.174000000000888
2025-08-12 12:31:00+00:00,2025-08-12 13:12:00+00:00,3348.7050000000004,3343.595,3343.645,3358.825000000001,-0.7622469338017889,sl,5.0600000000004,10.1200000000008
2025-08-12 13:45:00+00:00,2025-08-12 13:54:00+00:00,3354.355,3343.868,3343.918,3375.229,-1.561567580866975,sl,10.436999999999898,20.873999999999796
2025-08-12 14:33:00+00:00,2025-08-12 15:27:00+00:00,3337.545,3350.7889999999998,3330.898,3350.839,1.981721803367269,tp,6.6469999999999345,13.293999999999869
2025-08-12 16:35:00+00:00,2025-08-12 19:08:00+00:00,3350.9990000000003,3345.605,3345.655,3361.6870000000004,-0.804032213223352,sl,5.344000000000051,10.688000000000102
2025-08-12 19:29:00+00:00,2025-08-12 22:17:00+00:00,3348.079,3352.717,3345.735,3352.7670000000003,0.6918897511658901,tp,2.344000000000051,4.688000000000102
2025-08-12 23:14:00+00:00,2025-08-12 23:46:00+00:00,3351.4950000000003,3349.798,3349.848,3354.789000000001,-0.2529153546128417,sl,1.6470000000003893,3.2940000000007785
2025-08-13 01:05:00+00:00,2025-08-13 02:40:00+00:00,3345.965,3352.9670000000006,3342.439,3353.0170000000007,1.0452535406330015,tp,3.5260000000002947,7.052000000000589
2025-08-13 02:47:00+00:00,2025-08-13 03:16:00+00:00,3353.385,3349.209,3349.259,3361.6370000000006,-0.6220760004360254,sl,4.126000000000204,8.252000000000407
2025-08-13 03:26:00+00:00,2025-08-13 04:02:00+00:00,3351.915,3348.335,3348.385,3358.9749999999995,-0.5334937811958805,sl,3.5299999999997453,7.059999999999491
2025-08-13 04:14:00+00:00,2025-08-13 05:34:00+00:00,3351.0750000000003,3347.9489999999996,3347.999,3357.227000000001,-0.46593031127890483,sl,3.0760000000004766,6.152000000000953
2025-08-13 06:05:00+00:00,2025-08-13 07:12:00+00:00,3351.605,3358.3749999999995,3348.195,3358.4249999999997,1.0088618999202568,tp,3.4099999999998545,6.819999999999709
2025-08-13 07:18:00+00:00,2025-08-13 08:02:00+00:00,3358.0480000000002,3353.705,3353.755,3366.6340000000005,-0.6460151034370613,sl,4.29300000000012,8.58600000000024
2025-08-13 08:33:00+00:00,2025-08-13 09:42:00+00:00,3356.835,3365.0649999999996,3352.695,3365.115,1.224564027798203,tp,4.139999999999873,8.279999999999745
2025-08-13 09:53:00+00:00,2025-08-13 12:07:00+00:00,3366.2850000000003,3358.348,3358.398,3382.0590000000007,-1.1777968557611485,sl,7.887000000000171,15.774000000000342
2025-08-13 12:49:00+00:00,2025-08-13 13:01:00+00:00,3360.375,3356.9249999999997,3356.975,3367.175,-0.5127964859076998,sl,3.400000000000091,6.800000000000182
2025-08-13 13:31:00+00:00,2025-08-13 13:54:00+00:00,3357.748,3365.4159999999997,3353.889,3365.466,1.140579078271889,tp,3.8589999999999236,7.717999999999847
2025-08-13 14:04:00+00:00,2025-08-13 15:09:00+00:00,3368.248,3359.805,3359.855,3385.034,-1.2520847070634418,sl,8.393000000000029,16.786000000000058
2025-08-13 16:12:00+00:00,2025-08-13 16:44:00+00:00,3359.0350000000003,3356.8979999999997,3356.948,3363.209000000001,-0.3177434019279699,sl,2.087000000000444,4.174000000000888
2025-08-13 17:22:00+00:00,2025-08-13 17:28:00+00:00,3358.9790000000003,3356.9289999999996,3356.979,3362.979000000001,-0.3048030477813522,sl,2.0000000000004547,4.0000000000009095
2025-08-13 18:51:00+00:00,2025-08-13 19:22:00+00:00,3353.255,3355.2250000000004,3352.245,3355.2750000000005,0.29339933518725164,tp,1.0100000000002183,2.0200000000004366
2025-08-13 19:49:00+00:00,2025-08-13 23:02:00+00:00,3356.3250000000003,3359.815000000001,3354.555,3359.865000000001,0.5193183352156737,tp,1.7700000000004366,3.540000000000873
2025-08-13 23:31:00+00:00,2025-08-14 00:02:00+00:00,3361.4480000000003,3365.104000000001,3359.595,3365.1540000000014,0.5432185673435519,tp,1.8530000000005202,3.7060000000010405
2025-08-14 01:48:00+00:00,2025-08-14 02:29:00+00:00,3367.9950000000003,3364.8979999999997,3364.948,3374.0890000000013,-0.4592912801310904,sl,3.04700000000048,6.09400000000096
2025-08-14 02:42:00+00:00,2025-08-14 02:56:00+00:00,3367.6850000000004,3364.085,3364.135,3374.7850000000008,-0.5339117801802935,sl,3.550000000000182,7.100000000000364
2025-08-14 03:54:00+00:00,2025-08-14 07:01:00+00:00,3358.2980000000002,3364.3140000000008,3355.265,3364.364000000001,0.8946720055917508,tp,3.0330000000003565,6.066000000000713
2025-08-14 08:24:00+00:00,2025-08-14 12:30:00+00:00,3347.569,3341.535,3341.585,3359.537,-0.9003055299308901,sl,5.983999999999924,11.967999999999847
2025-08-14 12:44:00+00:00,2025-08-14 14:05:00+00:00,3352.2850000000003,3340.6899999999996,3340.74,3375.3750000000014,-1.7274473750649018,sl,11.545000000000528,23.090000000001055
2025-08-14 14:31:00+00:00,2025-08-14 16:13:00+00:00,3346.045,3333.8979999999997,3333.948,3370.2390000000005,-1.8127467981151477,sl,12.097000000000207,24.194000000000415
2025-08-14 17:08:00+00:00,2025-08-14 19:05:00+00:00,3335.2980000000002,3340.4740000000006,3332.685,3340.524000000001,0.7747840650679114,tp,2.6130000000002838,5.2260000000005675
2025-08-14 19:15:00+00:00,2025-08-14 19:24:00+00:00,3340.7980000000002,3339.455,3339.505,3343.3840000000005,-0.20071533219874343,sl,1.29300000000012,2.58600000000024
2025-08-14 22:01:00+00:00,2025-08-14 22:15:00+00:00,3336.7980000000002,3334.515,3334.565,3341.2640000000006,-0.3416032692935472,sl,2.2330000000001746,4.466000000000349
2025-08-14 23:22:00+00:00,2025-08-15 00:54:00+00:00,3334.0480000000002,3338.204,3331.945,3338.2540000000004,0.6223502338745778,tp,2.1030000000000655,4.206000000000131
2025-08-15 01:37:00+00:00,2025-08-15 05:05:00+00:00,3338.125,3348.0950000000003,3333.115,3348.1450000000004,1.4912511668929445,tp,5.010000000000218,10.020000000000437
2025-08-15 07:20:00+00:00,2025-08-15 08:25:00+00:00,3344.1850000000004,3339.875,3339.925,3352.705000000001,-0.6435911444872625,sl,4.260000000000218,8.520000000000437
2025-08-15 08:47:00+00:00,2025-08-15 09:09:00+00:00,3341.2980000000002,3338.575,3338.625,3346.6440000000007,-0.4069373267988043,sl,2.673000000000229,5.346000000000458
2025-08-15 09:21:00+00:00,2025-08-15 10:26:00+00:00,3342.7450000000003,3338.2749999999996,3338.325,3351.5850000000014,-0.6677004603725373,sl,4.4200000000005275,8.840000000001055
2025-08-15 10:50:00+00:00,2025-08-15 10:57:00+00:00,3340.215,3336.685,3336.735,3347.175,-0.5276532839277281,sl,3.480000000000018,6.960000000000036
2025-08-15 11:30:00+00:00,2025-08-15 12:17:00+00:00,3339.9480000000003,3337.448,3337.498,3344.848000000001,-0.3737022530755402,sl,2.450000000000273,4.900000000000546
2025-08-15 12:40:00+00:00,2025-08-15 13:51:00+00:00,3341.065,3333.298,3333.348,3356.4990000000003,-1.1605865655714975,sl,7.717000000000098,15.434000000000196
2025-08-15 14:05:00+00:00,2025-08-17 22:03:00+00:00,3337.3650000000002,3332.6549999999997,3332.705,3346.685000000001,-0.7044916914193438,sl,4.660000000000309,9.320000000000618
2025-08-17 22:23:00+00:00,2025-08-17 23:04:00+00:00,3334.525,3332.7479999999996,3332.798,3337.9790000000007,-0.265999903159258,sl,1.7270000000003165,3.454000000000633
2025-08-18 00:03:00+00:00,2025-08-18 00:14:00+00:00,3328.545,3334.535,3325.525,3334.585,0.8982326681799142,tp,3.019999999999982,6.039999999999964
2025-08-18 00:40:00+00:00,2025-08-18 03:45:00+00:00,3340.965,3348.3950000000004,3337.225,3348.4450000000006,1.1101263722249337,tp,3.7400000000002365,7.480000000000473
2025-08-18 04:23:00+00:00,2025-08-18 06:18:00+00:00,3352.125,3346.2549999999997,3346.305,3363.7650000000003,-0.8742219714705735,sl,5.820000000000164,11.640000000000327
2025-08-18 06:39:00+00:00,2025-08-18 06:56:00+00:00,3349.9550000000004,3347.868,3347.918,3354.029000000001,-0.3109920376838046,sl,2.037000000000262,4.074000000000524
2025-08-18 07:06:00+00:00,2025-08-18 07:53:00+00:00,3351.0150000000003,3347.6549999999997,3347.705,3357.635000000001,-0.5005127801334006,sl,3.3100000000004,6.6200000000008
2025-08-18 08:28:00+00:00,2025-08-18 12:54:00+00:00,3346.9480000000003,3344.198,3344.248,3352.348000000001,-0.4101230902476961,sl,2.700000000000273,5.400000000000546
2025-08-18 14:31:00+00:00,2025-08-18 14:38:00+00:00,3337.695,3334.765,3334.815,3343.4550000000004,-0.43816090235040595,sl,2.880000000000109,5.760000000000218
2025-08-18 15:22:00+00:00,2025-08-18 16:05:00+00:00,3335.755,3331.9849999999997,3332.035,3343.1950000000006,-0.5640801172188817,sl,3.7200000000002547,7.440000000000509
2025-08-18 16:37:00+00:00,2025-08-18 17:02:00+00:00,3332.945,3331.6549999999997,3331.705,3335.4250000000006,-0.19316596518100562,sl,1.2400000000002365,2.480000000000473
2025-08-18 17:40:00+00:00,2025-08-18 18:39:00+00:00,3333.505,3331.765,3331.815,3336.885,-0.26050062998282947,sl,1.6900000000000546,3.380000000000109
2025-08-18 19:32:00+00:00,2025-08-18 23:59:00+00:00,3332.375,3330.3149999999996,3330.365,3336.3950000000004,-0.30850532068177833,sl,2.0100000000002183,4.020000000000437
2025-08-19 00:12:00+00:00,2025-08-19 13:10:00+00:00,3335.5750000000003,3325.835,3325.885,3354.9550000000004,-1.4572166634459813,sl,9.690000000000055,19.38000000000011
2025-08-19 13:28:00+00:00,2025-08-19 14:39:00+00:00,3332.398,3328.298,3328.348,3340.4980000000005,-0.6139025837981376,sl,4.050000000000182,8.100000000000364
2025-08-19 15:18:00+00:00,2025-08-19 16:13:00+00:00,3324.2980000000002,3321.375,3321.425,3330.0440000000003,-0.4387070557985884,sl,2.8730000000000473,5.746000000000095
2025-08-19 17:44:00+00:00,2025-08-19 23:51:00+00:00,3319.885,3314.725,3314.775,3330.1050000000005,-0.7754491422864564,sl,5.110000000000127,10.220000000000255
2025-08-20 00:12:00+00:00,2025-08-20 00:20:00+00:00,3315.8250000000003,3313.035,3313.085,3321.3050000000007,-0.41976430787085517,sl,2.7400000000002365,5.480000000000473
2025-08-20 00:50:00+00:00,2025-08-20 01:07:00+00:00,3315.605,3312.5049999999997,3312.555,3321.7050000000004,-0.4664161104249233,sl,3.050000000000182,6.100000000000364
2025-08-20 01:42:00+00:00,2025-08-20 06:10:00+00:00,3315.748,3324.6839999999997,3311.255,3324.734,1.3443612183338598,tp,4.492999999999938,8.985999999999876
2025-08-20 07:11:00+00:00,2025-08-20 08:29:00+00:00,3324.8050000000003,3321.335,3321.385,3331.6450000000004,-0.520686293216118,sl,3.4200000000000728,6.8400000000001455
2025-08-20 08:42:00+00:00,2025-08-20 11:12:00+00:00,3323.405,3328.6690000000003,3320.748,3328.7190000000005,0.7901741129003473,tp,2.657000000000153,5.314000000000306
2025-08-20 11:28:00+00:00,2025-08-20 12:33:00+00:00,3330.598,3341.0739999999996,3325.335,3341.124,1.5692706479278578,tp,5.26299999999992,10.52599999999984
2025-08-20 12:49:00+00:00,2025-08-20 13:44:00+00:00,3341.005,3345.755,3338.605,3345.8050000000003,0.7094296877429241,tp,2.400000000000091,4.800000000000182
2025-08-20 14:28:00+00:00,2025-08-20 15:26:00+00:00,3343.795,3339.7149999999997,3339.765,3351.8550000000005,-0.6088976037340694,sl,4.0300000000002,8.0600000000004
2025-08-20 16:05:00+00:00,2025-08-20 20:30:00+00:00,3343.025,3349.029,3339.998,3349.079,0.8961863165779714,tp,3.0270000000000437,6.054000000000087
2025-08-20 22:01:00+00:00,2025-08-20 23:08:00+00:00,3350.248,3347.2949999999996,3347.345,3356.0540000000005,-0.43986837331959017,sl,2.9030000000002474,5.806000000000495
2025-08-20 23:25:00+00:00,2025-08-20 23:37:00+00:00,3348.1150000000002,3346.835,3346.885,3350.5750000000003,-0.1907773050175916,sl,1.2300000000000182,2.4600000000000364
2025-08-20 23:53:00+00:00,2025-08-21 00:00:00+00:00,3347.565,3346.1349999999998,3346.185,3350.3250000000003,-0.21316496327912052,sl,1.3800000000001091,2.7600000000002183
2025-08-21 01:16:00+00:00,2025-08-21 02:22:00+00:00,3344.2980000000002,3340.5049999999997,3340.555,3351.784000000001,-0.5659491372396324,sl,3.743000000000393,7.486000000000786
2025-08-21 02:46:00+00:00,2025-08-21 03:50:00+00:00,3342.8050000000003,3340.1549999999997,3340.205,3348.005000000001,-0.39555759762817205,sl,2.600000000000364,5.200000000000728
2025-08-21 04:31:00+00:00,2025-08-21 04:39:00+00:00,3340.625,3338.798,3338.848,3344.179,-0.27287798883699127,sl,1.7770000000000437,3.5540000000000873
2025-08-21 05:19:00+00:00,2025-08-21 05:25:00+00:00,3338.895,3337.865,3337.915,3340.855,-0.15391476090222103,sl,0.9800000000000182,1.9600000000000364
2025-08-21 05:33:00+00:00,2025-08-21 06:15:00+00:00,3339.898,3337.4979999999996,3337.548,3344.598000000001,-0.3585231044762632,sl,2.350000000000364,4.700000000000728
2025-08-21 07:09:00+00:00,2025-08-21 07:51:00+00:00,3337.235,3341.1250000000005,3335.265,3341.1750000000006,0.5815490061177225,tp,1.9700000000002547,3.9400000000005093
2025-08-21 07:55:00+00:00,2025-08-21 10:34:00+00:00,3340.8650000000002,3336.8979999999997,3336.948,3348.699000000001,-0.5924505277624514,sl,3.917000000000371,7.834000000000742
2025-08-21 11:15:00+00:00,2025-08-21 12:04:00+00:00,3329.375,3338.179,3324.948,3338.2290000000003,1.3192902458037459,tp,4.427000000000135,8.85400000000027
2025-08-21 12:35:00+00:00,2025-08-21 13:45:00+00:00,3344.6980000000003,3336.205,3336.255,3361.5840000000007,-1.2670234785765768,sl,8.443000000000211,16.886000000000422
2025-08-21 14:32:00+00:00,2025-08-21 14:45:00+00:00,3345.5480000000002,3342.165,3342.215,3352.2140000000004,-0.5044986856440402,sl,3.3330000000000837,6.666000000000167
2025-08-21 15:39:00+00:00,2025-08-21 17:56:00+00:00,3345.1980000000003,3337.305,3337.355,3360.884000000001,-1.1771278165474859,sl,7.843000000000302,15.686000000000604
2025-08-21 18:16:00+00:00,2025-08-21 19:19:00+00:00,3338.3650000000002,3340.8350000000005,3337.105,3340.8850000000007,0.36907552316182984,tp,1.2600000000002183,2.5200000000004366
2025-08-21 19:33:00+00:00,2025-08-21 19:54:00+00:00,3341.835,3338.265,3338.315,3348.875,-0.532906954971827,sl,3.519999999999982,7.039999999999964
2025-08-21 20:32:00+00:00,2025-08-21 20:45:00+00:00,3338.645,3337.7949999999996,3337.845,3340.2450000000003,-0.12699705804354286,sl,0.8000000000001819,1.6000000000003638
2025-08-21 20:58:00+00:00,2025-08-21 22:25:00+00:00,3338.4750000000004,3339.9450000000006,3337.715,3339.995000000001,0.21963859418051043,tp,0.7600000000002183,1.5200000000004366
2025-08-21 22:33:00+00:00,2025-08-21 22:48:00+00:00,3340.425,3339.5049999999997,3339.555,3342.165000000001,-0.13738366955165043,sl,0.8700000000003456,1.7400000000006912
2025-08-21 23:36:00+00:00,2025-08-22 00:04:00+00:00,3338.165,3337.165,3337.215,3340.0649999999996,-0.14942911707512876,sl,0.9499999999998181,1.8999999999996362
2025-08-22 00:26:00+00:00,2025-08-22 01:51:00+00:00,3338.135,3334.825,3334.875,3344.6550000000007,-0.49460741412523923,sl,3.2600000000002183,6.520000000000437
2025-08-22 02:10:00+00:00,2025-08-22 02:35:00+00:00,3335.375,3333.348,3333.398,3339.3289999999997,-0.30312661647101413,sl,1.9769999999998618,3.9539999999997235
2025-08-22 03:25:00+00:00,2025-08-22 03:49:00+00:00,3333.5150000000003,3332.205,3332.255,3336.0350000000008,-0.19600659198517614,sl,1.2600000000002183,2.5200000000004366
2025-08-22 05:16:00+00:00,2025-08-22 05:19:00+00:00,3329.235,3327.7349999999997,3327.785,3332.1350000000007,-0.22471914273741522,sl,1.4500000000002728,2.9000000000005457
2025-08-22 05:29:00+00:00,2025-08-22 06:02:00+00:00,3329.425,3327.5049999999997,3327.555,3333.165000000001,-0.2876176084403944,sl,1.8700000000003456,3.740000000000691
2025-08-22 06:20:00+00:00,2025-08-22 06:21:00+00:00,3330.2450000000003,3328.435,3328.485,3333.765000000001,-0.27106493805433685,sl,1.7600000000002183,3.5200000000004366
2025-08-22 07:03:00+00:00,2025-08-22 07:47:00+00:00,3330.815,3325.548,3325.598,3341.2490000000003,-0.7886275780541161,sl,5.217000000000098,10.434000000000196
2025-08-22 08:01:00+00:00,2025-08-22 08:22:00+00:00,3328.405,3325.475,3325.525,3334.1650000000004,-0.4389916598932049,sl,2.880000000000109,5.760000000000218
2025-08-22 08:27:00+00:00,2025-08-22 12:12:00+00:00,3329.4950000000003,3325.738,3325.788,3336.909000000001,-0.5626891317986104,sl,3.7070000000003347,7.414000000000669
2025-08-22 12:20:00+00:00,2025-08-22 12:32:00+00:00,3329.485,3324.8849999999998,3324.935,3338.5850000000005,-0.6889091679979162,sl,4.550000000000182,9.100000000000364
2025-08-22 13:18:00+00:00,2025-08-22 14:00:00+00:00,3328.105,3336.6749999999997,3323.795,3336.725,1.2839112245374034,tp,4.309999999999945,8.61999999999989
2025-08-22 14:31:00+00:00,2025-08-25 23:13:00+00:00,3370.598,3358.9449999999997,3358.995,3393.804,-1.7240025097274359,sl,11.603000000000065,23.20600000000013
2025-08-25 23:56:00+00:00,2025-08-26 00:02:00+00:00,3354.585,3351.3849999999998,3351.435,3360.885,-0.4756014871238484,sl,3.150000000000091,6.300000000000182
2025-08-26 00:04:00+00:00,2025-08-26 00:11:00+00:00,3355.2650000000003,3362.875000000001,3351.435,3362.925000000001,1.1307566275846972,tp,3.830000000000382,7.660000000000764
2025-08-26 00:33:00+00:00,2025-08-29 15:14:00+00:00,3381.375,3441.7249999999995,3351.175,3441.7749999999996,8.89906741194112,tp,30.199999999999818,60.399999999999636
2025-08-29 15:44:00+00:00,2025-08-29 16:03:00+00:00,3447.295,3443.9849999999997,3444.035,3453.8150000000005,-0.47917868401763614,sl,3.2600000000002183,6.520000000000437
2025-08-29 16:08:00+00:00,2025-08-29 16:12:00+00:00,3447.5550000000003,3444.765,3444.815,3453.0350000000008,-0.40385000788146375,sl,2.7400000000002365,5.480000000000473
2025-08-29 16:56:00+00:00,2025-08-29 17:40:00+00:00,3448.355,3445.055,3445.105,3454.855,-0.4775419111805899,sl,3.25,6.5
2025-08-29 18:25:00+00:00,2025-08-29 19:50:00+00:00,3444.235,3450.845,3440.905,3450.895,0.9576292993361692,tp,3.3299999999999272,6.6599999999998545
2025-08-31 22:27:00+00:00,2025-09-01 01:04:00+00:00,3447.275,3441.7749999999996,3441.825,3458.1750000000006,-0.7961908326374862,sl,5.450000000000273,10.900000000000546
2025-09-01 01:41:00+00:00,2025-09-01 01:58:00+00:00,3442.5550000000003,3454.519000000001,3436.548,3454.5690000000013,1.734168461210982,tp,6.007000000000517,12.014000000001033
2025-09-01 02:07:00+00:00,2025-09-02 01:47:00+00:00,3460.228,3507.5380000000005,3436.548,3507.5880000000006,6.823692658823784,tp,23.68000000000029,47.36000000000058
2025-09-02 03:52:00+00:00,2025-09-02 05:27:00+00:00,3494.385,3492.2949999999996,3492.345,3498.465000000001,-0.2987057294848149,sl,2.0400000000004184,4.080000000000837
2025-09-02 05:40:00+00:00,2025-09-02 06:03:00+00:00,3496.905,3491.5049999999997,3491.555,3507.605000000001,-0.7711963353725588,sl,5.350000000000364,10.700000000000728
2025-09-02 07:44:00+00:00,2025-09-02 07:49:00+00:00,3484.665,3480.055,3480.105,3493.785,-0.6606347128220895,sl,4.559999999999945,9.11999999999989
2025-09-02 08:36:00+00:00,2025-09-02 08:55:00+00:00,3478.3250000000003,3475.3849999999998,3475.435,3484.105000000001,-0.42205586696468644,sl,2.8900000000003274,5.780000000000655
2025-09-02 09:24:00+00:00,2025-09-02 10:02:00+00:00,3479.8650000000002,3475.665,3475.715,3488.1650000000004,-0.6026446556516006,sl,4.150000000000091,8.300000000000182
2025-09-02 10:09:00+00:00,2025-09-02 11:01:00+00:00,3479.5750000000003,3486.1250000000005,3476.275,3486.1750000000006,0.9398602972969445,tp,3.300000000000182,6.600000000000364
2025-09-02 11:52:00+00:00,2025-09-02 12:36:00+00:00,3487.545,3478.105,3478.155,3506.325,-1.351578436549242,sl,9.389999999999873,18.779999999999745
2025-09-02 13:44:00+00:00,2025-09-02 14:46:00+00:00,3489.3590000000004,3510.897000000001,3478.565,3510.947000000001,3.0816975850073893,tp,10.794000000000324,21.588000000000648
2025-09-02 15:05:00+00:00,2025-09-02 16:06:00+00:00,3512.835,3523.397,3507.529,3523.447,1.5015946911816116,tp,5.30600000000004,10.61200000000008
2025-09-02 16:15:00+00:00,2025-09-03 00:24:00+00:00,3525.855,3541.8250000000003,3517.845,3541.8750000000005,2.26240350426894,tp,8.010000000000218,16.020000000000437
2025-09-03 01:28:00+00:00,2025-09-03 02:59:00+00:00,3538.6850000000004,3531.5049999999997,3531.555,3552.9450000000015,-1.0137024107344037,sl,7.130000000000564,14.260000000001128
2025-09-03 03:50:00+00:00,2025-09-03 05:51:00+00:00,3532.7450000000003,3529.9049999999997,3529.955,3538.325000000001,-0.4015965085325605,sl,2.7900000000004184,5.580000000000837
2025-09-03 06:16:00+00:00,2025-09-03 07:18:00+00:00,3534.605,3530.245,3530.295,3543.225,-0.6161862792789369,sl,4.309999999999945,8.61999999999989
2025-09-03 07:31:00+00:00,2025-09-03 09:09:00+00:00,3533.125,3541.295,3529.015,3541.3450000000003,1.1550550658174452,tp,4.110000000000127,8.220000000000255
2025-09-03 10:26:00+00:00,2025-09-03 11:12:00+00:00,3536.255,3544.585,3532.065,3544.635,1.1767691448265722,tp,4.190000000000055,8.38000000000011
2025-09-03 11:32:00+00:00,2025-09-03 11:55:00+00:00,3547.915,3544.5649999999996,3544.615,3554.5150000000003,-0.47175074460509725,sl,3.300000000000182,6.600000000000364
2025-09-03 12:35:00+00:00,2025-09-03 14:24:00+00:00,3548.425,3563.0150000000003,3541.105,3563.0650000000005,2.0541878280678754,tp,7.320000000000164,14.640000000000327
2025-09-03 15:19:00+00:00,2025-09-04 00:06:00+00:00,3564.065,3554.0649999999996,3554.115,3583.9650000000006,-1.4020520893618793,sl,9.950000000000273,19.900000000000546
2025-09-04 00:26:00+00:00,2025-09-04 01:19:00+00:00,3559.848,3555.5249999999996,3555.575,3568.3940000000002,-0.6067399823754877,sl,4.273000000000138,8.546000000000276
2025-09-04 02:01:00+00:00,2025-09-04 02:05:00+00:00,3549.395,3545.048,3545.098,3557.989,-0.6118680414136419,sl,4.2970000000000255,8.594000000000051
2025-09-04 03:31:00+00:00,2025-09-05 12:30:00+00:00,3531.0150000000003,3572.1450000000004,3510.425,3572.1950000000006,5.819089205819883,tp,20.590000000000146,41.18000000000029
2025-09-05 13:19:00+00:00,2025-09-05 14:39:00+00:00,3584.235,3572.9449999999997,3572.995,3606.7150000000006,-1.5745128066931269,sl,11.240000000000236,22.480000000000473
2025-09-05 14:57:00+00:00,2025-09-08 10:14:00+00:00,3587.755,3618.425,3572.395,3618.4750000000004,4.272394278731382,tp,15.360000000000127,30.720000000000255
2025-09-08 11:32:00+00:00,2025-09-08 11:40:00+00:00,3617.6150000000002,3615.0249999999996,3615.075,3622.695000000001,-0.3579672823683839,sl,2.5400000000004184,5.080000000000837
2025-09-08 11:55:00+00:00,2025-09-08 13:14:00+00:00,3618.465,3630.549,3612.398,3630.599,1.6696933210650389,tp,6.067000000000007,12.134000000000015
2025-09-08 13:44:00+00:00,2025-09-09 01:49:00+00:00,3629.0150000000003,3647.059000000001,3619.968,3647.1090000000013,2.486376748352868,tp,9.04700000000048,18.09400000000096
2025-09-09 02:08:00+00:00,2025-09-09 03:12:00+00:00,3648.0750000000003,3644.515,3644.565,3655.0950000000007,-0.48810929249289053,sl,3.5100000000002183,7.020000000000437
2025-09-09 04:04:00+00:00,2025-09-09 04:40:00+00:00,3647.085,3653.6949999999997,3643.755,3653.745,0.9064945958173071,tp,3.3299999999999272,6.6599999999998545
2025-09-09 05:08:00+00:00,2025-09-09 05:14:00+00:00,3656.4750000000004,3654.245,3654.295,3660.835000000001,-0.30506420608963053,sl,2.180000000000291,4.360000000000582
2025-09-09 05:38:00+00:00,2025-09-09 06:01:00+00:00,3656.895,3653.915,3653.965,3662.7549999999997,-0.40760502470936727,sl,2.9299999999998363,5.859999999999673
2025-09-09 06:41:00+00:00,2025-09-09 13:56:00+00:00,3646.715,3667.3450000000003,3636.375,3667.3950000000004,2.829537568572188,tp,10.340000000000146,20.68000000000029
2025-09-09 14:01:00+00:00,2025-09-09 14:03:00+00:00,3670.148,3663.995,3664.045,3682.3540000000003,-0.8387725775923196,sl,6.1030000000000655,12.206000000000131
2025-09-09 15:43:00+00:00,2025-09-09 19:14:00+00:00,3641.905,3635.9049999999997,3635.955,3653.8050000000007,-0.8241895755786041,sl,5.950000000000273,11.900000000000546
2025-09-09 20:09:00+00:00,2025-09-09 20:37:00+00:00,3632.5950000000003,3628.285,3628.335,3641.1150000000007,-0.5935113011545987,sl,4.260000000000218,8.520000000000437
2025-09-09 22:15:00+00:00,2025-09-10 09:46:00+00:00,3629.978,3652.874,3618.505,3652.924,3.1549941779140647,tp,11.472999999999956,22.945999999999913
2025-09-10 10:25:00+00:00,2025-09-10 10:25:00+00:00,3655.398,3654.225,3654.275,3657.6440000000002,-0.16056216830249115,sl,1.1230000000000473,2.2460000000000946
2025-09-10 10:27:00+00:00,2025-09-10 11:04:00+00:00,3655.415,3651.265,3651.315,3663.615,-0.5680470660507443,sl,4.099999999999909,8.199999999999818
2025-09-10 12:31:00+00:00,2025-09-10 12:36:00+00:00,3654.3880000000004,3647.9649999999997,3648.015,3667.1340000000014,-0.8793697589695489,sl,6.373000000000502,12.746000000001004
2025-09-10 13:18:00+00:00,2025-09-10 15:24:00+00:00,3648.255,3641.4849999999997,3641.535,3661.6950000000006,-0.9283539189628675,sl,6.720000000000255,13.44000000000051
2025-09-10 15:46:00+00:00,2025-09-10 19:30:00+00:00,3647.7650000000003,3638.268,3638.318,3666.6590000000006,-1.3023549986629328,sl,9.447000000000116,18.894000000000233
2025-09-10 19:48:00+00:00,2025-09-11 00:14:00+00:00,3638.775,3646.145,3635.065,3646.195,1.013037547922977,tp,3.7100000000000364,7.420000000000073
2025-09-11 01:11:00+00:00,2025-09-11 01:46:00+00:00,3646.598,3642.2349999999997,3642.285,3655.224,-0.5984867769854658,sl,4.313000000000102,8.626000000000204
2025-09-11 02:09:00+00:00,2025-09-11 02:19:00+00:00,3642.915,3639.4849999999997,3639.535,3649.675,-0.4709516648535213,sl,3.380000000000109,6.760000000000218
2025-09-11 04:02:00+00:00,2025-09-11 05:06:00+00:00,3633.1850000000004,3629.665,3629.715,3640.125000000001,-0.4845805286335157,sl,3.4700000000002547,6.940000000000509
2025-09-11 05:29:00+00:00,2025-09-11 05:32:00+00:00,3630.905,3629.518,3629.568,3633.579,-0.19105189277001036,sl,1.336999999999989,2.673999999999978
2025-09-11 05:36:00+00:00,2025-09-11 05:44:00+00:00,3632.465,3629.375,3629.425,3638.545,-0.42544019159249763,sl,3.0399999999999636,6.079999999999927
2025-09-11 06:07:00+00:00,2025-09-11 09:04:00+00:00,3630.4950000000003,3622.345,3622.395,3646.695000000001,-1.1226768515896781,sl,8.100000000000364,16.200000000000728
2025-09-11 09:48:00+00:00,2025-09-11 11:39:00+00:00,3621.465,3617.848,3617.898,3628.599,-0.4994344194206043,sl,3.5670000000000073,7.1340000000000146
2025-09-11 12:05:00+00:00,2025-09-11 12:23:00+00:00,3618.415,3623.3849999999993,3615.905,3623.4349999999995,0.6868004608316263,tp,2.5099999999997635,5.019999999999527
2025-09-11 12:31:00+00:00,2025-09-15 13:37:00+00:00,3631.348,3659.2239999999993,3617.385,3659.2739999999994,3.838707087950995,tp,13.962999999999738,27.925999999999476
2025-09-15 14:39:00+00:00,2025-09-15 15:49:00+00:00,3661.4480000000003,3671.184000000001,3656.555,3671.2340000000013,1.330199390348648,tp,4.893000000000484,9.786000000000968
2025-09-15 16:22:00+00:00,2025-09-15 16:38:00+00:00,3682.2650000000003,3679.448,3679.498,3687.799000000001,-0.3827529915266802,sl,2.76700000000028,5.53400000000056
2025-09-15 17:02:00+00:00,2025-09-16 06:59:00+00:00,3680.8650000000002,3693.6750000000006,3674.435,3693.725000000001,1.741122847644224,tp,6.430000000000291,12.860000000000582
2025-09-16 08:10:00+00:00,2025-09-16 08:14:00+00:00,3689.235,3695.7850000000003,3685.935,3695.8350000000005,0.8884044356452699,tp,3.300000000000182,6.600000000000364
2025-09-16 09:22:00+00:00,2025-09-16 10:54:00+00:00,3696.1150000000002,3692.765,3692.815,3702.7150000000006,-0.45356926871332903,sl,3.300000000000182,6.600000000000364
2025-09-16 11:36:00+00:00,2025-09-16 12:30:00+00:00,3693.5480000000002,3690.2549999999997,3690.305,3700.034000000001,-0.44614146746590944,sl,3.243000000000393,6.486000000000786
2025-09-16 13:22:00+00:00,2025-09-16 13:38:00+00:00,3689.1980000000003,3696.9940000000006,3685.275,3697.044000000001,1.0574141402018553,tp,3.923000000000229,7.846000000000458
2025-09-16 14:11:00+00:00,2025-09-16 14:29:00+00:00,3697.485,3693.475,3693.525,3705.405,-0.5427365686975975,sl,3.9600000000000364,7.920000000000073
2025-09-16 16:16:00+00:00,2025-09-16 23:10:00+00:00,3687.7650000000003,3694.2750000000005,3684.485,3694.3250000000007,0.8833754641045092,tp,3.2800000000002,6.5600000000004
2025-09-16 23:55:00+00:00,2025-09-17 00:05:00+00:00,3694.645,3692.4649999999997,3692.515,3698.905,-0.2952906470080084,sl,2.130000000000109,4.260000000000218
2025-09-17 02:15:00+00:00,2025-09-17 02:30:00+00:00,3680.965,3675.95,3676.0,3690.8950000000004,-0.6818084036847089,sl,4.9650000000001455,9.930000000000291
2025-09-17 02:49:00+00:00,2025-09-17 06:33:00+00:00,3681.965,3674.158,3674.208,3697.4790000000003,-1.0610309163251948,sl,7.757000000000062,15.514000000000124
2025-09-17 08:29:00+00:00,2025-09-17 08:37:00+00:00,3666.8250000000003,3663.145,3663.195,3674.0850000000005,-0.5021518940700773,sl,3.630000000000109,7.260000000000218
2025-09-17 09:11:00+00:00,2025-09-17 10:10:00+00:00,3666.165,3663.685,3663.735,3671.0249999999996,-0.33845064857650975,sl,2.4299999999998363,4.859999999999673
2025-09-17 11:22:00+00:00,2025-09-17 12:53:00+00:00,3665.985,3678.275,3659.815,3678.3250000000003,1.6772669397661115,tp,6.170000000000073,12.340000000000146
2025-09-17 13:35:00+00:00,2025-09-17 18:00:00+00:00,3679.915,3692.299,3673.698,3692.349,1.6839800216110468,tp,6.217000000000098,12.434000000000196
2025-09-17 18:03:00+00:00,2025-09-17 18:30:00+00:00,3688.898,3678.455,3678.505,3709.684,-1.4168226144172835,sl,10.393000000000029,20.786000000000058
2025-09-17 19:28:00+00:00,2025-09-18 06:03:00+00:00,3665.7450000000003,3647.835,3647.885,3701.4650000000006,-2.444886524886095,sl,17.860000000000127,35.720000000000255
2025-09-18 07:05:00+00:00,2025-09-18 07:18:00+00:00,3639.5550000000003,3645.8050000000003,3636.405,3645.8550000000005,0.8591143958201052,tp,3.150000000000091,6.300000000000182
2025-09-18 07:29:00+00:00,2025-09-18 13:42:00+00:00,3649.6150000000002,3635.2749999999996,3635.325,3678.195000000001,-1.9658874583517933,sl,14.290000000000418,28.580000000000837
2025-09-18 14:00:00+00:00,2025-09-19 15:13:00+00:00,3641.9750000000004,3670.9450000000006,3627.465,3670.995000000001,3.9790808085729283,tp,14.510000000000218,29.020000000000437
2025-09-19 15:53:00+00:00,2025-09-19 16:14:00+00:00,3671.0950000000003,3668.395,3668.445,3676.3950000000004,-0.3680544389435846,sl,2.650000000000091,5.300000000000182
2025-09-19 17:03:00+00:00,2025-09-19 17:45:00+00:00,3669.4550000000004,3673.9190000000012,3667.198,3673.9690000000014,0.6087662510277351,tp,2.2570000000005166,4.514000000001033
2025-09-19 17:54:00+00:00,2025-09-22 06:20:00+00:00,3678.665,3701.549,3667.198,3701.599,3.1131214415371717,tp,11.467000000000098,22.934000000000196
2025-09-22 07:30:00+00:00,2025-09-22 09:19:00+00:00,3713.385,3723.335,3708.385,3723.385,1.3413512749673617,tp,5.0,10.0
2025-09-22 10:19:00+00:00,2025-09-22 12:14:00+00:00,3724.155,3720.7349999999997,3720.785,3730.895000000001,-0.4597756457228654,sl,3.3700000000003456,6.740000000000691
2025-09-22 12:50:00+00:00,2025-09-22 13:47:00+00:00,3719.3450000000003,3713.8779999999997,3713.928,3730.179000000001,-0.7358855457112434,sl,5.417000000000371,10.834000000000742
2025-09-22 14:53:00+00:00,2025-09-22 15:39:00+00:00,3722.135,3733.3050000000003,3716.525,3733.3550000000005,1.5023004469283963,tp,5.610000000000127,11.220000000000255
2025-09-22 15:47:00+00:00,2025-09-22 17:30:00+00:00,3734.5350000000003,3742.685000000001,3730.435,3742.735000000001,1.0926522869168636,tp,4.100000000000364,8.200000000000728
2025-09-22 17:39:00+00:00,2025-09-22 22:45:00+00:00,3744.0950000000003,3739.3979999999997,3739.448,3753.389000000001,-0.6281769419214032,sl,4.647000000000389,9.294000000000779
2025-09-22 23:15:00+00:00,2025-09-23 00:46:00+00:00,3742.3250000000003,3749.855000000001,3738.535,3749.905000000001,1.0074755695988673,tp,3.7900000000004184,7.580000000000837
2025-09-23 01:06:00+00:00,2025-09-23 02:09:00+00:00,3751.498,3746.725,3746.775,3760.944,-0.6371056460519846,sl,4.722999999999956,9.445999999999913
2025-09-23 03:21:00+00:00,2025-09-23 05:25:00+00:00,3742.105,3748.475,3738.895,3748.525,0.852355118472368,tp,3.2100000000000364,6.420000000000073
2025-09-23 06:23:00+00:00,2025-09-23 07:01:00+00:00,3756.465,3751.0049999999997,3751.055,3767.2850000000008,-0.7278591880664285,sl,5.410000000000309,10.820000000000618
2025-09-23 07:25:00+00:00,2025-09-23 08:33:00+00:00,3754.0150000000003,3764.545000000001,3748.725,3764.595000000001,1.4045424737099863,tp,5.290000000000418,10.580000000000837
2025-09-23 09:23:00+00:00,2025-09-23 09:42:00+00:00,3786.3650000000002,3781.9849999999997,3782.035,3795.025000000001,-0.5793153663265228,sl,4.330000000000382,8.660000000000764
2025-09-23 10:19:00+00:00,2025-09-23 10:29:00+00:00,3786.498,3782.5449999999996,3782.595,3794.3040000000005,-0.5227901272236211,sl,3.9030000000002474,7.806000000000495
2025-09-23 11:24:00+00:00,2025-09-23 12:11:00+00:00,3785.795,3779.4049999999997,3779.455,3798.4750000000004,-0.8451998076379192,sl,6.3400000000001455,12.680000000000291
2025-09-23 12:44:00+00:00,2025-09-23 13:50:00+00:00,3784.098,3777.185,3777.235,3797.8239999999996,-0.9147094225205855,sl,6.862999999999829,13.725999999999658
2025-09-23 15:10:00+00:00,2025-09-23 16:35:00+00:00,3775.605,3770.835,3770.885,3785.0449999999996,-0.6325154324474977,sl,4.7199999999998,9.4399999999996
2025-09-23 16:52:00+00:00,2025-09-23 18:56:00+00:00,3778.348,3764.7549999999997,3764.805,3805.434,-1.801047746444378,sl,13.54300000000012,27.08600000000024
2025-09-23 19:42:00+00:00,2025-09-24 02:33:00+00:00,3765.369,3751.7549999999997,3751.805,3792.4970000000008,-1.8097223104295495,sl,13.564000000000306,27.12800000000061
2025-09-24 02:41:00+00:00,2025-09-24 03:06:00+00:00,3755.2050000000004,3752.6679999999997,3752.718,3760.1790000000015,-0.33809755895886096,sl,2.487000000000535,4.97400000000107
2025-09-24 03:19:00+00:00,2025-09-24 05:36:00+00:00,3759.375,3774.0789999999997,3751.998,3774.129,1.9573135061309956,tp,7.376999999999953,14.753999999999905
2025-09-24 06:49:00+00:00,2025-09-24 08:42:00+00:00,3773.715,3768.895,3768.945,3783.255,-0.6392980978496251,sl,4.769999999999982,9.539999999999964
2025-09-24 09:02:00+00:00,2025-09-24 09:27:00+00:00,3770.905,3766.805,3766.855,3779.0050000000006,-0.5441717614134655,sl,4.050000000000182,8.100000000000364
2025-09-24 09:52:00+00:00,2025-09-24 10:19:00+00:00,3768.735,3762.875,3762.925,3780.355,-0.7781729685038637,sl,5.809999999999945,11.61999999999989
2025-09-24 11:16:00+00:00,2025-09-24 13:21:00+00:00,3763.855,3772.565,3759.475,3772.6150000000002,1.158045520110363,tp,4.380000000000109,8.760000000000218
2025-09-24 17:13:00+00:00,2025-09-24 17:26:00+00:00,3738.4950000000003,3734.0249999999996,3734.075,3747.3350000000014,-0.5984134228410063,sl,4.4200000000005275,8.840000000001055
2025-09-24 17:52:00+00:00,2025-09-24 17:58:00+00:00,3734.6150000000002,3732.845,3732.895,3738.0550000000007,-0.23718765002770892,sl,1.7200000000002547,3.4400000000005093
2025-09-24 18:39:00+00:00,2025-09-24 18:49:00+00:00,3730.945,3726.415,3726.465,3739.905,-0.607622303167818,sl,4.480000000000018,8.960000000000036
2025-09-24 19:54:00+00:00,2025-09-25 08:14:00+00:00,3731.195,3758.8390000000004,3717.348,3758.8890000000006,3.7074979776736225,tp,13.847000000000207,27.694000000000415
2025-09-25 08:52:00+00:00,2025-09-25 09:29:00+00:00,3755.335,3751.2149999999997,3751.265,3763.4750000000004,-0.5492086497316497,sl,4.070000000000164,8.140000000000327
2025-09-25 09:46:00+00:00,2025-09-25 11:03:00+00:00,3757.165,3750.1549999999997,3750.205,3771.085,-0.9339481439781444,sl,6.960000000000036,13.920000000000073
2025-09-25 11:48:00+00:00,2025-09-25 12:30:00+00:00,3752.395,3748.595,3748.645,3759.895,-0.5068734516114685,sl,3.75,7.5
2025-09-25 13:20:00+00:00,2025-09-25 13:38:00+00:00,3741.915,3733.665,3733.715,3758.3149999999996,-1.103475097285585,sl,8.199999999999818,16.399999999999636
2025-09-25 14:24:00+00:00,2025-09-25 14:39:00+00:00,3735.065,3725.6549999999997,3725.705,3753.7850000000003,-1.2607996720696926,sl,9.360000000000127,18.720000000000255
2025-09-25 15:14:00+00:00,2025-09-25 18:40:00+00:00,3734.405,3756.069000000001,3723.548,3756.119000000001,2.902800225866687,tp,10.857000000000426,21.71400000000085
2025-09-25 18:55:00+00:00,2025-09-25 19:00:00+00:00,3757.525,3752.865,3752.915,3766.7450000000003,-0.6207402516933294,sl,4.610000000000127,9.220000000000255
2025-09-25 20:16:00+00:00,2025-09-25 22:01:00+00:00,3750.135,3747.6749999999997,3747.725,3754.955000000001,-0.32831229286867186,sl,2.4100000000003092,4.8200000000006185
2025-09-25 22:27:00+00:00,2025-09-25 22:31:00+00:00,3748.775,3750.3790000000004,3747.948,3750.4290000000005,0.21414092950147037,tp,0.8270000000002256,1.654000000000451
2025-09-25 22:52:00+00:00,2025-09-25 23:07:00+00:00,3750.8650000000002,3747.9449999999997,3747.995,3756.605000000001,-0.38962373349467394,sl,2.8700000000003456,5.740000000000691
2025-09-25 23:47:00+00:00,2025-09-26 01:06:00+00:00,3743.795,3752.3450000000003,3739.495,3752.3950000000004,1.1429602728393542,tp,4.300000000000182,8.600000000000364
2025-09-26 01:45:00+00:00,2025-09-26 01:50:00+00:00,3743.165,3738.345,3738.395,3752.705,-0.6445175332391432,sl,4.769999999999982,9.539999999999964
2025-09-26 02:29:00+00:00,2025-09-26 02:43:00+00:00,3740.625,3737.535,3737.585,3746.705,-0.41344049715809306,sl,3.0399999999999636,6.079999999999927
2025-09-26 03:25:00+00:00,2025-09-26 04:58:00+00:00,3738.675,3747.425,3734.275,3747.4750000000004,1.1713079954402705,tp,4.400000000000091,8.800000000000182
2025-09-26 05:39:00+00:00,2025-09-26 05:51:00+00:00,3748.645,3744.895,3744.945,3756.0449999999996,-0.5007126232584223,sl,3.699999999999818,7.399999999999636
2025-09-26 06:14:00+00:00,2025-09-26 07:04:00+00:00,3750.195,3741.055,3741.105,3768.3750000000005,-1.2198381428378815,sl,9.090000000000146,18.18000000000029
2025-09-26 07:19:00+00:00,2025-09-26 12:36:00+00:00,3745.0350000000003,3757.025000000001,3739.015,3757.075000000001,1.602212957153062,tp,6.020000000000437,12.040000000000873
2025-09-26 13:06:00+00:00,2025-09-26 13:15:00+00:00,3755.5150000000003,3764.745000000001,3750.875,3764.795000000001,1.2301516489133268,tp,4.640000000000327,9.280000000000655
2025-09-26 13:48:00+00:00,2025-09-26 14:17:00+00:00,3761.0550000000003,3776.9590000000007,3753.078,3777.009000000001,2.1167837898695785,tp,7.9770000000003165,15.954000000000633
2025-09-26 15:27:00+00:00,2025-09-26 16:21:00+00:00,3777.175,3772.745,3772.795,3785.9350000000004,-0.5872300228016526,sl,4.380000000000109,8.760000000000218
2025-09-26 16:45:00+00:00,2025-09-26 19:30:00+00:00,3777.4350000000004,3771.145,3771.195,3789.915000000001,-0.8336808171243517,sl,6.2400000000002365,12.480000000000473
2025-09-28 22:03:00+00:00,2025-09-29 00:25:00+00:00,3765.875,3775.245,3761.165,3775.295,1.245614610628859,tp,4.710000000000036,9.420000000000073
2025-09-29 00:27:00+00:00,2025-09-29 02:21:00+00:00,3774.9550000000004,3797.485000000001,3763.665,3797.535000000001,2.9882260118831523,tp,11.290000000000418,22.580000000000837
2025-09-29 03:05:00+00:00,2025-09-29 06:00:00+00:00,3796.6850000000004,3814.495000000001,3787.755,3814.545000000001,2.3493783500823535,tp,8.930000000000291,17.860000000000582
2025-09-29 06:13:00+00:00,2025-09-29 07:34:00+00:00,3815.565,3810.615,3810.665,3825.3650000000002,-0.6498929148651871,sl,4.900000000000091,9.800000000000182
2025-09-29 08:07:00+00:00,2025-09-29 11:42:00+00:00,3812.3250000000003,3827.5490000000004,3804.688,3827.5990000000006,2.000350716698014,tp,7.637000000000171,15.274000000000342
2025-09-29 11:58:00+00:00,2025-09-29 12:04:00+00:00,3831.2250000000004,3823.915,3823.965,3845.745000000001,-0.9559467764967163,sl,7.260000000000218,14.520000000000437
2025-09-29 13:15:00+00:00,2025-09-29 15:48:00+00:00,3816.9750000000004,3832.705000000001,3809.085,3832.755000000001,2.064533657438971,tp,7.890000000000327,15.780000000000655
2025-09-29 17:42:00+00:00,2025-09-29 18:09:00+00:00,3827.9350000000004,3823.825,3823.875,3836.055000000001,-0.537996321281935,sl,4.0600000000004,8.1200000000008
2025-09-29 18:22:00+00:00,2025-09-29 19:06:00+00:00,3830.4350000000004,3823.055,3823.105,3845.095000000001,-0.9653548618915369,sl,7.330000000000382,14.660000000000764
2025-09-29 19:17:00+00:00,2025-09-30 01:00:00+00:00,3828.7850000000003,3841.5550000000007,3822.375,3841.605000000001,1.6709628775448482,tp,6.410000000000309,12.820000000000618
2025-09-30 01:25:00+00:00,2025-09-30 03:36:00+00:00,3847.2450000000003,3860.015000000001,3840.835,3860.065000000001,1.6632225166054837,tp,6.410000000000309,12.820000000000618
2025-09-30 03:54:00+00:00,2025-09-30 07:48:00+00:00,3867.0150000000003,3845.6549999999997,3845.705,3909.635000000001,-2.768259282865403,sl,21.3100000000004,42.6200000000008
2025-09-30 10:05:00+00:00,2025-09-30 13:44:00+00:00,3803.255,3823.965,3792.875,3824.0150000000003,2.728261951493538,tp,10.38000000000011,20.76000000000022
2025-09-30 14:06:00+00:00,2025-09-30 19:39:00+00:00,3831.635,3854.9450000000006,3819.955,3854.995000000001,3.048862102883889,tp,11.680000000000291,23.360000000000582
2025-09-30 19:50:00+00:00,2025-10-01 02:04:00+00:00,3854.898,3870.754,3846.945,3870.804,2.062018080621513,tp,7.9529999999999745,15.905999999999949
2025-10-01 03:21:00+00:00,2025-10-01 03:35:00+00:00,3863.7650000000003,3858.6279999999997,3858.678,3873.939000000001,-0.6666530842487195,sl,5.087000000000444,10.174000000000888
2025-10-01 04:22:00+00:00,2025-10-01 04:35:00+00:00,3861.885,3858.075,3858.125,3869.4050000000007,-0.49464975492755514,sl,3.7600000000002183,7.520000000000437
2025-10-01 04:53:00+00:00,2025-10-01 06:18:00+00:00,3863.235,3857.245,3857.295,3875.1150000000002,-0.7773675926550897,sl,5.940000000000055,11.88000000000011
2025-10-01 06:42:00+00:00,2025-10-01 08:03:00+00:00,3862.885,3882.495000000001,3853.055,3882.545000000001,2.544971248931901,tp,9.830000000000382,19.660000000000764
2025-10-01 08:12:00+00:00,2025-10-01 12:55:00+00:00,3887.485,3868.0049999999997,3868.055,3926.3450000000007,-2.5127397686584194,sl,19.43000000000029,38.86000000000058
2025-10-01 13:10:00+00:00,2025-10-01 13:15:00+00:00,3872.4750000000004,3864.325,3864.375,3888.675000000001,-1.0550849981677122,sl,8.100000000000364,16.200000000000728
2025-10-01 13:31:00+00:00,2025-10-01 14:47:00+00:00,3873.3650000000002,3865.285,3865.335,3889.4250000000006,-1.045672521619681,sl,8.0300000000002,16.0600000000004
2025-10-01 15:43:00+00:00,2025-10-01 18:00:00+00:00,3865.098,3859.4979999999996,3859.548,3876.1980000000003,-0.7261978782517228,sl,5.550000000000182,11.100000000000364
2025-10-01 18:32:00+00:00,2025-10-02 01:00:00+00:00,3865.385,3854.835,3854.885,3886.385,-1.3679042487532307,sl,10.5,21.0
2025-10-02 01:22:00+00:00,2025-10-02 09:48:00+00:00,3861.578,3879.4139999999993,3852.635,3879.4639999999995,2.314564974238931,tp,8.942999999999756,17.885999999999513
2025-10-02 09:53:00+00:00,2025-10-02 10:14:00+00:00,3878.538,3875.995,3876.045,3883.524,-0.32863613870681996,sl,2.492999999999938,4.985999999999876
2025-10-02 10:21:00+00:00,2025-10-02 12:06:00+00:00,3880.2050000000004,3889.515000000001,3875.525,3889.565000000001,1.2025905371483891,tp,4.680000000000291,9.360000000000582
2025-10-02 13:04:00+00:00,2025-10-02 13:48:00+00:00,3889.8250000000003,3880.395,3880.445,3908.5850000000005,-1.2152244531083574,sl,9.38000000000011,18.76000000000022
2025-10-02 14:59:00+00:00,2025-10-02 15:37:00+00:00,3838.695,3825.085,3825.135,3865.815,-1.777038115283776,sl,13.559999999999945,27.11999999999989
2025-10-02 16:11:00+00:00,2025-10-02 19:04:00+00:00,3836.5550000000003,3855.6450000000004,3826.985,3855.6950000000006,2.493502045457525,tp,9.570000000000164,19.140000000000327
2025-10-02 19:22:00+00:00,2025-10-02 19:57:00+00:00,3858.875,3853.805,3853.855,3868.915,-0.6585678304713379,sl,5.019999999999982,10.039999999999964
2025-10-02 20:07:00+00:00,2025-10-02 22:15:00+00:00,3857.1980000000003,3852.578,3852.628,3866.3380000000006,-0.6003365370854681,sl,4.570000000000164,9.140000000000327
2025-10-02 23:27:00+00:00,2025-10-02 23:38:00+00:00,3858.3450000000003,3861.675,3856.655,3861.7250000000004,0.4325555598808573,tp,1.6900000000000546,3.380000000000109
2025-10-02 23:47:00+00:00,2025-10-03 00:06:00+00:00,3862.665,3857.9049999999997,3857.955,3872.085,-0.6176427847337189,sl,4.710000000000036,9.420000000000073
2025-10-03 01:05:00+00:00,2025-10-03 01:06:00+00:00,3859.045,3856.1749999999997,3856.225,3864.6850000000004,-0.3727286341437345,sl,2.8200000000001637,5.640000000000327
2025-10-03 01:40:00+00:00,2025-10-03 03:11:00+00:00,3853.9550000000004,3847.125,3847.175,3867.515000000001,-0.8881547004328776,sl,6.7800000000002,13.5600000000004
2025-10-03 04:02:00+00:00,2025-10-03 05:20:00+00:00,3844.295,3854.865,3838.985,3854.915,1.3778259188172566,tp,5.309999999999945,10.61999999999989
2025-10-03 05:32:00+00:00,2025-10-03 06:03:00+00:00,3857.295,3851.4449999999997,3851.495,3868.8950000000004,-0.760096587181887,sl,5.800000000000182,11.600000000000364
2025-10-03 06:17:00+00:00,2025-10-03 13:13:00+00:00,3859.485,3876.9550000000004,3850.725,3877.0050000000006,2.2684352350505734,tp,8.760000000000218,17.520000000000437
2025-10-03 13:42:00+00:00,2025-10-03 14:09:00+00:00,3886.355,3872.5649999999996,3872.615,3913.8350000000005,-1.778618949593589,sl,13.740000000000236,27.480000000000473
2025-10-03 14:50:00+00:00,2025-10-05 22:59:00+00:00,3880.2850000000003,3896.5550000000007,3872.125,3896.605000000001,2.1013964208430425,tp,8.16000000000031,16.32000000000062
2025-10-06 01:13:00+00:00,2025-10-06 02:02:00+00:00,3907.775,3924.3250000000003,3899.475,3924.3750000000005,2.1229684900780073,tp,8.300000000000182,16.600000000000364
2025-10-06 02:45:00+00:00,2025-10-06 03:51:00+00:00,3922.9350000000004,3931.719000000001,3918.518,3931.769000000001,1.1226600550399926,tp,4.417000000000371,8.834000000000742
2025-10-06 04:06:00+00:00,2025-10-06 04:45:00+00:00,3931.9550000000004,3940.025000000001,3927.895,3940.075000000001,1.0291547221326687,tp,4.0600000000004,8.1200000000008
2025-10-06 05:07:00+00:00,2025-10-06 05:19:00+00:00,3942.235,3934.798,3934.848,3957.0090000000005,-0.9460530988656939,sl,7.387000000000171,14.774000000000342
2025-10-06 06:26:00+00:00,2025-10-06 07:05:00+00:00,3927.875,3935.8450000000003,3923.865,3935.8950000000004,1.0174660732413954,tp,4.010000000000218,8.020000000000437
2025-10-06 07:08:00+00:00,2025-10-06 07:21:00+00:00,3935.335,3930.515,3930.565,3944.875,-0.6142266602225104,sl,4.769999999999982,9.539999999999964
2025-10-06 07:48:00+00:00,2025-10-06 08:05:00+00:00,3936.5750000000003,3946.945000000001,3931.365,3946.9950000000013,1.3209821890620623,tp,5.210000000000491,10.420000000000982
2025-10-06 09:58:00+00:00,2025-10-06 10:08:00+00:00,3941.905,3936.285,3936.335,3953.0450000000005,-0.7150297247479879,sl,5.570000000000164,11.140000000000327
2025-10-06 10:36:00+00:00,2025-10-06 11:09:00+00:00,3942.1150000000002,3938.165,3938.215,3949.9150000000004,-0.5024938845074656,sl,3.900000000000091,7.800000000000182
2025-10-06 11:56:00+00:00,2025-10-06 12:02:00+00:00,3937.915,3934.055,3934.105,3945.535,-0.49154375494658764,sl,3.8099999999999454,7.619999999999891
2025-10-06 12:12:00+00:00,2025-10-06 12:20:00+00:00,3939.4350000000004,3933.325,3933.375,3951.555000000001,-0.7777270445389803,sl,6.0600000000004,12.1200000000008
2025-10-06 12:49:00+00:00,2025-10-06 13:45:00+00:00,3933.098,3946.3539999999994,3926.445,3946.4039999999995,1.6899115620033114,tp,6.652999999999793,13.305999999999585
2025-10-06 14:03:00+00:00,2025-10-06 14:06:00+00:00,3947.5950000000003,3940.435,3940.485,3961.8150000000005,-0.9095778214266294,sl,7.110000000000127,14.220000000000255
2025-10-06 14:34:00+00:00,2025-10-06 22:25:00+00:00,3954.0750000000003,3973.3450000000007,3944.415,3973.395000000001,2.4437504517589157,tp,9.66000000000031,19.32000000000062
2025-10-06 23:16:00+00:00,2025-10-07 00:21:00+00:00,3965.9350000000004,3975.259000000001,3961.248,3975.309000000001,1.1791865818890033,tp,4.687000000000353,9.374000000000706
2025-10-07 02:12:00+00:00,2025-10-07 02:35:00+00:00,3960.155,3966.065,3957.175,3966.1150000000002,0.7486040994008977,tp,2.980000000000018,5.960000000000036
2025-10-07 03:14:00+00:00,2025-10-07 03:26:00+00:00,3967.085,3962.595,3962.645,3975.965,-0.5677853005246786,sl,4.440000000000055,8.88000000000011
2025-10-07 03:40:00+00:00,2025-10-07 05:12:00+00:00,3970.2650000000003,3960.585,3960.635,3989.5250000000005,-1.2230398114723096,sl,9.63000000000011,19.26000000000022
2025-10-07 07:31:00+00:00,2025-10-07 07:58:00+00:00,3952.1780000000003,3943.6349999999998,3943.685,3969.164000000001,-1.084190744887907,sl,8.493000000000393,16.986000000000786
2025-10-07 08:16:00+00:00,2025-10-07 11:39:00+00:00,3948.385,3963.7350000000006,3940.685,3963.7850000000008,1.9497266643896791,tp,7.700000000000273,15.400000000000546
2025-10-07 11:57:00+00:00,2025-10-07 12:52:00+00:00,3967.215,3976.5250000000005,3962.535,3976.5750000000007,1.177153774926259,tp,4.680000000000291,9.360000000000582
2025-10-07 14:20:00+00:00,2025-10-07 15:19:00+00:00,3976.485,3990.235,3969.585,3990.2850000000003,1.7346967360929577,tp,6.900000000000091,13.800000000000182
2025-10-07 16:04:00+00:00,2025-10-07 22:11:00+00:00,3970.605,3988.655,3961.555,3988.7050000000004,2.2809502456824813,tp,9.050000000000182,18.100000000000364
2025-10-07 23:01:00+00:00,2025-10-08 00:19:00+00:00,3990.5480000000002,3997.698000000001,3986.948,3997.748000000001,0.8992231844147753,tp,3.600000000000364,7.200000000000728
2025-10-08 00:24:00+00:00,2025-10-08 00:30:00+00:00,3998.0750000000003,3995.6589999999997,3995.709,4002.807000000001,-0.30330452620604664,sl,2.36600000000044,4.73200000000088
2025-10-08 00:51:00+00:00,2025-10-08 01:00:00+00:00,3997.295,3989.115,3989.165,4013.5550000000003,-1.0270861651348593,sl,8.13000000000011,16.26000000000022
2025-10-08 01:25:00+00:00,2025-10-08 01:59:00+00:00,3989.445,4000.195,3984.045,4000.2450000000003,1.352294616743784,tp,5.400000000000091,10.800000000000182
2025-10-08 02:11:00+00:00,2025-10-08 03:06:00+00:00,4001.4350000000004,4013.465000000001,3995.395,4013.5150000000012,1.5089807746237536,tp,6.040000000000418,12.080000000000837
2025-10-08 03:33:00+00:00,2025-10-08 04:12:00+00:00,4012.7450000000003,4020.789000000001,4008.698,4020.8390000000013,1.0063049851965993,tp,4.04700000000048,8.09400000000096
2025-10-08 04:48:00+00:00,2025-10-08 05:17:00+00:00,4021.5150000000003,4030.8990000000013,4016.798,4030.9490000000014,1.1714963993995533,tp,4.717000000000553,9.434000000001106
2025-10-08 05:33:00+00:00,2025-10-08 05:45:00+00:00,4034.835,4029.355,4029.405,4045.6949999999997,-0.6819430352388985,sl,5.429999999999836,10.859999999999673
2025-10-08 06:10:00+00:00,2025-10-08 06:15:00+00:00,4032.0550000000003,4026.365,4026.415,4043.335000000001,-0.7085159716096733,sl,5.640000000000327,11.280000000000655
2025-10-08 06:50:00+00:00,2025-10-08 08:20:00+00:00,4032.2650000000003,4039.755000000001,4028.495,4039.805000000001,0.9325367004633192,tp,3.7700000000004366,7.540000000000873
2025-10-08 08:24:00+00:00,2025-10-08 09:00:00+00:00,4039.828,4034.7949999999996,4034.845,4049.7940000000003,-0.6255147717952371,sl,4.983000000000175,9.96600000000035
2025-10-08 09:40:00+00:00,2025-10-08 13:36:00+00:00,4038.3250000000003,4030.475,4030.525,4053.9250000000006,-0.9759214193202249,sl,7.800000000000182,15.600000000000364
2025-10-08 13:53:00+00:00,2025-10-08 16:12:00+00:00,4036.885,4055.6550000000007,4027.475,4055.705000000001,2.3341144265185068,tp,9.41000000000031,18.82000000000062
2025-10-08 16:31:00+00:00,2025-10-08 17:20:00+00:00,4056.6850000000004,4051.778,4051.828,4066.3990000000013,-0.6073652959890782,sl,4.857000000000426,9.714000000000851
2025-10-08 19:01:00+00:00,2025-10-08 19:06:00+00:00,4051.335,4048.098,4048.148,4057.709,-0.40116540855561733,sl,3.186999999999898,6.373999999999796
2025-10-08 19:22:00+00:00,2025-10-08 19:40:00+00:00,4043.0750000000003,4035.5249999999996,4035.575,4058.075000000001,-0.9375549650460733,sl,7.500000000000455,15.00000000000091
2025-10-09 00:07:00+00:00,2025-10-09 01:04:00+00:00,4015.195,4008.1479999999997,4008.198,4029.1890000000008,-0.8810867332111316,sl,6.997000000000298,13.994000000000597
2025-10-09 01:19:00+00:00,2025-10-09 02:17:00+00:00,4025.7980000000002,4007.6949999999997,4007.745,4061.904000000001,-2.2572595088025382,sl,18.05300000000034,36.10600000000068
2025-10-09 02:39:00+00:00,2025-10-09 11:00:00+00:00,4016.985,4046.1150000000002,4002.395,4046.1650000000004,3.6393643580588475,tp,14.590000000000146,29.18000000000029
2025-10-09 12:38:00+00:00,2025-10-09 12:54:00+00:00,4042.835,4049.245,4039.605,4049.295,0.7960030207767546,tp,3.230000000000018,6.460000000000036
2025-10-09 14:49:00+00:00,2025-10-09 16:34:00+00:00,4019.0550000000003,4003.7149999999997,4003.765,4049.635000000001,-1.9163663710553893,sl,15.290000000000418,30.580000000000837
2025-10-09 18:14:00+00:00,2025-10-10 09:43:00+00:00,3963.7450000000003,4001.615000000001,3944.785,4001.6650000000013,4.796051521508165,tp,18.96000000000049,37.92000000000098
2025-10-10 10:27:00+00:00,2025-10-10 11:45:00+00:00,3996.195,3990.4979999999996,3990.548,4007.489000000001,-0.7159805165368521,sl,5.647000000000389,11.294000000000779
2025-10-10 12:18:00+00:00,2025-10-10 12:35:00+00:00,3990.9350000000004,3984.785,3984.835,4003.135000000001,-0.7738756119728301,sl,6.100000000000364,12.200000000000728
2025-10-10 13:17:00+00:00,2025-10-10 13:56:00+00:00,3988.885,3979.1949999999997,3979.245,4008.165000000001,-1.2198586132018148,sl,9.640000000000327,19.280000000000655
2025-10-10 14:19:00+00:00,2025-10-10 15:06:00+00:00,3982.795,4007.365,3970.485,4007.415,3.0974313184181974,tp,12.309999999999945,24.61999999999989
2025-10-10 15:17:00+00:00,2025-10-10 16:06:00+00:00,4012.505,3983.5049999999997,3983.555,4070.4050000000007,-3.629951575975738,sl,28.950000000000273,57.900000000000546
2025-10-10 17:16:00+00:00,2025-10-10 18:14:00+00:00,3982.155,3996.725000000001,3974.845,3996.775000000001,1.8369732923474567,tp,7.3100000000004,14.6200000000008
2025-10-10 19:11:00+00:00,2025-10-12 22:01:00+00:00,4002.835,4023.1849999999995,3992.635,4023.2349999999997,2.552922428792559,tp,10.199999999999818,20.399999999999636
2025-10-12 22:23:00+00:00,2025-10-13 13:25:00+00:00,4031.105,4092.195,4000.535,4092.2450000000003,7.6119738870152664,tp,30.570000000000164,61.14000000000033
2025-10-13 13:54:00+00:00,2025-10-13 16:12:00+00:00,4093.315,4115.224999999999,4082.335,4115.275,2.6905894831593056,tp,10.980000000000018,21.95999999999958
2025-10-13 16:49:00+00:00,2025-10-13 19:05:00+00:00,4112.265,4097.335,4097.385,4142.025000000001,-1.8254719303316176,sl,14.88000000000011,29.76000000000022
2025-10-13 19:22:00+00:00,2025-10-13 23:36:00+00:00,4103.545,4129.455,4090.565,4129.505,3.174138063127371,tp,12.980000000000018,25.960000000000036
2025-10-14 00:29:00+00:00,2025-10-14 01:12:00+00:00,4125.448,4138.164000000002,4119.065,4138.214000000002,1.550008531217466,tp,6.38300000000072,12.76600000000144
2025-10-14 02:14:00+00:00,2025-10-14 04:14:00+00:00,4143.348,4166.398,4131.798,4166.448,2.7979576192314726,tp,11.550000000000182,23.100000000000364
2025-10-14 04:48:00+00:00,2025-10-14 05:38:00+00:00,4167.2480000000005,4155.455,4155.505,4190.734000000001,-1.4236962800638844,sl,11.743000000000393,23.486000000000786
2025-10-14 07:16:00+00:00,2025-10-14 08:27:00+00:00,4115.645,4142.2350000000015,4102.325,4142.285000000002,3.249835462338551,tp,13.320000000000618,26.640000000001237
2025-10-14 08:56:00+00:00,2025-10-14 09:47:00+00:00,4143.295,4129.885,4129.935,4170.014999999999,-1.628561392884855,sl,13.359999999999673,26.719999999999345
2025-10-14 10:33:00+00:00,2025-10-14 12:23:00+00:00,4141.785,4124.405,4124.455,4176.445,-2.1111211064497986,sl,17.329999999999927,34.659999999999854
2025-10-14 13:14:00+00:00,2025-10-14 14:10:00+00:00,4109.0650000000005,4131.949000000001,4097.598,4131.999000000002,2.801229712248249,tp,11.467000000000553,22.934000000001106
2025-10-14 15:13:00+00:00,2025-10-14 23:36:00+00:00,4138.695000000001,4163.925000000001,4126.055,4163.975000000001,3.067146641469628,tp,12.640000000000327,25.280000000000655
2025-10-14 23:53:00+00:00,2025-10-15 00:00:00+00:00,4166.695000000001,4158.628,4158.678,4182.729000000002,-0.9743913346113577,sl,8.017000000000735,16.03400000000147
2025-10-15 00:12:00+00:00,2025-10-15 00:28:00+00:00,4167.4980000000005,4157.755,4157.805,4186.884000000001,-1.1764902351341595,sl,9.693000000000211,19.386000000000422
2025-10-15 01:04:00+00:00,2025-10-15 06:43:00+00:00,4170.465,4193.474999999999,4158.935,4193.525,2.7762105065790696,tp,11.529999999999745,23.05999999999949
2025-10-15 07:10:00+00:00,2025-10-15 08:08:00+00:00,4200.3550000000005,4212.725,4194.145,4212.775000000001,1.4822578185238788,tp,6.210000000000036,12.420000000000073
2025-10-15 08:18:00+00:00,2025-10-15 09:12:00+00:00,4216.835,4204.035,4204.085,4242.335,-1.5280140723700648,sl,12.75,25.5
2025-10-15 10:09:00+00:00,2025-10-15 10:43:00+00:00,4196.395,4190.955,4191.005,4207.175000000001,-0.6524700961275444,sl,5.390000000000327,10.780000000000655
2025-10-15 11:28:00+00:00,2025-10-15 11:32:00+00:00,4202.955,4198.925,4198.975,4210.914999999999,-0.4825698986506772,sl,3.9799999999995634,7.959999999999127
2025-10-15 11:41:00+00:00,2025-10-15 11:44:00+00:00,4203.475,4197.465,4197.515,4215.395,-0.7195402685096358,sl,5.960000000000036,11.920000000000073
2025-10-15 12:58:00+00:00,2025-10-15 14:12:00+00:00,4190.755,4210.225,4180.995,4210.275000000001,2.3379312297004304,tp,9.760000000000218,19.520000000000437
2025-10-15 15:28:00+00:00,2025-10-15 15:33:00+00:00,4201.765,4195.245,4195.295,4214.705000000001,-0.7810426732467256,sl,6.470000000000255,12.94000000000051
2025-10-15 16:19:00+00:00,2025-10-15 17:13:00+00:00,4195.625,4185.925,4185.975,4214.924999999999,-1.163590854701476,sl,9.649999999999636,19.299999999999272
2025-10-15 17:44:00+00:00,2025-10-15 19:53:00+00:00,4192.335,4212.264999999999,4182.345,4212.315,2.3923589590318075,tp,9.989999999999782,19.979999999999563
2025-10-15 20:38:00+00:00,2025-10-15 22:11:00+00:00,4209.245,4205.748,4205.798,4216.139,-0.4181861728076904,sl,3.4470000000001164,6.894000000000233
2025-10-15 22:39:00+00:00,2025-10-16 10:02:00+00:00,4213.795,4242.765,4199.285,4242.8150000000005,3.4604716231922845,tp,14.510000000000218,29.020000000000437
2025-10-16 10:45:00+00:00,2025-10-16 12:36:00+00:00,4239.098,4249.553999999999,4233.845,4249.603999999999,1.2419427662108127,tp,5.252999999999702,10.505999999999403
2025-10-16 13:02:00+00:00,2025-10-16 16:06:00+00:00,4243.805,4276.995,4227.185,4277.045,3.938354941997729,tp,16.61999999999989,33.23999999999978
2025-10-16 17:14:00+00:00,2025-10-16 20:48:00+00:00,4288.939,4323.497,4271.635,4323.5470000000005,4.059116781687005,tp,17.304000000000087,34.608000000000175
2025-10-16 22:01:00+00:00,2025-10-17 01:40:00+00:00,4335.755,4311.485,4311.535,4384.195000000001,-2.8210630243040953,sl,24.220000000000255,48.44000000000051
2025-10-17 02:31:00+00:00,2025-10-17 04:02:00+00:00,4339.835,4373.764999999999,4322.845,4373.815,3.9390983053939195,tp,16.98999999999978,33.97999999999956
2025-10-17 04:48:00+00:00,2025-10-17 05:31:00+00:00,4365.545,4355.635,4355.685,4385.264999999999,-1.1441714354591184,sl,9.859999999999673,19.719999999999345
2025-10-17 05:51:00+00:00,2025-10-17 07:19:00+00:00,4363.805,4341.575,4341.625,4408.165000000001,-2.5673243914496644,sl,22.18000000000029,44.36000000000058
2025-10-17 08:19:00+00:00,2025-10-17 10:39:00+00:00,4347.198,4320.695,4320.745,4400.104000000001,-3.07171983674504,sl,26.45300000000043,52.90600000000086
2025-10-17 12:45:00+00:00,2025-10-17 13:34:00+00:00,4314.275000000001,4290.905,4290.955,4360.915000000002,-2.7284403874685594,sl,23.32000000000062,46.64000000000124
2025-10-17 14:31:00+00:00,2025-10-17 16:29:00+00:00,4242.645,4216.415,4216.465,4295.005000000001,-3.1132036834800707,sl,26.18000000000029,52.36000000000058
2025-10-17 17:15:00+00:00,2025-10-17 20:46:00+00:00,4206.455,4248.464999999999,4185.425,4248.514999999999,5.027453959443286,tp,21.029999999999745,42.05999999999949
2025-10-17 20:57:00+00:00,2025-10-19 22:00:00+00:00,4252.048,4243.165,4243.215,4269.713999999999,-1.0521798559590374,sl,8.832999999999629,17.665999999999258
2025-10-19 22:02:00+00:00,2025-10-19 23:13:00+00:00,4253.875,4243.165,4243.215,4275.195,-1.2679083422319115,sl,10.659999999999854,21.31999999999971
2025-10-20 00:38:00+00:00,2025-10-20 12:18:00+00:00,4240.305,4283.8550000000005,4218.505,4283.905000000001,5.171535391649211,tp,21.800000000000182,43.600000000000364
2025-10-20 12:34:00+00:00,2025-10-20 19:50:00+00:00,4305.8150000000005,4372.685000000002,4272.355,4372.735000000002,7.823973272642942,tp,33.460000000000946,66.92000000000189
2025-10-20 22:02:00+00:00,2025-10-21 01:24:00+00:00,4364.0650000000005,4353.3949999999995,4353.445,4385.305000000002,-1.232712252245336,sl,10.6200000000008,21.2400000000016
2025-10-21 02:00:00+00:00,2025-10-21 02:35:00+00:00,4350.8150000000005,4338.795,4338.845,4374.755000000001,-1.3927374673325663,sl,11.970000000000255,23.94000000000051
2025-10-21 03:04:00+00:00,2025-10-21 05:07:00+00:00,4342.305,4335.105,4335.155,4356.605000000001,-0.8357715527218766,sl,7.150000000000546,14.300000000001091
2025-10-21 06:13:00+00:00,2025-10-21 07:33:00+00:00,4329.415,4316.8949999999995,4316.945,4354.3550000000005,-1.4575199829192993,sl,12.470000000000255,24.94000000000051
2025-10-21 08:41:00+00:00,2025-10-21 09:05:00+00:00,4272.375,4262.907999999999,4262.958,4291.209000000001,-1.1166565512548254,sl,9.417000000000371,18.834000000000742
2025-10-21 11:07:00+00:00,2025-10-21 11:52:00+00:00,4261.695000000001,4251.745,4251.795,4281.495000000002,-1.1764384286703127,sl,9.900000000000546,19.80000000000109
2025-10-21 13:38:00+00:00,2025-10-21 13:47:00+00:00,4221.235000000001,4190.974999999999,4191.025,4281.6550000000025,-3.611662654711799,sl,30.210000000000946,60.42000000000189
2025-10-21 15:12:00+00:00,2025-10-21 15:21:00+00:00,4149.395,4122.699,4122.749,4202.687000000002,-3.2402872302752996,sl,26.64600000000064,53.29200000000128
2025-10-21 15:43:00+00:00,2025-10-21 16:21:00+00:00,4135.625,4122.487999999999,4122.538,4161.799000000001,-1.5993275341284012,sl,13.087000000000444,26.174000000000888
2025-10-21 16:51:00+00:00,2025-10-21 17:27:00+00:00,4120.845,4100.255,4100.305,4161.925,-2.5152632769797916,sl,20.539999999999964,41.07999999999993
2025-10-21 18:03:00+00:00,2025-10-21 18:46:00+00:00,4122.165,4108.315,4108.365,4149.765,-1.6909441851911882,sl,13.800000000000182,27.600000000000364
2025-10-21 19:01:00+00:00,2025-10-21 19:14:00+00:00,4118.215,4106.125,4106.175,4142.295,-1.4772336447254533,sl,12.039999999999964,24.079999999999927
2025-10-21 19:33:00+00:00,2025-10-21 20:34:00+00:00,4109.055,4126.505,4100.305,4126.555,2.1365921534791963,tp,8.75,17.5
2025-10-21 22:02:00+00:00,2025-10-21 22:05:00+00:00,4131.995,4120.605,4120.655,4154.675,-1.387152776516841,sl,11.340000000000146,22.68000000000029
2025-10-21 22:35:00+00:00,2025-10-21 23:49:00+00:00,4126.925,4113.175,4113.225,4154.325,-1.6763960117696652,sl,13.699999999999818,27.399999999999636
2025-10-22 00:35:00+00:00,2025-10-22 03:42:00+00:00,4070.895,4139.884999999999,4036.375,4139.9349999999995,8.52558888550874,tp,34.51999999999998,69.03999999999951
2025-10-22 04:35:00+00:00,2025-10-22 04:47:00+00:00,4130.245,4124.709,4124.759,4141.217,-0.6748639915790715,sl,5.485999999999876,10.971999999999753
2025-10-22 05:05:00+00:00,2025-10-22 08:04:00+00:00,4132.825,4117.928,4117.978,4162.518999999999,-1.8147578528154182,sl,14.846999999999753,29.693999999999505
2025-10-22 09:09:00+00:00,2025-10-22 09:17:00+00:00,4099.885,4068.8979999999997,4068.948,4161.759000000001,-3.804490119609918,sl,30.937000000000353,61.874000000000706
2025-10-22 10:25:00+00:00,2025-10-22 10:38:00+00:00,4079.605,4062.5049999999997,4062.555,4113.705,-2.109125620399172,sl,17.050000000000182,34.09999999999991
2025-10-22 11:21:00+00:00,2025-10-22 11:29:00+00:00,4041.429,4021.709,4021.759,4080.7690000000002,-2.454739328998244,sl,19.670000000000073,39.340000000000146
2025-10-22 11:49:00+00:00,2025-10-22 13:04:00+00:00,4031.065,4063.6290000000004,4014.758,4063.6790000000005,4.062986689217069,tp,16.307000000000244,32.61400000000049
2025-10-22 13:08:00+00:00,2025-10-22 14:45:00+00:00,4057.815,4022.595,4022.645,4128.155000000001,-4.367168460040467,sl,35.17000000000007,70.3400000000006
2025-10-22 15:05:00+00:00,2025-10-22 16:33:00+00:00,4027.6980000000003,4061.4540000000006,4010.795,4061.504000000001,4.215105027145165,tp,16.903000000000247,33.806000000000495
2025-10-22 16:56:00+00:00,2025-10-22 19:26:00+00:00,4059.1150000000002,4102.505,4037.395,4102.555,5.378418204817875,tp,21.720000000000255,43.440000000000055
2025-10-22 20:16:00+00:00,2025-10-22 20:21:00+00:00,4105.648,4098.205,4098.255,4120.434,-0.9126297851879116,sl,7.393000000000029,14.786000000000058
2025-10-22 20:44:00+00:00,2025-10-22 23:11:00+00:00,4102.775000000001,4088.2549999999997,4088.305,4131.715000000002,-1.7814674020743966,sl,14.47000000000071,28.94000000000142
2025-10-23 00:03:00+00:00,2025-10-23 00:15:00+00:00,4093.348,4085.018,4085.068,4109.907999999999,-1.0241850698080968,sl,8.279999999999745,16.55999999999949
2025-10-23 00:54:00+00:00,2025-10-23 06:00:00+00:00,4084.835,4111.859,4071.298,4111.909000000001,3.3292240941032967,tp,13.537000000000262,27.074000000000524
2025-10-23 08:05:00+00:00,2025-10-23 13:18:00+00:00,4108.3550000000005,4137.919000000002,4093.548,4137.969000000002,3.6224865324026116,tp,14.807000000000698,29.614000000001397
2025-10-23 14:08:00+00:00,2025-10-23 14:15:00+00:00,4151.795,4140.175,4140.225,4174.9349999999995,-1.4094121419302894,sl,11.569999999999709,23.139999999999418
2025-10-23 14:48:00+00:00,2025-10-23 16:20:00+00:00,4148.898,4135.755,4135.805,4175.084,-1.5950296217380213,sl,13.092999999999847,26.185999999999694
2025-10-23 17:13:00+00:00,2025-10-23 17:25:00+00:00,4138.598,4125.95,4126.0,4163.794,-1.5385330226921479,sl,12.597999999999956,25.195999999999913
2025-10-23 17:55:00+00:00,2025-10-23 19:21:00+00:00,4136.655,4129.775,4129.825,4150.315,-0.8371648350458877,sl,6.829999999999927,13.659999999999854
2025-10-23 20:42:00+00:00,2025-10-23 23:32:00+00:00,4116.625,4107.195,4107.245,4135.385,-1.1529384152746947,sl,9.38000000000011,18.76000000000022
2025-10-23 23:44:00+00:00,2025-10-24 00:30:00+00:00,4114.765,4132.895,4105.675,4132.945000000001,2.2173729555033033,tp,9.090000000000146,18.18000000000029
2025-10-24 01:01:00+00:00,2025-10-24 01:37:00+00:00,4133.345,4126.455,4126.505,4147.025000000001,-0.8390719660772376,sl,6.8400000000001455,13.680000000000291
2025-10-24 03:13:00+00:00,2025-10-24 04:20:00+00:00,4116.835,4110.835,4110.885,4128.735,-0.7335559371357807,sl,5.949999999999818,11.899999999999636
2025-10-24 04:46:00+00:00,2025-10-24 05:59:00+00:00,4107.795,4102.498,4102.548,4118.289000000001,-0.6489855234264691,sl,5.247000000000298,10.494000000000597
2025-10-24 06:28:00+00:00,2025-10-24 07:51:00+00:00,4088.925,4080.9979999999996,4081.048,4104.679000000001,-0.9756308170077305,sl,7.8770000000004075,15.754000000000815
2025-10-24 08:48:00+00:00,2025-10-24 11:02:00+00:00,4065.505,4050.2949999999996,4050.345,4095.8250000000007,-1.8826015482960057,sl,15.16000000000031,30.32000000000062
2025-10-24 11:11:00+00:00,2025-10-24 13:06:00+00:00,4060.375,4093.839,4043.618,4093.889,4.146428262148631,tp,16.757000000000062,33.514000000000124
2025-10-24 14:07:00+00:00,2025-10-24 20:11:00+00:00,4113.325,4098.329,4098.379,4143.217,-1.8349480930888489,sl,14.945999999999913,29.891999999999825
2025-10-24 20:32:00+00:00,2025-10-24 20:51:00+00:00,4103.035,4113.284999999999,4097.885,4113.334999999999,1.2571319025916587,tp,5.149999999999636,10.299999999999272
2025-10-27 00:11:00+00:00,2025-10-27 01:26:00+00:00,4071.005,4097.275000000001,4057.845,4097.325000000001,3.247692364472575,tp,13.16000000000031,26.32000000000062
2025-10-27 02:38:00+00:00,2025-10-27 02:57:00+00:00,4074.9480000000003,4070.825,4070.875,4083.094000000001,-0.5093869474608942,sl,4.07300000000032,8.14600000000064
2025-10-27 03:23:00+00:00,2025-10-27 03:58:00+00:00,4076.9550000000004,4069.8849999999998,4069.935,4090.9950000000013,-0.8730076981011328,sl,7.020000000000437,14.040000000000873
2025-10-27 04:50:00+00:00,2025-10-27 05:24:00+00:00,4064.945,4079.155,4057.815,4079.2050000000004,1.759690638204257,tp,7.130000000000109,14.260000000000218
2025-10-27 08:16:00+00:00,2025-10-27 08:21:00+00:00,4068.9350000000004,4063.435,4063.485,4079.835000000001,-0.6805417275207255,sl,5.450000000000273,10.900000000000546
2025-10-27 09:37:00+00:00,2025-10-27 10:29:00+00:00,4048.915,4035.355,4035.405,4075.9349999999995,-1.6860268982533404,sl,13.509999999999764,27.019999999999527
2025-10-27 10:38:00+00:00,2025-10-27 11:10:00+00:00,4045.275,4028.605,4028.655,4078.515,-2.074236578325127,sl,16.61999999999989,33.23999999999978
2025-10-27 12:03:00+00:00,2025-10-27 13:32:00+00:00,4034.2050000000004,4021.415,4021.465,4059.685000000001,-1.595489050143757,sl,12.740000000000236,25.480000000000473
2025-10-27 16:01:00+00:00,2025-10-27 20:52:00+00:00,3991.665,3979.085,3979.135,4016.7249999999995,-1.5857654533187726,sl,12.529999999999745,25.05999999999949
2025-10-27 22:39:00+00:00,2025-10-27 23:01:00+00:00,3992.8880000000004,3987.685,3987.735,4003.194000000001,-0.6555572939478556,sl,5.153000000000247,10.306000000000495
2025-10-27 23:18:00+00:00,2025-10-27 23:31:00+00:00,3988.585,4000.755,3982.475,4000.8050000000003,1.5349258010193843,tp,6.110000000000127,12.220000000000255
2025-10-28 00:44:00+00:00,2025-10-28 04:24:00+00:00,3999.098,3972.395,3972.445,4052.4039999999995,-3.3595407996754636,sl,26.652999999999793,53.305999999999585
2025-10-28 05:16:00+00:00,2025-10-28 05:19:00+00:00,3978.7450000000003,3970.435,3970.485,3995.265000000001,-1.0504897272261722,sl,8.260000000000218,16.520000000000437
2025-10-28 07:14:00+00:00,2025-10-28 07:18:00+00:00,3947.445,3935.935,3935.985,3970.3650000000002,-1.4663943280177334,sl,11.460000000000036,22.920000000000073
2025-10-28 07:50:00+00:00,2025-10-28 08:05:00+00:00,3935.385,3925.085,3925.135,3955.885,-1.3160676510309086,sl,10.25,20.5
2025-10-28 09:19:00+00:00,2025-10-28 14:25:00+00:00,3905.6150000000002,3944.3970000000004,3886.199,3944.4470000000006,4.992431908974326,tp,19.416000000000167,38.832000000000335
2025-10-28 14:51:00+00:00,2025-10-28 22:07:00+00:00,3952.885,3939.3849999999998,3939.435,3979.7850000000008,-1.7179342436031548,sl,13.450000000000273,26.900000000000546
2025-10-28 23:05:00+00:00,2025-10-28 23:43:00+00:00,3942.098,3958.0339999999997,3934.105,3958.084,2.033127830600096,tp,7.992999999999938,15.985999999999876
2025-10-28 23:56:00+00:00,2025-10-29 02:35:00+00:00,3963.0150000000003,3947.015,3947.065,3994.915000000001,-2.0309293720235377,sl,15.950000000000273,31.900000000000546
2025-10-29 03:00:00+00:00,2025-10-29 04:27:00+00:00,3960.895,3951.0449999999996,3951.095,3980.4950000000003,-1.2507075641120449,sl,9.800000000000182,19.600000000000364
2025-10-29 05:05:00+00:00,2025-10-29 05:11:00+00:00,3962.635,3953.015,3953.065,3981.7750000000005,-1.2208150451031343,sl,9.570000000000164,19.140000000000327
2025-10-29 05:33:00+00:00,2025-10-29 06:46:00+00:00,3961.045,3981.4350000000004,3950.825,3981.4850000000006,2.588293977648772,tp,10.220000000000255,20.44000000000051
2025-10-29 07:10:00+00:00,2025-10-29 08:03:00+00:00,3985.235,4006.5850000000005,3974.535,4006.6350000000007,2.6943987039002764,tp,10.700000000000273,21.400000000000546
2025-10-29 08:27:00+00:00,2025-10-29 09:47:00+00:00,4010.5350000000003,4024.9250000000006,4003.315,4024.975000000001,1.805064465139542,tp,7.220000000000255,14.44000000000051
2025-10-29 10:18:00+00:00,2025-10-29 11:34:00+00:00,4025.7050000000004,4016.828,4016.878,4043.359000000001,-1.1095232644354336,sl,8.827000000000226,17.65400000000045
2025-10-29 12:11:00+00:00,2025-10-29 13:13:00+00:00,4020.145,4013.265,4013.315,4033.805,-0.8610155111419976,sl,6.829999999999927,13.659999999999854
2025-10-29 13:51:00+00:00,2025-10-29 15:27:00+00:00,4009.9950000000003,4002.035,4002.085,4025.815000000001,-0.998610958553579,sl,7.910000000000309,15.820000000000618
2025-10-29 16:09:00+00:00,2025-10-29 17:06:00+00:00,3996.6980000000003,3989.115,3989.165,4011.764000000001,-0.9543852243894914,sl,7.5330000000003565,15.066000000000713
2025-10-29 18:03:00+00:00,2025-10-29 18:05:00+00:00,3998.275,3991.0049999999997,3991.055,4012.7150000000006,-0.9145438466438222,sl,7.220000000000255,14.44000000000051
2025-10-29 18:56:00+00:00,2025-10-29 19:31:00+00:00,3962.385,3947.298,3947.348,3992.4590000000007,-1.9149150687102685,sl,15.037000000000262,30.074000000000524
2025-10-29 20:25:00+00:00,2025-10-29 20:47:00+00:00,3951.8250000000003,3932.035,3932.085,3991.3050000000007,-2.5180752201365446,sl,19.740000000000236,39.48000000000047
2025-10-29 22:41:00+00:00,2025-10-30 00:01:00+00:00,3940.6850000000004,3960.4750000000013,3930.765,3960.5250000000015,2.524561331693856,tp,9.920000000000528,19.840000000001055
2025-10-30 00:21:00+00:00,2025-10-30 00:36:00+00:00,3963.925,3954.605,3954.655,3982.465,-1.1822555816165805,sl,9.269999999999982,18.539999999999964
2025-10-30 01:36:00+00:00,2025-10-30 02:00:00+00:00,3959.3050000000003,3944.7949999999996,3944.845,3988.2250000000013,-1.8425457698625765,sl,14.460000000000491,28.920000000000982
2025-10-30 02:36:00+00:00,2025-10-30 02:49:00+00:00,3938.465,3930.4449999999997,3930.495,3954.4050000000007,-1.0236173101724497,sl,7.970000000000255,15.94000000000051
2025-10-30 03:15:00+00:00,2025-10-30 04:26:00+00:00,3928.665,3955.8149999999996,3915.065,3955.865,3.4735284413301435,tp,13.599999999999909,27.199999999999818
2025-10-30 05:47:00+00:00,2025-10-30 09:10:00+00:00,3965.025,4001.109,3946.958,4001.159,4.575776529003849,tp,18.067000000000007,36.134000000000015
2025-10-30 09:39:00+00:00,2025-10-30 09:49:00+00:00,4005.395,3999.575,3999.625,4016.935,-0.7309223921303767,sl,5.769999999999982,11.539999999999964
2025-10-30 10:52:00+00:00,2025-10-30 11:18:00+00:00,3985.135,3973.2949999999996,3973.345,4008.715000000001,-1.4944133699362967,sl,11.790000000000418,23.580000000000837
2025-10-30 12:03:00+00:00,2025-10-30 12:29:00+00:00,3980.1850000000004,3970.9449999999997,3970.995,3998.5650000000014,-1.1675252250074668,sl,9.19000000000051,18.38000000000102
2025-10-30 13:05:00+00:00,2025-10-30 13:30:00+00:00,3974.4550000000004,3966.705,3966.755,3989.855000000001,-0.9805534332967777,sl,7.700000000000273,15.400000000000546
2025-10-30 13:33:00+00:00,2025-10-30 17:46:00+00:00,3978.4750000000004,4015.465000000001,3959.955,4015.5150000000012,4.674901873836736,tp,18.520000000000437,37.04000000000087
2025-10-30 18:21:00+00:00,2025-10-30 18:36:00+00:00,4007.5480000000002,4016.198000000001,4003.198,4016.248000000001,1.0857854625828947,tp,4.350000000000364,8.700000000000728
2025-10-30 19:01:00+00:00,2025-10-30 22:52:00+00:00,4017.699,4039.051,4006.998,4039.101,2.6737123305524295,tp,10.701000000000022,21.402000000000044
2025-10-30 23:34:00+00:00,2025-10-31 01:54:00+00:00,4033.8650000000002,4018.365,4018.415,4064.765000000001,-1.9336561144951452,sl,15.450000000000273,30.900000000000546
2025-10-31 03:36:00+00:00,2025-10-31 03:45:00+00:00,4002.5550000000003,3995.348,3995.398,4016.8690000000006,-0.905946746892826,sl,7.157000000000153,14.314000000000306
2025-10-31 04:25:00+00:00,2025-10-31 04:52:00+00:00,3995.895,4010.105,3988.765,4010.155,1.7890660112107677,tp,7.130000000000109,14.260000000000218
2025-10-31 05:45:00+00:00,2025-10-31 07:31:00+00:00,4006.4950000000003,4023.365000000001,3998.035,4023.4150000000013,2.118722342238009,tp,8.460000000000491,16.920000000000982
2025-10-31 07:56:00+00:00,2025-10-31 08:54:00+00:00,4021.295,4011.7479999999996,4011.798,4040.2890000000007,-1.1948571349587636,sl,9.497000000000298,18.994000000000597
2025-10-31 09:35:00+00:00,2025-10-31 12:24:00+00:00,4006.5550000000003,4022.585000000001,3998.515,4022.635000000001,2.0133804617191657,tp,8.040000000000418,16.080000000000837
2025-10-31 12:40:00+00:00,2025-10-31 13:39:00+00:00,4025.915,4016.115,4016.165,4045.415,-1.225213522600102,sl,9.75,19.5
2025-10-31 14:03:00+00:00,2025-10-31 15:04:00+00:00,4023.735,4009.935,4009.985,4051.235,-1.726025314385975,sl,13.75,27.5
2025-10-31 15:34:00+00:00,2025-10-31 15:45:00+00:00,4019.4950000000003,4014.845,4014.895,4028.695000000001,-0.582109148900638,sl,4.600000000000364,9.200000000000728
2025-10-31 17:05:00+00:00,2025-10-31 18:13:00+00:00,3988.045,4006.8149999999996,3978.635,4006.865,2.3681110580411917,tp,9.409999999999854,18.81999999999971
2025-10-31 19:59:00+00:00,2025-11-02 23:00:00+00:00,4000.885,3994.475,3994.525,4013.6050000000005,-0.8063099038034167,sl,6.360000000000127,12.720000000000255
2025-11-03 00:02:00+00:00,2025-11-03 00:13:00+00:00,3985.3450000000003,3977.365,3977.415,4001.205000000001,-1.0076326001201295,sl,7.930000000000291,15.860000000000582
2025-11-03 00:39:00+00:00,2025-11-03 01:26:00+00:00,3973.2050000000004,3993.7290000000007,3962.918,3993.779000000001,2.5992185141446047,tp,10.287000000000262,20.574000000000524
2025-11-03 02:21:00+00:00,2025-11-03 07:03:00+00:00,4000.9550000000004,4022.7450000000013,3990.035,4022.7950000000014,2.741116398739943,tp,10.920000000000528,21.840000000001055
2025-11-03 07:37:00+00:00,2025-11-03 08:25:00+00:00,4021.898,4013.225,4013.275,4039.1440000000002,-1.0856515459980765,sl,8.623000000000047,17.246000000000095
2025-11-03 09:00:00+00:00,2025-11-03 09:24:00+00:00,4019.695,4014.3149999999996,4014.365,4030.355000000001,-0.6737433720724636,sl,5.330000000000382,10.660000000000764
2025-11-03 10:29:00+00:00,2025-11-03 10:32:00+00:00,3999.125,3994.1349999999998,3994.185,4009.005,-0.6280754732433936,sl,4.940000000000055,9.88000000000011
2025-11-03 11:12:00+00:00,2025-11-03 13:02:00+00:00,4001.175,4015.2790000000005,3994.098,4015.3290000000006,1.7742055132102834,tp,7.0770000000002256,14.154000000000451
2025-11-03 13:22:00+00:00,2025-11-03 13:31:00+00:00,4018.355,4012.105,4012.155,4030.7549999999997,-0.7829921793998487,sl,6.199999999999818,12.399999999999636
2025-11-03 13:37:00+00:00,2025-11-03 14:28:00+00:00,4019.605,4010.475,4010.525,4037.765,-1.1433503599278356,sl,9.079999999999927,18.159999999999854
2025-11-03 14:46:00+00:00,2025-11-03 16:16:00+00:00,4016.315,4001.365,4001.415,4046.1150000000002,-1.8735100778611837,sl,14.900000000000091,29.800000000000182
2025-11-03 16:48:00+00:00,2025-11-03 19:04:00+00:00,4005.6850000000004,3995.9049999999997,3995.955,4025.1450000000013,-1.2286376855842458,sl,9.730000000000473,19.460000000000946
2025-11-03 19:50:00+00:00,2025-11-03 20:02:00+00:00,4003.145,4008.395,4000.495,4008.445,0.6598826857631778,tp,2.650000000000091,5.300000000000182
2025-11-03 20:21:00+00:00,2025-11-03 20:42:00+00:00,4013.985,4007.5649999999996,4007.615,4026.725000000001,-0.8048158323136997,sl,6.370000000000346,12.740000000000691
2025-11-03 20:52:00+00:00,2025-11-03 21:08:00+00:00,4010.4350000000004,4006.865,4006.915,4017.4750000000013,-0.4478981107588748,sl,3.5200000000004366,7.040000000000873
2025-11-03 23:02:00+00:00,2025-11-03 23:06:00+00:00,4004.5350000000003,4000.495,4000.545,4012.515000000001,-0.5075892750315495,sl,3.9900000000002365,7.980000000000473
2025-11-04 01:02:00+00:00,2025-11-04 02:03:00+00:00,3990.4950000000003,3978.1949999999997,3978.245,4014.9950000000013,-1.5507421762692617,sl,12.250000000000455,24.50000000000091
2025-11-04 02:29:00+00:00,2025-11-04 02:50:00+00:00,3982.775,3975.8149999999996,3975.865,3996.5950000000007,-0.8790585220206771,sl,6.910000000000309,13.820000000000618
2025-11-04 02:57:00+00:00,2025-11-04 05:43:00+00:00,3984.5550000000003,3975.455,3975.505,4002.6550000000007,-1.1487299362444743,sl,9.050000000000182,18.100000000000364
2025-11-04 06:32:00+00:00,2025-11-04 07:20:00+00:00,3976.4750000000004,3992.885000000001,3968.245,3992.9350000000013,2.075473066877121,tp,8.230000000000473,16.460000000000946
2025-11-04 07:34:00+00:00,2025-11-04 10:00:00+00:00,3995.565,3989.6749999999997,3989.725,4007.2450000000003,-0.7415381077040207,sl,5.8400000000001455,11.680000000000291
2025-11-04 10:40:00+00:00,2025-11-04 12:29:00+00:00,3994.7050000000004,3990.3849999999998,3990.435,4003.2450000000013,-0.5439555369387685,sl,4.270000000000437,8.540000000000873
2025-11-04 13:12:00+00:00,2025-11-04 13:27:00+00:00,3993.848,3983.415,3983.465,4014.6139999999996,-1.3138886459755477,sl,10.38299999999981,20.76599999999962
2025-11-04 15:33:00+00:00,2025-11-04 18:35:00+00:00,3953.875,3940.955,3941.005,3979.615,-1.6433260307371822,sl,12.86999999999989,25.73999999999978
2025-11-04 19:13:00+00:00,2025-11-04 20:03:00+00:00,3942.355,3934.355,3934.405,3958.2549999999997,-1.0203459656213774,sl,7.949999999999818,15.899999999999636
2025-11-04 20:28:00+00:00,2025-11-04 21:26:00+00:00,3936.3250000000003,3931.615,3931.665,3945.645000000001,-0.6015878903257753,sl,4.660000000000309,9.320000000000618
2025-11-04 23:04:00+00:00,2025-11-05 00:41:00+00:00,3935.1980000000003,3930.225,3930.275,3945.044000000001,-0.6353236375634943,sl,4.923000000000229,9.846000000000458
2025-11-05 01:00:00+00:00,2025-11-05 03:05:00+00:00,3939.6850000000004,3954.009000000001,3932.498,3954.059000000001,1.8277572470223287,tp,7.187000000000353,14.374000000000706
2025-11-05 03:35:00+00:00,2025-11-05 04:32:00+00:00,3956.7850000000003,3965.895000000001,3952.205,3965.945000000001,1.157632122319706,tp,4.580000000000382,9.160000000000764
2025-11-05 05:11:00+00:00,2025-11-05 05:45:00+00:00,3971.3250000000003,3967.2279999999996,3967.278,3979.4190000000012,-0.5187703802755274,sl,4.04700000000048,8.09400000000096
2025-11-05 06:09:00+00:00,2025-11-05 08:05:00+00:00,3967.915,3980.3989999999994,3961.648,3980.4489999999996,1.5820260657193115,tp,6.266999999999825,12.53399999999965
2025-11-05 08:39:00+00:00,2025-11-05 09:00:00+00:00,3984.9950000000003,3978.165,3978.215,3998.5550000000007,-0.861952774803333,sl,6.7800000000002,13.5600000000004
2025-11-05 09:56:00+00:00,2025-11-05 10:01:00+00:00,3972.215,3968.765,3968.815,3979.0150000000003,-0.43675680277194195,sl,3.400000000000091,6.800000000000182
2025-11-05 10:21:00+00:00,2025-11-05 16:47:00+00:00,3966.5550000000003,3987.965000000001,3955.825,3988.0150000000012,2.7141738160510167,tp,10.730000000000473,21.460000000000946
2025-11-05 17:44:00+00:00,2025-11-05 17:57:00+00:00,3984.085,3979.4449999999997,3979.495,3993.2650000000003,-0.5857887773002136,sl,4.5900000000001455,9.180000000000291
2025-11-05 18:18:00+00:00,2025-11-05 18:38:00+00:00,3984.895,3979.205,3979.255,3996.1749999999997,-0.71816089850676,sl,5.639999999999873,11.279999999999745
2025-11-05 19:02:00+00:00,2025-11-05 21:55:00+00:00,3984.148,3978.685,3978.735,3994.974,-0.6895902331296109,sl,5.413000000000011,10.826000000000022
2025-11-05 23:31:00+00:00,2025-11-06 01:08:00+00:00,3971.9550000000004,3966.0449999999996,3966.095,3983.6750000000015,-0.7482534873683048,sl,5.860000000000582,11.720000000001164
2025-11-06 01:21:00+00:00,2025-11-06 03:32:00+00:00,3972.125,3987.615,3964.355,3987.665,1.9609286320540495,tp,7.769999999999982,15.539999999999964
2025-11-06 04:39:00+00:00,2025-11-06 04:46:00+00:00,3987.965,3985.4849999999997,3985.535,3992.8250000000007,-0.31276510410066094,sl,2.430000000000291,4.860000000000582
2025-11-06 05:05:00+00:00,2025-11-06 06:00:00+00:00,3990.025,3985.3849999999998,3985.435,3999.2050000000004,-0.5848531171310113,sl,4.5900000000001455,9.180000000000291
2025-11-06 06:13:00+00:00,2025-11-06 06:43:00+00:00,3989.605,3984.585,3984.635,3999.5449999999996,-0.6327803874522432,sl,4.9699999999998,9.9399999999996
2025-11-06 06:52:00+00:00,2025-11-06 07:20:00+00:00,3988.965,4002.7750000000005,3982.035,4002.8250000000007,1.7409460836635127,tp,6.930000000000291,13.860000000000582
2025-11-06 08:14:00+00:00,2025-11-06 08:30:00+00:00,4008.7850000000003,4016.0350000000003,4005.135,4016.0850000000005,0.9096038322704251,tp,3.650000000000091,7.300000000000182
2025-11-06 09:22:00+00:00,2025-11-06 09:42:00+00:00,4013.748,4010.4379999999996,4010.488,4020.2680000000005,-0.41480520859310804,sl,3.2600000000002183,6.520000000000437
2025-11-06 10:56:00+00:00,2025-11-06 11:51:00+00:00,4008.9350000000004,4016.6590000000015,4005.048,4016.7090000000017,0.9690845105965697,tp,3.8870000000006257,7.7740000000012515
2025-11-06 11:55:00+00:00,2025-11-06 12:04:00+00:00,4017.088,4013.805,4013.855,4023.5540000000005,-0.4111021749400762,sl,3.2330000000001746,6.466000000000349
2025-11-06 13:07:00+00:00,2025-11-06 14:18:00+00:00,4010.2050000000004,4003.4049999999997,4003.455,4023.7050000000013,-0.8529328260432404,sl,6.750000000000455,13.50000000000091
2025-11-06 15:19:00+00:00,2025-11-06 15:33:00+00:00,3989.005,3979.835,3979.885,4007.245,-1.1562198545907305,sl,9.11999999999989,18.23999999999978
2025-11-06 16:02:00+00:00,2025-11-06 16:20:00+00:00,3985.2450000000003,3976.388,3976.438,4002.859000000001,-1.11767970707093,sl,8.807000000000244,17.614000000000487
2025-11-06 16:54:00+00:00,2025-11-06 17:16:00+00:00,3982.895,3976.185,3976.235,3996.2149999999997,-0.8471516225659095,sl,6.6599999999998545,13.319999999999709
2025-11-06 17:52:00+00:00,2025-11-07 16:38:00+00:00,3985.445,4025.435,3965.425,4025.485,5.045166272327294,tp,20.019999999999982,40.039999999999964
2025-11-07 17:47:00+00:00,2025-11-09 23:14:00+00:00,3999.4950000000003,4010.8050000000007,3993.815,4010.855000000001,1.4225782933218032,tp,5.680000000000291,11.360000000000582
2025-11-09 23:58:00+00:00,2025-11-10 00:47:00+00:00,4010.2050000000004,4021.395000000001,4004.585,4021.445000000001,1.403924151141501,tp,5.620000000000346,11.240000000000691
2025-11-10 01:11:00+00:00,2025-11-10 01:21:00+00:00,4025.005,4039.175,4017.895,4039.2250000000004,1.7715121972035448,tp,7.110000000000127,14.220000000000255
2025-11-10 01:36:00+00:00,2025-11-10 23:09:00+00:00,4051.6850000000004,4119.215000000001,4017.895,4119.265000000001,8.388382716677784,tp,33.79000000000042,67.58000000000084
2025-11-10 23:47:00+00:00,2025-11-10 23:51:00+00:00,4120.655,4118.125,4118.175,4125.614999999999,-0.309266727214859,sl,2.4799999999995634,4.959999999999127
2025-11-11 00:16:00+00:00,2025-11-11 00:51:00+00:00,4121.185,4131.395,4116.055,4131.445000000001,1.2478696761750483,tp,5.130000000000109,10.260000000000218
2025-11-11 01:03:00+00:00,2025-11-11 05:37:00+00:00,4133.525000000001,4125.175,4125.225,4150.125000000001,-1.0176192179974866,sl,8.300000000000182,16.600000000000364
2025-11-11 06:21:00+00:00,2025-11-11 07:04:00+00:00,4136.615,4126.505,4126.555,4156.734999999999,-1.2310666860780763,sl,10.05999999999949,20.11999999999898
2025-11-11 07:19:00+00:00,2025-11-11 07:51:00+00:00,4130.895,4125.8949999999995,4125.945,4140.795000000002,-0.6096046898057261,sl,4.950000000000728,9.900000000001455
2025-11-11 08:03:00+00:00,2025-11-11 14:33:00+00:00,4133.585,4124.745,4124.795,4151.165,-1.0770145229901826,sl,8.789999999999964,17.579999999999927
2025-11-11 16:13:00+00:00,2025-11-11 20:39:00+00:00,4112.8550000000005,4129.885000000002,4104.315,4129.935000000002,2.0850716115333965,tp,8.540000000000873,17.080000000001746
2025-11-11 20:53:00+00:00,2025-11-11 23:40:00+00:00,4130.385,4142.895000000001,4124.105,4142.9450000000015,1.5254796031465794,tp,6.280000000000655,12.56000000000131
2025-11-11 23:47:00+00:00,2025-11-12 00:51:00+00:00,4143.885,4136.014999999999,4136.065,4159.5250000000015,-0.9566926385027559,sl,7.8200000000006185,15.640000000001237
2025-11-12 01:45:00+00:00,2025-11-12 02:41:00+00:00,4133.548,4125.885,4125.935,4148.7739999999985,-0.9337701625977948,sl,7.612999999999374,15.225999999998749
2025-11-12 04:29:00+00:00,2025-11-12 05:30:00+00:00,4110.525000000001,4104.695,4104.745,4122.085000000002,-0.7143238573108579,sl,5.780000000000655,11.56000000000131
2025-11-12 06:06:00+00:00,2025-11-12 06:38:00+00:00,4107.3150000000005,4117.705000000001,4102.095,4117.755000000001,1.2739448611739317,tp,5.220000000000255,10.44000000000051
2025-11-12 07:06:00+00:00,2025-11-12 08:08:00+00:00,4120.475,4112.708,4112.758,4135.9090000000015,-0.9494105282908509,sl,7.717000000000553,15.434000000001106
2025-11-12 08:18:00+00:00,2025-11-12 12:26:00+00:00,4119.975,4135.845,4112.015,4135.895,1.9399450751602347,tp,7.960000000000036,15.920000000000073
2025-11-12 13:23:00+00:00,2025-11-12 14:38:00+00:00,4127.695000000001,4138.045000000002,4122.495,4138.095000000002,1.2630585262610983,tp,5.200000000000728,10.400000000001455
2025-11-12 14:54:00+00:00,2025-11-12 15:11:00+00:00,4139.085,4153.895,4131.655,4153.945000000001,1.802585540421978,tp,7.430000000000291,14.860000000000582
2025-11-12 15:34:00+00:00,2025-11-12 18:26:00+00:00,4175.6990000000005,4207.397000000002,4159.825,4207.447000000002,3.824948000242378,tp,15.874000000000706,31.74800000000141
2025-11-12 20:16:00+00:00,2025-11-12 23:38:00+00:00,4198.515,4190.255,4190.305,4214.935,-0.9916810276686758,sl,8.210000000000036,16.420000000000073
2025-11-13 00:20:00+00:00,2025-11-13 00:35:00+00:00,4190.635,4200.437000000001,4185.709,4200.487000000001,1.1789077043366325,tp,4.926000000000386,9.852000000000771
2025-11-13 00:55:00+00:00,2025-11-13 01:04:00+00:00,4207.155,4198.165,4198.215,4225.034999999999,-1.0771269967688315,sl,8.9399999999996,17.8799999999992
2025-11-13 01:54:00+00:00,2025-11-13 03:47:00+00:00,4190.725,4209.115000000001,4181.505,4209.165000000001,2.211779838724375,tp,9.220000000000255,18.44000000000051
2025-11-13 04:07:00+00:00,2025-11-13 14:42:00+00:00,4215.895,4196.224999999999,4196.275,4255.135000000002,-2.352118415053037,sl,19.6200000000008,39.2400000000016
2025-11-13 15:07:00+00:00,2025-11-13 15:33:00+00:00,4202.015,4189.045,4189.095,4227.8550000000005,-1.5556993135764294,sl,12.920000000000073,25.840000000000146
2025-11-13 15:59:00+00:00,2025-11-13 18:29:00+00:00,4200.965,4188.304999999999,4188.355,4226.185000000001,-1.5186611904595655,sl,12.610000000000582,25.220000000001164
2025-11-13 19:19:00+00:00,2025-11-13 23:29:00+00:00,4158.205,4183.374999999999,4145.595,4183.424999999999,3.0499177481163517,tp,12.609999999999673,25.219999999999345
2025-11-13 23:48:00+00:00,2025-11-14 01:23:00+00:00,4183.635,4176.255,4176.305,4198.295,-0.8890881123606443,sl,7.329999999999927,14.659999999999854
2025-11-14 01:47:00+00:00,2025-11-14 02:50:00+00:00,4184.945000000001,4208.095000000001,4173.345,4208.145000000001,2.7878227840157557,tp,11.600000000000364,23.200000000000728
2025-11-14 03:25:00+00:00,2025-11-14 03:47:00+00:00,4210.398,4204.275,4204.325,4222.544000000001,-0.733103232845419,sl,6.07300000000032,12.14600000000064
2025-11-14 04:59:00+00:00,2025-11-14 05:01:00+00:00,4202.965,4200.264999999999,4200.315,4208.265000000001,-0.32381759035421304,sl,2.6500000000005457,5.300000000001091
2025-11-14 07:38:00+00:00,2025-11-14 11:09:00+00:00,4168.525000000001,4158.635,4158.685,4188.205000000001,-1.1958931473470622,sl,9.840000000000146,19.68000000000029
2025-11-14 14:21:00+00:00,2025-11-14 14:32:00+00:00,4055.2450000000003,4044.7549999999997,4044.805,4076.1250000000014,-1.3037231122585928,sl,10.44000000000051,20.88000000000102
2025-11-14 14:38:00+00:00,2025-11-14 15:48:00+00:00,4061.2050000000004,4090.7950000000005,4046.385,4090.8450000000007,3.6716464229312877,tp,14.820000000000164,29.640000000000327
2025-11-14 16:20:00+00:00,2025-11-14 18:22:00+00:00,4096.785,4080.685,4080.735,4128.884999999999,-1.9811241297365254,sl,16.049999999999727,32.099999999999454
2025-11-14 18:33:00+00:00,2025-11-14 20:21:00+00:00,4096.945000000001,4080.595,4080.645,4129.545000000002,-2.011413044197933,sl,16.300000000000637,32.60000000000127
2025-11-14 20:40:00+00:00,2025-11-16 23:03:00+00:00,4091.815,4075.2949999999996,4075.345,4124.755000000001,-2.0344687558376724,sl,16.470000000000255,32.940000000000964
2025-11-16 23:08:00+00:00,2025-11-17 03:00:00+00:00,4093.7980000000002,4078.799,4078.849,4123.696,-1.8458873306177357,sl,14.94900000000007,29.897999999999683
2025-11-17 03:17:00+00:00,2025-11-17 03:24:00+00:00,4082.7050000000004,4075.475,4075.525,4097.0650000000005,-0.8920311565949913,sl,7.180000000000291,14.360000000000127
2025-11-17 03:45:00+00:00,2025-11-17 05:04:00+00:00,4082.7050000000004,4075.325,4075.375,4097.365000000002,-0.9104574041687153,sl,7.330000000000382,14.660000000001219
2025-11-17 06:01:00+00:00,2025-11-17 07:19:00+00:00,4060.7650000000003,4075.827000000001,4053.209,4075.8770000000013,1.8680427170399247,tp,7.556000000000495,15.11200000000099
2025-11-17 07:28:00+00:00,2025-11-17 11:00:00+00:00,4077.675,4066.515,4066.565,4099.895,-1.378618616847196,sl,11.110000000000127,22.220000000000255
2025-11-17 11:35:00+00:00,2025-11-17 13:03:00+00:00,4072.4550000000004,4086.0850000000014,4065.615,4086.1350000000016,1.6856704765482227,tp,6.8400000000006,13.6800000000012
2025-11-17 14:12:00+00:00,2025-11-17 16:03:00+00:00,4073.105,4060.3849999999998,4060.435,4098.445,-1.5731397127425863,sl,12.670000000000073,25.33999999999969
2025-11-17 17:03:00+00:00,2025-11-17 18:54:00+00:00,4072.735,4064.915,4064.965,4088.275,-0.9670714688596946,sl,7.769999999999982,15.539999999999964
2025-11-17 20:18:00+00:00,2025-11-18 04:17:00+00:00,4023.795,4006.685,4006.735,4057.915,-2.1414623200329275,sl,17.059999999999945,34.11999999999989
2025-11-18 05:03:00+00:00,2025-11-18 05:09:00+00:00,4011.965,4008.3849999999998,4008.435,4019.0250000000005,-0.44929317352150383,sl,3.5300000000002,7.0600000000004
2025-11-18 05:19:00+00:00,2025-11-18 06:38:00+00:00,4014.915,4007.835,4007.885,4028.9749999999995,-0.8878537928985574,sl,7.029999999999745,14.05999999999949
2025-11-18 07:18:00+00:00,2025-11-18 07:30:00+00:00,4009.498,4001.875,4001.925,4024.644,-0.9571547887421923,sl,7.572999999999865,15.14599999999973
2025-11-18 07:41:00+00:00,2025-11-18 08:33:00+00:00,4012.855,4034.6649999999995,4001.925,4034.7149999999997,2.7359437830368036,tp,10.929999999999836,21.859999999999673
2025-11-18 09:45:00+00:00,2025-11-18 12:57:00+00:00,4037.3650000000002,4029.9849999999997,4030.035,4052.025000000001,-0.9204099891363541,sl,7.330000000000382,14.660000000000764
2025-11-18 13:04:00+00:00,2025-11-18 14:04:00+00:00,4043.085,4071.3949999999995,4028.905,4071.4449999999997,3.5254152448207927,tp,14.179999999999836,28.359999999999673
2025-11-18 14:16:00+00:00,2025-11-18 14:46:00+00:00,4077.025,4068.5049999999997,4068.555,4093.9650000000006,-1.0525228244899454,sl,8.470000000000255,16.94000000000051
2025-11-18 15:28:00+00:00,2025-11-18 15:50:00+00:00,4065.1150000000002,4053.7949999999996,4053.845,4087.655000000001,-1.402372904641237,sl,11.270000000000437,22.540000000000873
2025-11-18 16:17:00+00:00,2025-11-19 05:23:00+00:00,4057.005,4090.675,4040.145,4090.7250000000004,4.178948530657152,tp,16.860000000000127,33.720000000000255
2025-11-19 05:33:00+00:00,2025-11-19 15:14:00+00:00,4092.7050000000004,4129.975000000001,4074.045,4130.0250000000015,4.587315152123503,tp,18.66000000000031,37.32000000000107
2025-11-19 15:19:00+00:00,2025-11-19 15:26:00+00:00,4129.545,4120.195,4120.245,4148.145,-1.1410816821144458,sl,9.300000000000182,18.600000000000364
2025-11-19 17:29:00+00:00,2025-11-19 23:38:00+00:00,4072.375,4093.6049999999996,4061.735,4093.6549999999997,2.627001910537569,tp,10.639999999999873,21.279999999999745
2025-11-20 01:02:00+00:00,2025-11-20 01:11:00+00:00,4105.955,4100.125,4100.175,4117.514999999999,-0.7156912613414756,sl,5.779999999999745,11.55999999999949
2025-11-20 01:46:00+00:00,2025-11-20 01:55:00+00:00,4094.8450000000003,4088.145,4088.195,4108.145,-0.8246655392841383,sl,6.650000000000091,13.300000000000182
2025-11-20 02:45:00+00:00,2025-11-20 03:06:00+00:00,4061.525,4078.095,4053.215,4078.145,2.0560721850580697,tp,8.309999999999945,16.61999999999989
2025-11-20 03:56:00+00:00,2025-11-20 04:15:00+00:00,4069.335,4078.7250000000004,4064.615,4078.7750000000005,1.1631499607369782,tp,4.720000000000255,9.44000000000051
2025-11-20 04:55:00+00:00,2025-11-20 05:01:00+00:00,4079.405,4073.105,4073.155,4091.905,-0.7785515816842591,sl,6.25,12.5
2025-11-20 06:09:00+00:00,2025-11-20 06:25:00+00:00,4076.9750000000004,4064.705,4064.755,4101.415000000001,-1.5171085077667334,sl,12.220000000000255,24.44000000000051
2025-11-20 07:07:00+00:00,2025-11-20 07:21:00+00:00,4072.925,4063.245,4063.295,4092.1850000000004,-1.1978811107627483,sl,9.63000000000011,19.26000000000022
2025-11-20 08:57:00+00:00,2025-11-20 13:01:00+00:00,4062.465,4086.3950000000004,4050.475,4086.4450000000006,2.9685627032406425,tp,11.990000000000236,23.980000000000473
2025-11-20 13:39:00+00:00,2025-11-20 16:22:00+00:00,4091.9550000000004,4066.1679999999997,4066.218,4143.429000000002,-3.1768084093628826,sl,25.737000000000535,51.474000000001524
2025-11-20 17:49:00+00:00,2025-11-20 19:23:00+00:00,4059.635,4080.8250000000007,4049.015,4080.875000000001,2.6304385217221093,tp,10.620000000000346,21.24000000000069
2025-11-20 19:56:00+00:00,2025-11-20 20:09:00+00:00,4084.2850000000003,4078.955,4079.005,4094.8450000000007,-0.6578224428203866,sl,5.2800000000002,10.5600000000004
2025-11-20 20:46:00+00:00,2025-11-20 23:02:00+00:00,4079.605,4073.105,4073.155,4092.5049999999997,-0.8030903715820223,sl,6.449999999999818,12.899999999999636
2025-11-20 23:11:00+00:00,2025-11-21 00:23:00+00:00,4080.965,4072.2749999999996,4072.325,4098.245000000001,-1.0732267402696578,sl,8.640000000000327,17.280000000000655
2025-11-21 00:44:00+00:00,2025-11-21 00:53:00+00:00,4077.735,4071.535,4071.585,4090.0350000000003,-0.7662333092811174,sl,6.150000000000091,12.300000000000182
2025-11-21 01:46:00+00:00,2025-11-21 02:32:00+00:00,4066.5350000000003,4078.945000000001,4060.305,4078.9950000000013,1.5378096658138725,tp,6.230000000000473,12.460000000000946
2025-11-21 03:41:00+00:00,2025-11-21 04:41:00+00:00,4054.885,4049.015,4049.065,4066.5250000000005,-0.7295938112472659,sl,5.820000000000164,11.640000000000327
2025-11-21 05:33:00+00:00,2025-11-21 05:37:00+00:00,4056.6850000000004,4051.8849999999998,4051.935,4066.1850000000013,-0.5962935297699417,sl,4.750000000000455,9.50000000000091
2025-11-21 06:00:00+00:00,2025-11-21 06:28:00+00:00,4058.355,4039.585,4039.635,4095.7949999999996,-2.3306587532224867,sl,18.7199999999998,37.4399999999996
2025-11-21 06:43:00+00:00,2025-11-21 07:01:00+00:00,4039.145,4028.915,4028.965,4059.5049999999997,-1.2759986013436795,sl,10.179999999999836,20.359999999999673
2025-11-21 07:30:00+00:00,2025-11-21 08:03:00+00:00,4037.375,4024.488,4024.538,4063.049,-1.6079100401376798,sl,12.836999999999989,25.673999999999978
2025-11-21 08:07:00+00:00,2025-11-21 08:11:00+00:00,4035.395,4031.6949999999997,4031.745,4042.695,-0.46180152549157777,sl,3.650000000000091,7.300000000000182
2025-11-21 08:16:00+00:00,2025-11-21 13:45:00+00:00,4039.7450000000003,4075.035000000001,4022.075,4075.0850000000014,4.3996434921835,tp,17.670000000000528,35.340000000001055
2025-11-21 14:51:00+00:00,2025-11-21 15:38:00+00:00,4073.3650000000002,4061.835,4061.885,4096.325000000001,-1.4262163539512773,sl,11.480000000000018,22.96000000000049
2025-11-21 16:32:00+00:00,2025-11-21 16:51:00+00:00,4074.545,4095.5950000000003,4063.995,4095.6450000000004,2.60268101449568,tp,10.550000000000182,21.100000000000364
2025-11-21 17:50:00+00:00,2025-11-21 18:29:00+00:00,4085.2450000000003,4079.115,4079.165,4097.405000000001,-0.7561404971081842,sl,6.080000000000382,12.16000000000031
2025-11-21 18:48:00+00:00,2025-11-21 20:23:00+00:00,4083.5950000000003,4076.335,4076.385,4098.015,-0.8958215460235713,sl,7.210000000000036,14.420000000000073
2025-11-21 20:59:00+00:00,2025-11-21 21:10:00+00:00,4063.965,4054.9049999999997,4054.955,4081.9850000000006,-1.1232260780353172,sl,9.010000000000218,18.020000000000437
2025-11-21 21:33:00+00:00,2025-11-24 01:08:00+00:00,4064.108,4054.9049999999997,4054.955,4082.4140000000007,-1.1407873809595839,sl,9.153000000000247,18.306000000000495
2025-11-24 02:27:00+00:00,2025-11-24 02:46:00+00:00,4048.395,4044.1749999999997,4044.225,4056.735,-0.5250744947996273,sl,4.170000000000073,8.340000000000146
2025-11-24 03:32:00+00:00,2025-11-24 04:46:00+00:00,4051.795,4044.325,4044.375,4066.635,-0.9286281700505586,sl,7.420000000000073,14.840000000000146
2025-11-24 05:16:00+00:00,2025-11-24 05:21:00+00:00,4047.045,4041.8849999999998,4041.935,4057.2650000000003,-0.6421557101971753,sl,5.110000000000127,10.220000000000255
2025-11-24 05:43:00+00:00,2025-11-24 05:49:00+00:00,4048.065,4042.2149999999997,4042.265,4059.6650000000004,-0.7277955268555556,sl,5.800000000000182,11.600000000000364
2025-11-24 06:04:00+00:00,2025-11-24 09:07:00+00:00,4050.1150000000002,4068.3050000000007,4040.995,4068.355000000001,2.2616997794342417,tp,9.120000000000346,18.24000000000069
2025-11-24 09:10:00+00:00,2025-11-24 12:45:00+00:00,4068.2850000000003,4080.3750000000005,4062.215,4080.4250000000006,1.4968630149041877,tp,6.070000000000164,12.140000000000327
2025-11-24 13:21:00+00:00,2025-11-24 13:43:00+00:00,4082.255,4075.6949999999997,4075.745,4095.2750000000005,-0.8095345010757903,sl,6.510000000000218,13.020000000000437
2025-11-24 14:14:00+00:00,2025-11-24 14:20:00+00:00,4082.4350000000004,4075.665,4075.715,4095.875000000001,-0.8353455178760749,sl,6.720000000000255,13.44000000000051
2025-11-24 14:52:00+00:00,2025-11-24 18:38:00+00:00,4080.635,4105.705000000001,4068.075,4105.755000000001,3.094477497223626,tp,12.5600000000004,25.1200000000008
2025-11-24 18:52:00+00:00,2025-11-26 11:32:00+00:00,4116.205,4171.289,4088.638,4171.339,6.742525632180228,tp,27.567000000000007,55.134000000000015
2025-11-26 11:59:00+00:00,2025-11-26 12:28:00+00:00,4172.4980000000005,4165.945,4165.995,4185.504000000002,-0.7918239934669412,sl,6.503000000000611,13.006000000001222
2025-11-26 13:04:00+00:00,2025-11-26 14:06:00+00:00,4158.3550000000005,4148.554999999999,4148.605,4177.855000000002,-1.1881055786950983,sl,9.75000000000091,19.50000000000182
2025-11-26 14:33:00+00:00,2025-11-26 15:00:00+00:00,4150.5650000000005,4139.95,4140.0,4171.6950000000015,-1.2891757352782975,sl,10.56500000000051,21.13000000000102
2025-11-26 15:15:00+00:00,2025-11-28 01:00:00+00:00,4152.095,4184.885,4135.675,4184.935,3.9803195540217895,tp,16.420000000000073,32.840000000000146
2025-11-28 01:42:00+00:00,2025-11-28 02:36:00+00:00,4191.745,4185.855,4185.905,4203.425,-0.7084932174081539,sl,5.8400000000001455,11.680000000000291
2025-11-28 02:59:00+00:00,2025-11-28 03:09:00+00:00,4189.425,4185.875,4185.925,4196.425,-0.42722698557658134,sl,3.5,7.0
2025-11-28 04:09:00+00:00,2025-11-28 04:19:00+00:00,4185.905,4181.825,4181.875,4193.964999999999,-0.4914022473937326,sl,4.029999999999745,8.05999999999949
2025-11-28 04:41:00+00:00,2025-11-28 05:09:00+00:00,4185.745,4176.808,4176.858,4203.518999999999,-1.0763764020555515,sl,8.886999999999716,17.773999999999432
2025-11-28 05:41:00+00:00,2025-11-28 07:48:00+00:00,4185.205,4176.559,4176.609,4202.396999999999,-1.0413514046517731,sl,8.595999999999549,17.191999999999098
2025-11-28 09:50:00+00:00,2025-11-28 11:25:00+00:00,4162.835,4177.965,4155.245,4178.015,1.831908089721961,tp,7.5900000000001455,15.180000000000291
2025-11-28 12:13:00+00:00,2025-11-28 14:15:00+00:00,4175.265,4191.875,4166.935,4191.925,2.0054805448126256,tp,8.329999999999927,16.659999999999854
2025-11-28 14:33:00+00:00,2025-12-01 10:04:00+00:00,4200.085,4259.035,4170.585,4259.085,7.076931179639911,tp,29.5,59.0
2025-12-01 10:47:00+00:00,2025-12-01 11:09:00+00:00,4255.9980000000005,4250.955,4251.005,4265.984000000001,-0.5978764732134073,sl,4.993000000000393,9.986000000000786
2025-12-01 11:26:00+00:00,2025-12-01 12:09:00+00:00,4254.245,4250.4349999999995,4250.485,4261.765,-0.45185662975607854,sl,3.7600000000002183,7.520000000000437
2025-12-01 12:38:00+00:00,2025-12-01 12:45:00+00:00,4254.215,4250.335,4250.385,4261.875,-0.4601410970680823,sl,3.8299999999999272,7.6599999999998545
2025-12-01 13:22:00+00:00,2025-12-01 14:01:00+00:00,4256.755,4243.925,4243.975,4282.315,-1.520571789753182,sl,12.779999999999745,25.55999999999949
2025-12-01 16:07:00+00:00,2025-12-02 00:22:00+00:00,4237.0650000000005,4221.455,4221.505,4268.185000000001,-1.8583659959825884,sl,15.5600000000004,31.1200000000008
2025-12-02 00:41:00+00:00,2025-12-02 01:01:00+00:00,4227.955,4221.315,4221.365,4241.135,-0.7920474297428911,sl,6.5900000000001455,13.180000000000291
2025-12-02 01:56:00+00:00,2025-12-02 06:26:00+00:00,4219.575,4208.075,4208.125,4242.474999999999,-1.3743852681776432,sl,11.449999999999818,22.899999999999636
2025-12-02 06:48:00+00:00,2025-12-02 09:21:00+00:00,4209.3550000000005,4202.9349999999995,4202.985,4222.095000000002,-0.7690235695236375,sl,6.3700000000008,12.7400000000016
2025-12-02 09:54:00+00:00,2025-12-02 14:05:00+00:00,4193.165,4217.654999999999,4180.895,4217.704999999999,2.9446514055445006,tp,12.269999999999527,24.539999999999054
2025-12-02 16:27:00+00:00,2025-12-02 20:38:00+00:00,4178.645,4208.969000000002,4163.458,4209.019000000002,3.6598633722183154,tp,15.187000000000808,30.374000000001615
2025-12-02 21:25:00+00:00,2025-12-02 21:49:00+00:00,4210.115,4208.115,4208.165,4214.014999999999,-0.23966656508809459,sl,1.949999999999818,3.899999999999636
2025-12-02 23:10:00+00:00,2025-12-02 23:12:00+00:00,4211.898,4209.048,4209.098,4217.4980000000005,-0.3413721708070242,sl,2.800000000000182,5.600000000000364
2025-12-02 23:45:00+00:00,2025-12-02 23:45:00+00:00,4208.5650000000005,4210.635000000001,4207.505,4210.685000000001,0.24813196331544482,tp,1.0600000000004002,2.1200000000008004
2025-12-03 00:19:00+00:00,2025-12-03 00:25:00+00:00,4211.305,4207.045,4207.095,4219.725,-0.5103286953324775,sl,4.210000000000036,8.420000000000073
2025-12-03 00:58:00+00:00,2025-12-03 02:31:00+00:00,4211.215,4224.945000000001,4204.325,4224.995000000001,1.644743740343658,tp,6.890000000000327,13.780000000000655
2025-12-03 02:34:00+00:00,2025-12-03 04:03:00+00:00,4226.015,4219.025,4219.075,4239.895000000001,-0.8345494065931393,sl,6.940000000000509,13.880000000001019
2025-12-03 04:41:00+00:00,2025-12-03 04:48:00+00:00,4224.3150000000005,4221.835,4221.885,4229.175000000001,-0.2961865807208205,sl,2.430000000000291,4.860000000000582
2025-12-03 06:24:00+00:00,2025-12-03 07:24:00+00:00,4210.475,4203.915,4203.965,4223.495000000001,-0.7860134734267634,sl,6.510000000000218,13.020000000000437
2025-12-03 08:43:00+00:00,2025-12-03 09:02:00+00:00,4207.515,4203.525,4203.575,4215.395000000001,-0.4783773775569732,sl,3.9400000000005093,7.880000000001019
2025-12-03 10:28:00+00:00,2025-12-03 13:05:00+00:00,4201.1050000000005,4214.455000000002,4194.405,4214.505000000002,1.602952111199152,tp,6.700000000000728,13.400000000001455
2025-12-03 13:16:00+00:00,2025-12-03 13:54:00+00:00,4218.878000000001,4235.554000000001,4210.515,4235.604000000001,1.9941909276223775,tp,8.363000000000284,16.726000000000568
2025-12-03 14:32:00+00:00,2025-12-03 14:48:00+00:00,4232.335,4221.054999999999,4221.105,4254.795000000001,-1.3448898122702826,sl,11.230000000000473,22.460000000000946
2025-12-03 15:17:00+00:00,2025-12-03 16:55:00+00:00,4220.345,4205.745,4205.795,4249.445000000001,-1.7454389506631058,sl,14.550000000000182,29.100000000000364
2025-12-03 17:38:00+00:00,2025-12-03 18:04:00+00:00,4213.285,4207.325,4207.375,4225.105,-0.7135921397046907,sl,5.9099999999998545,11.819999999999709
2025-12-03 19:20:00+00:00,2025-12-04 00:31:00+00:00,4204.1050000000005,4213.2750000000015,4199.495,4213.325000000002,1.100245746558737,tp,4.610000000000582,9.220000000001164
2025-12-04 01:16:00+00:00,2025-12-04 02:00:00+00:00,4214.095,4205.535,4205.585,4231.115000000001,-1.0247329978086683,sl,8.510000000000218,17.020000000000437
2025-12-04 02:26:00+00:00,2025-12-04 03:02:00+00:00,4205.905,4198.705,4198.755,4220.204999999999,-0.8635156344016046,sl,7.149999999999636,14.299999999999272
2025-12-04 03:45:00+00:00,2025-12-04 05:22:00+00:00,4196.975,4189.9349999999995,4189.985,4210.955000000002,-0.846050467734614,sl,6.990000000000691,13.980000000001382
2025-12-04 06:35:00+00:00,2025-12-04 09:43:00+00:00,4186.215,4196.345,4181.125,4196.395,1.220426089345191,tp,5.0900000000001455,10.180000000000291
2025-12-04 10:46:00+00:00,2025-12-04 10:54:00+00:00,4201.595,4197.6849999999995,4197.735,4209.315000000001,-0.4693952388770396,sl,3.860000000000582,7.720000000001164
2025-12-04 11:09:00+00:00,2025-12-04 12:04:00+00:00,4202.005,4196.355,4196.405,4213.205000000001,-0.6781843836599741,sl,5.600000000000364,11.200000000000728
2025-12-04 12:13:00+00:00,2025-12-04 12:29:00+00:00,4200.985000000001,4193.085,4193.135,4216.685000000001,-0.948424281295937,sl,7.850000000000364,15.700000000000728
2025-12-04 13:25:00+00:00,2025-12-04 14:22:00+00:00,4193.145,4209.075000000002,4185.155,4209.125000000002,1.9158511416615458,tp,7.990000000000691,15.980000000001382
2025-12-04 14:33:00+00:00,2025-12-04 14:37:00+00:00,4211.385,4202.325,4202.375,4229.405000000001,-1.0851046045724486,sl,9.010000000000218,18.020000000000437
2025-12-04 15:31:00+00:00,2025-12-05 14:47:00+00:00,4207.895,4241.205000000001,4191.215,4241.255000000001,3.992375441319352,tp,16.68000000000029,33.36000000000058
2025-12-05 15:22:00+00:00,2025-12-05 16:09:00+00:00,4246.305,4233.8949999999995,4233.945,4271.0250000000015,-1.4745316359181537,sl,12.360000000000582,24.720000000001164
2025-12-05 17:31:00+00:00,2025-12-05 17:34:00+00:00,4217.915,4212.804999999999,4212.855,4228.035000000001,-0.6111574471056092,sl,5.0600000000004,10.1200000000008
2025-12-05 20:25:00+00:00,2025-12-05 20:29:00+00:00,4206.425,4202.655,4202.705,4213.865000000001,-0.4520973107027614,sl,3.7200000000002547,7.440000000000509
2025-12-05 20:58:00+00:00,2025-12-05 21:15:00+00:00,4202.125,4198.945,4198.995,4208.385,-0.38171780159912483,sl,3.130000000000109,6.260000000000218
2025-12-05 21:48:00+00:00,2025-12-07 23:14:00+00:00,4197.665,4193.505,4193.555,4205.884999999999,-0.4998657520703324,sl,4.109999999999673,8.219999999999345
2025-12-08 00:02:00+00:00,2025-12-08 15:00:00+00:00,4202.3150000000005,4193.335,4193.385,4220.175000000001,-1.0777897295432366,sl,8.930000000000291,17.860000000000582
2025-12-08 15:20:00+00:00,2025-12-08 16:12:00+00:00,4186.185,4176.848,4176.898,4204.759000000001,-1.124835059265659,sl,9.287000000000262,18.574000000000524
2025-12-08 16:15:00+00:00,2025-12-08 16:29:00+00:00,4183.835,4195.445,4178.005,4195.495,1.399294533906557,tp,5.829999999999927,11.659999999999854
2025-12-08 17:20:00+00:00,2025-12-08 18:56:00+00:00,4190.035,4185.345,4185.395,4199.314999999999,-0.564503854984402,sl,4.639999999999418,9.279999999998836
2025-12-08 19:19:00+00:00,2025-12-08 20:40:00+00:00,4187.645,4194.675000000002,4184.105,4194.725000000002,0.8465895055156737,tp,3.540000000000873,7.080000000001746
2025-12-08 23:07:00+00:00,2025-12-09 02:30:00+00:00,4192.6050000000005,4188.485,4188.535,4200.745000000002,-0.49560665987792163,sl,4.0700000000006185,8.140000000001237
2025-12-09 03:01:00+00:00,2025-12-09 03:33:00+00:00,4190.745,4198.275,4186.955,4198.325,0.9061628785079274,tp,3.7899999999999636,7.579999999999927
2025-12-09 06:28:00+00:00,2025-12-09 07:08:00+00:00,4177.695000000001,4185.485000000002,4173.775,4185.535000000003,0.9404642024307595,tp,3.9200000000009823,7.8400000000019645
2025-12-09 07:52:00+00:00,2025-12-09 09:03:00+00:00,4182.435,4196.0250000000015,4175.615,4196.075000000002,1.6389748421704098,tp,6.8200000000006185,13.640000000001237
2025-12-09 09:17:00+00:00,2025-12-10 10:32:00+00:00,4206.405,4188.335,4188.385,4242.444999999999,-2.167203285311849,sl,18.019999999999527,36.039999999999054
2025-12-10 11:14:00+00:00,2025-12-10 12:02:00+00:00,4194.675,4199.145,4192.415,4199.195000000001,0.5374876570317245,tp,2.2600000000002183,4.520000000000437
2025-12-10 13:44:00+00:00,2025-12-10 14:12:00+00:00,4199.875,4206.384999999999,4196.595,4206.4349999999995,0.7818565039209812,tp,3.2799999999997453,6.559999999999491
2025-12-10 16:19:00+00:00,2025-12-10 16:30:00+00:00,4195.595,4201.005000000001,4192.865,4201.055000000001,0.6504587989183723,tp,2.730000000000473,5.460000000000946
2025-12-10 16:47:00+00:00,2025-12-10 17:13:00+00:00,4203.295,4198.8279999999995,4198.878,4212.129000000001,-0.5361300713509287,sl,4.417000000000371,8.834000000000742
2025-12-10 17:26:00+00:00,2025-12-10 17:35:00+00:00,4202.485000000001,4198.768,4198.818,4209.819000000001,-0.4461772244108032,sl,3.667000000000371,7.334000000000742
2025-12-10 18:52:00+00:00,2025-12-10 19:00:00+00:00,4194.775000000001,4191.785,4191.835,4200.655000000002,-0.3595541610092785,sl,2.9400000000005093,5.880000000001019
2025-12-10 19:08:00+00:00,2025-12-10 19:40:00+00:00,4212.195000000001,4189.447999999999,4189.498,4257.589000000003,-2.723967883406583,sl,22.697000000001026,45.39400000000205
2025-12-10 19:59:00+00:00,2025-12-11 18:10:00+00:00,4216.205,4285.435,4181.565,4285.485000000001,8.280215786101431,tp,34.64000000000033,69.28000000000065
2025-12-11 19:15:00+00:00,2025-12-12 07:10:00+00:00,4271.215,4287.825,4262.885,4287.875,1.9626535791689512,tp,8.329999999999927,16.659999999999854
2025-12-12 07:35:00+00:00,2025-12-12 07:40:00+00:00,4288.665,4284.335,4284.385,4297.224999999999,-0.5096542621808113,sl,4.279999999999745,8.55999999999949
2025-12-12 08:01:00+00:00,2025-12-12 08:35:00+00:00,4289.325,4297.695,4285.115,4297.745,0.9849733211076686,tp,4.210000000000036,8.420000000000073
2025-12-12 09:14:00+00:00,2025-12-12 09:32:00+00:00,4314.885,4310.108,4310.158,4324.339,-0.5588771455066841,sl,4.726999999999862,9.453999999999724
2025-12-12 09:55:00+00:00,2025-12-12 11:11:00+00:00,4318.395,4337.899,4308.618,4337.9490000000005,2.2798570507538263,tp,9.777000000000044,19.554000000000087
2025-12-12 11:19:00+00:00,2025-12-12 12:49:00+00:00,4338.785,4325.115,4325.165,4366.025,-1.5907602896713913,sl,13.61999999999989,27.23999999999978
2025-12-12 13:05:00+00:00,2025-12-12 14:53:00+00:00,4332.495,4348.465,4324.485,4348.515,1.8608132149465557,tp,8.010000000000218,16.020000000000437
2025-12-12 16:28:00+00:00,2025-12-12 16:37:00+00:00,4289.455,4271.855,4271.905,4324.555,-2.0716983618262534,sl,17.550000000000182,35.100000000000364
2025-12-12 17:00:00+00:00,2025-12-14 23:07:00+00:00,4281.835,4304.705,4270.375,4304.755,2.6962682717344078,tp,11.460000000000036,22.920000000000073
2025-12-14 23:13:00+00:00,2025-12-15 02:30:00+00:00,4304.8550000000005,4326.919000000002,4293.798,4326.969000000002,2.588025504929734,tp,11.057000000000698,22.114000000001397
2025-12-15 02:45:00+00:00,2025-12-15 03:14:00+00:00,4328.785,4323.885,4323.935,4338.484999999999,-0.5717210422484057,sl,4.849999999999454,9.699999999998909
2025-12-15 03:33:00+00:00,2025-12-15 06:46:00+00:00,4328.165,4346.3150000000005,4319.065,4346.365000000001,2.1178848930528877,tp,9.100000000000364,18.200000000000728
2025-12-15 07:24:00+00:00,2025-12-15 07:35:00+00:00,4344.125,4340.447999999999,4340.498,4351.379000000001,-0.4275746006464455,sl,3.6270000000004075,7.254000000000815
2025-12-15 08:06:00+00:00,2025-12-15 13:12:00+00:00,4342.635,4333.208,4333.258,4361.389000000001,-1.096534702812489,sl,9.377000000000407,18.754000000000815
2025-12-15 13:47:00+00:00,2025-12-15 13:56:00+00:00,4341.545,4335.355,4335.405,4353.825000000001,-0.7201142468161104,sl,6.140000000000327,12.280000000000655
2025-12-15 14:38:00+00:00,2025-12-15 14:53:00+00:00,4332.465,4320.335,4320.385,4356.625,-1.4140013945993373,sl,12.079999999999927,24.159999999999854
2025-12-15 15:50:00+00:00,2025-12-15 15:58:00+00:00,4325.765,4317.835,4317.885,4341.525000000001,-0.9257070341494077,sl,7.880000000000109,15.760000000000218
2025-12-15 17:27:00+00:00,2025-12-16 02:54:00+00:00,4301.675,4293.035,4293.085,4318.8550000000005,-1.0141440257374366,sl,8.590000000000146,17.18000000000029
2025-12-16 03:50:00+00:00,2025-12-16 05:21:00+00:00,4289.305,4282.815,4282.865,4302.185000000001,-0.7639019893315588,sl,6.440000000000509,12.880000000001019
2025-12-16 06:23:00+00:00,2025-12-16 07:22:00+00:00,4289.3550000000005,4282.224999999999,4282.275,4303.515000000002,-0.8391595753452908,sl,7.080000000000837,14.160000000001673
2025-12-16 07:34:00+00:00,2025-12-16 08:19:00+00:00,4286.335,4279.195,4279.245,4300.515,-0.8408586967569751,sl,7.0900000000001455,14.180000000000291
2025-12-16 08:35:00+00:00,2025-12-16 10:30:00+00:00,4281.585,4275.447999999999,4275.498,4293.759000000001,-0.7234796153998523,sl,6.087000000000444,12.174000000000888
2025-12-16 11:22:00+00:00,2025-12-16 11:26:00+00:00,4276.885,4274.005,4274.055,4282.545,-0.33986663774750203,sl,2.8299999999999272,5.6599999999998545
2025-12-16 11:31:00+00:00,2025-12-16 12:11:00+00:00,4278.185,4286.335000000001,4274.085,4286.385000000001,0.9614507566295553,tp,4.100000000000364,8.200000000000728
2025-12-16 12:45:00+00:00,2025-12-16 13:30:00+00:00,4293.295,4304.685,4287.575,4304.735000000001,1.3390702324594963,tp,5.720000000000255,11.44000000000051
2025-12-16 13:57:00+00:00,2025-12-16 16:34:00+00:00,4311.785,4299.545,4299.595,4336.164999999999,-1.4330201184983156,sl,12.1899999999996,24.3799999999992
2025-12-16 17:33:00+00:00,2025-12-16 17:40:00+00:00,4307.015,4303.415,4303.465,4314.115000000001,-0.4218833996144507,sl,3.550000000000182,7.100000000000364
2025-12-16 18:32:00+00:00,2025-12-16 19:25:00+00:00,4306.095,4297.965,4298.015,4322.255,-0.9529170742546922,sl,8.079999999999927,16.159999999999854
2025-12-16 19:45:00+00:00,2025-12-17 05:23:00+00:00,4309.598,4335.014,4296.865,4335.064,2.9763062132739653,tp,12.733000000000175,25.46600000000035
2025-12-17 05:39:00+00:00,2025-12-17 06:22:00+00:00,4338.025000000001,4330.235,4330.285,4353.505000000002,-0.906526745535726,sl,7.740000000000691,15.480000000001382
2025-12-17 08:20:00+00:00,2025-12-17 10:38:00+00:00,4315.995,4308.095,4308.145,4331.694999999999,-0.9239370379645683,sl,7.849999999999454,15.699999999998909
2025-12-17 10:58:00+00:00,2025-12-17 13:46:00+00:00,4317.525000000001,4339.915000000001,4306.305,4339.965000000001,2.6174337787871633,tp,11.220000000000255,22.44000000000051
2025-12-17 13:51:00+00:00,2025-12-17 14:14:00+00:00,4336.585,4327.165,4327.215,4355.325,-1.096660255306629,sl,9.36999999999989,18.73999999999978
2025-12-17 14:27:00+00:00,2025-12-17 15:33:00+00:00,4330.9980000000005,4347.494000000001,4322.725,4347.544000000001,1.9227045668345286,tp,8.273000000000138,16.546000000000276
2025-12-17 16:45:00+00:00,2025-12-18 12:28:00+00:00,4333.395,4319.9349999999995,4319.985,4360.215000000002,-1.568271949862153,sl,13.410000000000764,26.820000000001528
2025-12-18 13:31:00+00:00,2025-12-18 14:41:00+00:00,4329.725,4318.655,4318.705,4351.765000000001,-1.290697434426358,sl,11.020000000000437,22.040000000000873
2025-12-18 15:33:00+00:00,2025-12-18 16:13:00+00:00,4337.528,4363.044000000001,4324.745,4363.094000000001,2.9692852355178356,tp,12.783000000000357,25.566000000000713
2025-12-18 17:34:00+00:00,2025-12-18 19:52:00+00:00,4333.8150000000005,4323.6449999999995,4323.695,4354.055000000002,-1.1848405844289163,sl,10.1200000000008,20.2400000000016
2025-12-18 20:06:00+00:00,2025-12-19 01:00:00+00:00,4334.045,4322.474999999999,4322.525,4357.085000000001,-1.3477157996779765,sl,11.520000000000437,23.040000000000873
2025-12-19 01:17:00+00:00,2025-12-19 01:23:00+00:00,4327.945000000001,4320.014999999999,4320.065,4343.705000000003,-0.9248937796995395,sl,7.880000000001019,15.760000000002037
2025-12-19 03:27:00+00:00,2025-12-19 09:45:00+00:00,4318.9980000000005,4331.974000000002,4312.485,4332.024000000002,1.5164163176696255,tp,6.5130000000008295,13.026000000001659
2025-12-19 11:46:00+00:00,2025-12-19 12:03:00+00:00,4328.095,4324.865,4324.915,4334.455000000001,-0.37673119875770333,sl,3.180000000000291,6.360000000000582
2025-12-19 12:28:00+00:00,2025-12-19 14:47:00+00:00,4326.485000000001,4320.425,4320.475,4338.505000000001,-0.7070450173660094,sl,6.010000000000218,12.020000000000437
2025-12-19 15:05:00+00:00,2025-12-22 01:40:00+00:00,4339.115,4378.238999999999,4319.528,4378.288999999999,4.551151762726691,tp,19.586999999999534,39.17399999999907
2025-12-22 02:31:00+00:00,2025-12-22 02:37:00+00:00,4382.478,4379.065,4379.115,4389.204000000001,-0.39327063564065506,sl,3.3630000000002838,6.7260000000005675
2025-12-22 02:52:00+00:00,2025-12-22 05:13:00+00:00,4387.085,4403.014999999999,4379.095,4403.065,1.8335712551436762,tp,7.989999999999782,15.979999999999563
2025-12-22 05:27:00+00:00,2025-12-22 05:42:00+00:00,4403.505,4398.255,4398.305,4413.905,-0.6021403298473647,sl,5.199999999999818,10.399999999999636
2025-12-22 06:13:00+00:00,2025-12-22 06:55:00+00:00,4403.909000000001,4414.647000000001,4398.515,4414.697000000001,1.2313912975428085,tp,5.394000000000233,10.788000000000466
2025-12-22 07:33:00+00:00,2025-12-22 08:00:00+00:00,4417.085,4410.008,4410.058,4431.139,-0.8092401077515523,sl,7.027000000000044,14.054000000000087
2025-12-22 08:30:00+00:00,2025-12-22 08:34:00+00:00,4413.185,4409.855,4409.905,4419.745000000002,-0.38108448513778237,sl,3.280000000000655,6.56000000000131
2025-12-22 09:08:00+00:00,2025-12-22 10:32:00+00:00,4411.235000000001,4405.845,4405.895,4421.915000000001,-0.6170798327288425,sl,5.3400000000001455,10.680000000000291
2025-12-22 11:21:00+00:00,2025-12-22 12:10:00+00:00,4409.818,4407.248,4407.298,4414.858000000001,-0.29430572236376296,sl,2.5200000000004366,5.040000000000873
2025-12-22 12:47:00+00:00,2025-12-22 13:00:00+00:00,4410.635,4417.065,4407.395,4417.115,0.7361790379038238,tp,3.2399999999997817,6.479999999999563
2025-12-22 13:09:00+00:00,2025-12-22 23:03:00+00:00,4421.545,4449.794999999999,4407.395,4449.844999999999,3.2266335991488173,tp,14.149999999999636,28.299999999999272
2025-12-22 23:49:00+00:00,2025-12-23 01:01:00+00:00,4459.948,4474.844,4452.475,4474.894,1.687267084972741,tp,7.472999999999956,14.945999999999913
2025-12-23 01:49:00+00:00,2025-12-23 06:13:00+00:00,4485.795,4469.249,4469.299,4518.787,-1.8636745878991343,sl,16.496000000000095,32.99200000000019
2025-12-23 06:40:00+00:00,2025-12-23 08:26:00+00:00,4476.705,4489.3550000000005,4470.355,4489.405000000001,1.4274747399330785,tp,6.350000000000364,12.700000000000728
2025-12-23 08:39:00+00:00,2025-12-23 09:07:00+00:00,4490.425,4484.375,4484.425,4502.425,-0.6807155420067035,sl,6.0,12.0
2025-12-23 10:03:00+00:00,2025-12-23 11:46:00+00:00,4481.675,4489.085000000001,4477.945,4489.135000000001,0.835307402327314,tp,3.730000000000473,7.460000000000946
2025-12-23 12:37:00+00:00,2025-12-23 13:01:00+00:00,4485.825,4489.514999999999,4483.955,4489.565,0.415612328991244,tp,1.8699999999998909,3.7399999999997817
2025-12-23 13:09:00+00:00,2025-12-23 13:31:00+00:00,4490.415,4485.665,4485.715,4499.815,-0.5344774352398147,sl,4.699999999999818,9.399999999999636
2025-12-23 14:22:00+00:00,2025-12-23 14:24:00+00:00,4471.185,4464.105,4464.155,4485.245000000002,-0.8000366681137286,sl,7.030000000000655,14.06000000000131
2025-12-23 15:39:00+00:00,2025-12-23 18:12:00+00:00,4452.905,4480.074999999999,4439.295,4480.124999999999,3.0825568654402145,tp,13.609999999999673,27.219999999999345
2025-12-23 18:57:00+00:00,2025-12-23 19:06:00+00:00,4479.875,4494.464999999999,4472.555,4494.514999999999,1.6458367639013165,tp,7.319999999999709,14.639999999999418
2025-12-23 19:36:00+00:00,2025-12-23 21:55:00+00:00,4491.508,4487.075,4487.125,4500.273999999999,-0.4988541985068108,sl,4.382999999999811,8.765999999999622
2025-12-23 23:09:00+00:00,2025-12-24 00:08:00+00:00,4491.4980000000005,4511.848000000002,4481.298,4511.898000000002,2.2899175656042927,tp,10.200000000000728,20.400000000001455
2025-12-24 00:26:00+00:00,2025-12-24 01:02:00+00:00,4512.595,4507.465,4507.515,4522.755,-0.5746931576185133,sl,5.079999999999927,10.159999999999854
2025-12-24 01:23:00+00:00,2025-12-24 02:08:00+00:00,4520.295,4506.625,4506.675,4547.535,-1.528699307998889,sl,13.61999999999989,27.23999999999978
2025-12-24 03:16:00+00:00,2025-12-24 14:50:00+00:00,4487.8150000000005,4467.869,4467.919,4527.607000000002,-2.2463401954102262,sl,19.89600000000064,39.79200000000128
2025-12-24 15:06:00+00:00,2025-12-24 15:37:00+00:00,4471.555,4460.285,4460.335,4493.995000000001,-1.2735719261920524,sl,11.220000000000255,22.44000000000051
2025-12-24 16:35:00+00:00,2025-12-24 17:09:00+00:00,4471.305,4486.435,4463.715,4486.485000000001,1.7096532574289933,tp,7.5900000000001455,15.180000000000291
2025-12-24 17:49:00+00:00,2025-12-25 23:21:00+00:00,4483.229,4496.127,4476.755,4496.177000000001,1.4538122606744763,tp,6.47400000000016,12.94800000000032
2025-12-25 23:46:00+00:00,2025-12-26 01:00:00+00:00,4498.375,4518.079000000001,4488.498,4518.129000000001,2.2137984901506886,tp,9.877000000000407,19.754000000000815
2025-12-26 02:12:00+00:00,2025-12-26 02:30:00+00:00,4506.045,4497.947999999999,4497.998,4522.139000000001,-0.9083705908755562,sl,8.04700000000048,16.09400000000096
2025-12-26 02:50:00+00:00,2025-12-26 06:18:00+00:00,4502.895,4514.705000000001,4496.965,4514.755000000001,1.3257251847495324,tp,5.930000000000291,11.860000000000582
2025-12-26 07:08:00+00:00,2025-12-26 07:45:00+00:00,4512.625,4507.505,4507.555,4522.764999999999,-0.5735788035284775,sl,5.069999999999709,10.139999999999418
2025-12-26 08:03:00+00:00,2025-12-26 10:26:00+00:00,4512.695000000001,4523.059000000001,4507.488,4523.109000000001,1.1609650937779672,tp,5.207000000000335,10.41400000000067
2025-12-26 12:00:00+00:00,2025-12-26 13:38:00+00:00,4509.595,4523.725,4502.505,4523.775000000001,1.5840986691802355,tp,7.0900000000001455,14.180000000000291
2025-12-26 14:27:00+00:00,2025-12-26 14:41:00+00:00,4527.008,4522.407999999999,4522.458,4536.108,-0.5137977653862998,sl,4.550000000000182,9.100000000000364
2025-12-26 15:07:00+00:00,2025-12-26 17:33:00+00:00,4528.375,4512.335,4512.385,4560.355,-1.790958637366402,sl,15.989999999999782,31.979999999999563
2025-12-26 17:47:00+00:00,2025-12-28 23:00:00+00:00,4520.7480000000005,4542.944000000001,4509.625,4542.9940000000015,2.4820531123798606,tp,11.123000000000502,22.246000000001004
2025-12-29 00:49:00+00:00,2025-12-29 06:56:00+00:00,4503.9980000000005,4471.447999999999,4471.498,4568.998000000002,-3.6543156612249676,sl,32.50000000000091,65.00000000000182
2025-12-29 08:10:00+00:00,2025-12-29 08:49:00+00:00,4478.1050000000005,4465.697999999999,4465.748,4502.819000000002,-1.4004538643046414,sl,12.35700000000088,24.71400000000176
2025-12-29 09:15:00+00:00,2025-12-29 10:30:00+00:00,4467.185,4458.755,4458.805,4483.945000000001,-0.9537394918036131,sl,8.38000000000011,16.76000000000022
2025-12-29 11:18:00+00:00,2025-12-29 11:38:00+00:00,4462.0650000000005,4455.465,4455.515,4475.165000000001,-0.7474862239404503,sl,6.550000000000182,13.100000000000364
2025-12-29 12:08:00+00:00,2025-12-29 13:41:00+00:00,4454.885,4441.345,4441.395,4481.865,-1.5358372498690516,sl,13.489999999999782,26.979999999999563
2025-12-29 15:36:00+00:00,2025-12-30 12:14:00+00:00,4332.495,4396.038999999999,4300.698,4396.088999999999,7.4102610095136034,tp,31.79699999999957,63.59399999999914
2025-12-30 12:40:00+00:00,2025-12-30 13:19:00+00:00,4399.425,4391.245,4391.295,4415.685,-0.9400972468339767,sl,8.13000000000011,16.26000000000022
2025-12-30 14:00:00+00:00,2025-12-30 14:38:00+00:00,4388.125,4375.855,4375.905,4412.5650000000005,-1.4136457474588622,sl,12.220000000000255,24.44000000000051
2025-12-30 15:11:00+00:00,2025-12-30 15:31:00+00:00,4371.465,4360.3949999999995,4360.445,4393.505000000001,-1.2800735132973569,sl,11.020000000000437,22.040000000000873
2025-12-30 16:29:00+00:00,2025-12-30 19:47:00+00:00,4370.835,4354.535,4354.585,4403.335,-1.8848747477238306,sl,16.25,32.5
2025-12-30 20:17:00+00:00,2025-12-30 20:59:00+00:00,4350.155,4338.018,4338.068,4374.328999999999,-1.4098890470794418,sl,12.086999999999534,24.17399999999907
2025-12-30 21:06:00+00:00,2025-12-30 21:54:00+00:00,4347.785,4337.6849999999995,4337.735,4367.885,-1.1737376658183813,sl,10.050000000000182,20.100000000000364
2025-12-31 00:07:00+00:00,2025-12-31 00:27:00+00:00,4343.055,4333.048,4333.098,4362.969000000001,-1.1640613010237577,sl,9.957000000000335,19.91400000000067
2025-12-31 00:39:00+00:00,2025-12-31 01:35:00+00:00,4342.805,4363.595,4332.385,4363.645,2.418251158288701,tp,10.420000000000073,20.840000000000146
2025-12-31 02:39:00+00:00,2025-12-31 02:48:00+00:00,4364.225,4357.505,4357.555,4377.5650000000005,-0.7780066792926149,sl,6.670000000000073,13.340000000000146
2025-12-31 06:19:00+00:00,2026-01-02 02:50:00+00:00,4301.155,4355.8049999999985,4273.805,4355.854999999999,6.419376094516118,tp,27.349999999999454,54.69999999999891
2026-01-02 03:35:00+00:00,2026-01-02 07:56:00+00:00,4370.935,4382.0250000000015,4365.365,4382.075000000002,1.282687206242707,tp,5.5700000000006185,11.140000000001237
2026-01-02 08:34:00+00:00,2026-01-02 08:47:00+00:00,4386.588,4397.1179999999995,4381.298,4397.168,1.213724675524643,tp,5.289999999999964,10.579999999999927
2026-01-02 10:21:00+00:00,2026-01-02 10:27:00+00:00,4389.368,4385.648,4385.698,4396.7080000000005,-0.428560091631817,sl,3.6700000000000728,7.3400000000001455
2026-01-02 10:37:00+00:00,2026-01-02 13:24:00+00:00,4390.585,4384.278,4384.328,4403.098999999999,-0.7263615011184856,sl,6.256999999999607,12.513999999999214
2026-01-02 14:22:00+00:00,2026-01-02 14:30:00+00:00,4372.685,4366.648,4366.698,4384.659000000001,-0.6980622697348985,sl,5.98700000000008,11.97400000000016
2026-01-02 15:36:00+00:00,2026-01-02 16:01:00+00:00,4340.295,4330.014999999999,4330.065,4360.755000000001,-1.1974711728388534,sl,10.230000000000473,20.460000000000946
2026-01-02 16:42:00+00:00,2026-01-02 18:10:00+00:00,4325.135,4314.875,4314.925,4345.555,-1.199188513369906,sl,10.210000000000036,20.420000000000073
2026-01-02 18:55:00+00:00,2026-01-02 19:38:00+00:00,4314.985000000001,4325.669000000001,4309.618,4325.719000000001,1.2515345446738868,tp,5.367000000000189,10.734000000000378
2026-01-02 20:11:00+00:00,2026-01-02 20:27:00+00:00,4320.445000000001,4327.435000000001,4316.925,4327.4850000000015,0.8178821126411381,tp,3.5200000000004366,7.040000000000873
2026-01-02 20:56:00+00:00,2026-01-04 23:00:00+00:00,4329.365,4335.714999999999,4326.165,4335.764999999999,0.7415264884217581,tp,3.199999999999818,6.399999999999636
2026-01-04 23:11:00+00:00,2026-01-05 06:25:00+00:00,4362.6050000000005,4424.975,4331.395,4425.025000000001,7.2283445474483825,tp,31.210000000000036,62.42000000000007
2026-01-05 07:42:00+00:00,2026-01-05 08:51:00+00:00,4423.318,4433.408000000001,4418.248,4433.458000000001,1.154150201038193,tp,5.0700000000006185,10.140000000001237
2026-01-05 09:22:00+00:00,2026-01-05 11:25:00+00:00,4434.035,4425.748,4425.798,4450.509,-0.9457298142278903,sl,8.23700000000008,16.47400000000016
2026-01-05 11:50:00+00:00,2026-01-05 12:42:00+00:00,4425.755,4410.235,4410.285,4456.695000000001,-1.7743227501027738,sl,15.470000000000255,30.94000000000051
2026-01-05 13:02:00+00:00,2026-01-05 13:22:00+00:00,4413.738,4405.215,4405.265,4430.684,-0.9768728886611001,sl,8.472999999999956,16.945999999999913
2026-01-05 13:41:00+00:00,2026-01-05 15:03:00+00:00,4413.525000000001,4448.435000000001,4396.045,4448.4850000000015,4.001054272640444,tp,17.480000000000473,34.960000000000946
2026-01-05 16:01:00+00:00,2026-01-05 16:07:00+00:00,4449.745,4440.285,4440.335,4468.565,-1.0758158090602383,sl,9.409999999999854,18.81999999999971
2026-01-05 16:50:00+00:00,2026-01-05 17:01:00+00:00,4450.435,4438.075,4438.125,4475.055000000001,-1.4052440348122417,sl,12.3100000000004,24.6200000000008
2026-01-05 17:25:00+00:00,2026-01-06 00:40:00+00:00,4446.645,4432.045,4432.095,4475.745000000001,-1.661100188741206,sl,14.550000000000182,29.100000000000364
2026-01-06 01:13:00+00:00,2026-01-06 03:12:00+00:00,4440.165,4464.994999999999,4427.725,4465.044999999999,2.828666437453222,tp,12.4399999999996,24.8799999999992
2026-01-06 03:25:00+00:00,2026-01-06 05:56:00+00:00,4467.385,4451.4349999999995,4451.485,4499.185000000001,-1.8064787096024826,sl,15.900000000000546,31.80000000000109
2026-01-06 06:26:00+00:00,2026-01-06 07:08:00+00:00,4459.655,4468.445,4455.235,4468.495,0.9970928878913357,tp,4.420000000000073,8.840000000000146
2026-01-06 08:19:00+00:00,2026-01-06 08:27:00+00:00,4464.665,4473.754999999999,4460.095,4473.804999999999,1.0300677957127138,tp,4.569999999999709,9.139999999999418
2026-01-06 08:59:00+00:00,2026-01-06 09:01:00+00:00,4468.725,4464.675,4464.725,4476.725,-0.45857080979734377,sl,4.0,8.0
2026-01-06 10:32:00+00:00,2026-01-06 11:18:00+00:00,4453.245,4448.3279999999995,4448.378,4462.979,-0.558648904596424,sl,4.867000000000189,9.734000000000378
2026-01-06 11:24:00+00:00,2026-01-06 11:33:00+00:00,4452.1990000000005,4457.517000000001,4449.515,4457.567000000001,0.6043174302219892,tp,2.6840000000001965,5.368000000000393
2026-01-06 11:55:00+00:00,2026-01-06 13:26:00+00:00,4462.348,4457.298,4457.348,4472.348,-0.5725919449769556,sl,5.0,10.0
2026-01-06 13:43:00+00:00,2026-01-06 13:50:00+00:00,4461.775000000001,4455.115,4455.165,4474.995000000002,-0.7551953037018663,sl,6.610000000000582,13.220000000001164
2026-01-06 13:55:00+00:00,2026-01-06 14:45:00+00:00,4464.885,4484.275000000001,4455.165,4484.325000000001,2.1969887570090867,tp,9.720000000000255,19.44000000000051
2026-01-06 14:53:00+00:00,2026-01-06 15:19:00+00:00,4487.375,4475.8949999999995,4475.945,4510.235000000001,-1.2945061521422003,sl,11.430000000000291,22.860000000000582
2026-01-06 16:01:00+00:00,2026-01-06 16:05:00+00:00,4480.295,4472.635,4472.685,4495.514999999999,-0.8650101385730113,sl,7.609999999999673,15.219999999999345
2026-01-06 16:27:00+00:00,2026-01-07 01:10:00+00:00,4483.125,4471.128,4471.178,4507.019,-1.3537975441290695,sl,11.947000000000116,23.894000000000233
2026-01-07 02:10:00+00:00,2026-01-07 05:33:00+00:00,4470.415,4459.258,4459.308,4492.629,-1.262418613862266,sl,11.106999999999971,22.213999999999942
2026-01-07 06:18:00+00:00,2026-01-07 06:24:00+00:00,4459.5650000000005,4454.875,4454.925,4468.845000000001,-0.5318999440869451,sl,4.640000000000327,9.280000000000655
2026-01-07 07:20:00+00:00,2026-01-07 08:37:00+00:00,4450.835,4469.705,4441.375,4469.755,2.1441598947433973,tp,9.460000000000036,18.920000000000073
2026-01-07 09:55:00+00:00,2026-01-07 10:28:00+00:00,4465.245,4459.795,4459.845,4476.044999999999,-0.6174048340266033,sl,5.399999999999636,10.799999999999272
2026-01-07 10:46:00+00:00,2026-01-07 11:25:00+00:00,4466.585,4458.445,4458.495,4482.765,-0.9218093595409679,sl,8.090000000000146,16.18000000000029
2026-01-07 12:29:00+00:00,2026-01-07 13:06:00+00:00,4449.125,4439.085,4439.135,4469.105,-1.1413315997942843,sl,9.989999999999782,19.979999999999563
2026-01-07 13:24:00+00:00,2026-01-07 15:14:00+00:00,4442.5650000000005,4427.455,4427.505,4472.685000000001,-1.7200235980171554,sl,15.0600000000004,30.1200000000008
2026-01-07 15:32:00+00:00,2026-01-08 05:16:00+00:00,4445.535,4423.085,4423.135,4490.334999999999,-2.5534195611493278,sl,22.399999999999636,44.79999999999927
2026-01-08 05:56:00+00:00,2026-01-08 12:04:00+00:00,4423.335,4415.165,4415.215,4439.575,-0.9336678851578211,sl,8.11999999999989,16.23999999999978
2026-01-08 12:27:00+00:00,2026-01-08 15:16:00+00:00,4421.305,4448.895000000001,4407.485,4448.9450000000015,3.1541425109453116,tp,13.820000000000618,27.640000000001237
2026-01-08 15:43:00+00:00,2026-01-08 20:31:00+00:00,4453.915,4475.764999999999,4442.965,4475.815,2.4804192170107378,tp,10.949999999999818,21.899999999999636
2026-01-08 21:03:00+00:00,2026-01-08 21:21:00+00:00,4478.6050000000005,4473.335,4473.385,4489.045000000001,-0.5950999861737387,sl,5.220000000000255,10.44000000000051
2026-01-08 23:01:00+00:00,2026-01-09 00:14:00+00:00,4482.148,4472.348,4472.398,4501.648,-1.1056977246691821,sl,9.75,19.5
2026-01-09 01:35:00+00:00,2026-01-09 02:01:00+00:00,4459.455,4473.1449999999995,4452.585,4473.195,1.5522823323014694,tp,6.869999999999891,13.739999999999782
2026-01-09 02:45:00+00:00,2026-01-09 02:53:00+00:00,4473.165,4468.095,4468.145,4483.204999999999,-0.5732033896252018,sl,5.019999999999527,10.039999999999054
2026-01-09 04:57:00+00:00,2026-01-09 05:11:00+00:00,4465.885,4461.724999999999,4461.775,4474.105000000001,-0.4710607195835232,sl,4.110000000000582,8.220000000001164
2026-01-09 05:28:00+00:00,2026-01-09 06:27:00+00:00,4463.745,4471.754999999999,4459.715,4471.804999999999,0.9074109327668421,tp,4.029999999999745,8.05999999999949
2026-01-09 08:06:00+00:00,2026-01-09 08:35:00+00:00,4473.5650000000005,4469.495,4469.545,4481.605000000001,-0.46009815295426165,sl,4.020000000000437,8.040000000000873
2026-01-09 09:19:00+00:00,2026-01-09 12:33:00+00:00,4476.365,4463.855,4463.905,4501.285,-1.4132594383618537,sl,12.460000000000036,24.920000000000073
2026-01-09 13:02:00+00:00,2026-01-09 13:19:00+00:00,4468.255,4463.995,4464.045,4476.675,-0.4820599323001037,sl,4.210000000000036,8.420000000000073
2026-01-09 13:26:00+00:00,2026-01-09 13:30:00+00:00,4474.305,4461.695,4461.745,4499.425000000001,-1.4249452712530988,sl,12.5600000000004,25.1200000000008
2026-01-09 13:32:00+00:00,2026-01-09 15:22:00+00:00,4476.465,4505.8550000000005,4461.745,4505.905000000001,3.319035310501418,tp,14.720000000000255,29.44000000000051
2026-01-09 15:32:00+00:00,2026-01-09 17:53:00+00:00,4510.985000000001,4493.108,4493.158,4546.639000000001,-2.0040718169248106,sl,17.827000000000226,35.65400000000045
2026-01-09 18:18:00+00:00,2026-01-11 23:00:00+00:00,4493.885,4518.375000000001,4481.615,4518.425000000001,2.755312042050627,tp,12.270000000000437,24.540000000000873
2026-01-11 23:41:00+00:00,2026-01-12 00:13:00+00:00,4539.165,4551.594999999999,4532.925,4551.6449999999995,1.3848968886588418,tp,6.239999999999782,12.479999999999563
2026-01-12 00:55:00+00:00,2026-01-16 15:31:00+00:00,4599.215,4556.375,4556.425,4684.795,-4.711373014516437,sl,42.789999999999964,85.57999999999993
2026-01-16 16:28:00+00:00,2026-01-16 16:51:00+00:00,4595.015,4584.048,4584.098,4616.849000000001,-1.206647279899089,sl,10.917000000000371,21.834000000000742
2026-01-16 18:04:00+00:00,2026-01-18 23:00:00+00:00,4587.225,4604.795000000001,4578.415,4604.845000000001,1.9361959939084186,tp,8.8100000000004,17.6200000000008
2026-01-18 23:17:00+00:00,2026-01-21 01:20:00+00:00,4667.685,4814.675000000001,4594.165,4814.725000000001,15.92197772634751,tp,73.52000000000044,147.04000000000087
2026-01-21 01:55:00+00:00,2026-01-21 15:23:00+00:00,4843.785,4814.675,4814.725,4901.904999999999,-3.0433464160425716,sl,29.05999999999949,58.11999999999898
2026-01-21 15:54:00+00:00,2026-01-21 16:20:00+00:00,4850.645,4832.445,4832.495,4886.9450000000015,-1.8994830341474964,sl,18.150000000000546,36.30000000000109
2026-01-21 17:52:00+00:00,2026-01-21 18:58:00+00:00,4819.515,4845.205,4806.645,4845.255,2.6980053549979477,tp,12.86999999999989,25.73999999999978
2026-01-21 19:25:00+00:00,2026-01-21 19:27:00+00:00,4852.655,4846.155,4846.205,4865.554999999999,-0.6781592858139359,sl,6.449999999999818,12.899999999999636
2026-01-21 19:58:00+00:00,2026-01-21 21:19:00+00:00,4779.665,4828.254999999999,4755.345,4828.304999999999,5.146572861163153,tp,24.31999999999971,48.63999999999942
2026-01-21 21:37:00+00:00,2026-01-21 21:50:00+00:00,4838.985000000001,4831.745,4831.795,4853.365000000002,-0.7578332758320626,sl,7.190000000000509,14.380000000001019
2026-01-22 00:42:00+00:00,2026-01-22 01:01:00+00:00,4789.655,4783.875,4783.925,4801.114999999999,-0.6111959902330542,sl,5.729999999999563,11.459999999999127
2026-01-22 01:20:00+00:00,2026-01-22 02:33:00+00:00,4800.205,4780.995,4781.045,4838.525,-2.0267410535856905,sl,19.159999999999854,38.31999999999971
2026-01-22 03:26:00+00:00,2026-01-22 05:45:00+00:00,4791.885,4804.535000000001,4785.535,4804.585000000001,1.3366814288265012,tp,6.350000000000364,12.700000000000728
2026-01-22 06:23:00+00:00,2026-01-22 09:32:00+00:00,4826.1050000000005,4816.155,4816.205,4845.905000000002,-1.0440646950207468,sl,9.900000000000546,19.80000000000109
2026-01-22 10:19:00+00:00,2026-01-22 12:59:00+00:00,4825.428,4819.255,4819.305,4837.673999999999,-0.647763930540296,sl,6.1229999999995925,12.245999999999185
2026-01-22 13:13:00+00:00,2026-01-22 13:42:00+00:00,4824.575,4815.745,4815.795,4842.134999999999,-0.926680845395487,sl,8.779999999999745,17.55999999999949
2026-01-22 14:02:00+00:00,2026-01-22 15:26:00+00:00,4823.915,4850.625,4810.535,4850.675,2.8032578154295,tp,13.38000000000011,26.76000000000022
2026-01-22 15:52:00+00:00,2026-01-22 17:22:00+00:00,4868.175,4886.805,4858.835,4886.8550000000005,1.9380085608904059,tp,9.340000000000146,18.68000000000029
2026-01-22 17:35:00+00:00,2026-01-22 23:03:00+00:00,4895.665,4948.555,4869.195,4948.6050000000005,5.472099489287404,tp,26.470000000000255,52.94000000000051
2026-01-22 23:48:00+00:00,2026-01-23 08:20:00+00:00,4953.475,4929.8949999999995,4929.945,5000.535000000002,-2.412461913163979,sl,23.530000000000655,47.06000000000131
2026-01-23 09:41:00+00:00,2026-01-23 13:07:00+00:00,4915.485000000001,4947.315000000001,4899.545,4947.365000000002,3.28090399999636,tp,15.94000000000051,31.88000000000102
2026-01-23 13:55:00+00:00,2026-01-23 16:09:00+00:00,4940.325,4966.775,4927.075,4966.825,2.713526116839024,tp,13.25,26.5
2026-01-23 16:18:00+00:00,2026-01-25 23:21:00+00:00,4977.485000000001,5030.209000000002,4951.098,5030.259000000002,5.370051909429187,tp,26.387000000000626,52.77400000000125
2026-01-25 23:24:00+00:00,2026-01-26 01:32:00+00:00,5028.005,5079.369000000001,5002.298,5079.419000000001,5.181710924723246,tp,25.707000000000335,51.41400000000067
2026-01-26 02:22:00+00:00,2026-01-26 03:01:00+00:00,5083.285,5072.285,5072.335,5105.1849999999995,-1.0981964668647854,sl,10.949999999999818,21.899999999999636
2026-01-26 03:16:00+00:00,2026-01-26 03:52:00+00:00,5086.835,5071.365,5071.415,5117.675,-1.5432187356021767,sl,15.420000000000073,30.840000000000146
2026-01-26 04:57:00+00:00,2026-01-26 05:12:00+00:00,5069.215,5057.995,5058.045,5091.555,-1.122977168196583,sl,11.170000000000073,22.340000000000146
2026-01-26 05:24:00+00:00,2026-01-26 05:32:00+00:00,5062.985000000001,5054.845,5054.895,5079.165000000001,-0.8156211516199848,sl,8.090000000000146,16.18000000000029
2026-01-26 05:48:00+00:00,2026-01-26 06:45:00+00:00,5068.285,5095.694999999999,5054.555,5095.744999999999,2.7433663663356604,tp,13.729999999999563,27.459999999999127
2026-01-26 08:02:00+00:00,2026-01-26 08:51:00+00:00,5094.585,5085.6849999999995,5085.735,5112.285000000001,-0.8864095307802099,sl,8.850000000000364,17.700000000000728
2026-01-26 09:16:00+00:00,2026-01-26 09:51:00+00:00,5093.075,5079.95,5080.0,5119.224999999999,-1.30747841279659,sl,13.074999999999818,26.149999999999636
2026-01-26 10:13:00+00:00,2026-01-26 11:19:00+00:00,5086.375,5078.345,5078.395,5102.334999999999,-0.8008782380214097,sl,7.979999999999563,15.959999999999127
2026-01-26 11:37:00+00:00,2026-01-26 12:56:00+00:00,5087.805,5078.165,5078.215,5106.985000000001,-0.9611067264389997,sl,9.590000000000146,19.18000000000029
2026-01-26 13:53:00+00:00,2026-01-26 14:00:00+00:00,5074.025000000001,5066.804999999999,5066.855,5088.3650000000025,-0.721719583928205,sl,7.170000000000982,14.340000000001965
2026-01-26 14:21:00+00:00,2026-01-26 16:05:00+00:00,5073.115,5103.044999999999,5058.125,5103.094999999999,2.992161324266892,tp,14.989999999999782,29.979999999999563
2026-01-26 16:49:00+00:00,2026-01-26 18:40:00+00:00,5085.335,5064.974999999999,5065.025,5125.955000000001,-2.031137355731804,sl,20.3100000000004,40.6200000000008
2026-01-26 20:06:00+00:00,2026-01-26 21:32:00+00:00,5044.6050000000005,5007.968,5008.018,5117.779000000001,-3.683722262771694,sl,36.587000000000444,73.17400000000089
2026-01-26 23:01:00+00:00,2026-01-27 05:50:00+00:00,5020.598,5082.133999999999,4989.805,5082.183999999999,6.214557631832829,tp,30.792999999999665,61.58599999999933
2026-01-27 06:02:00+00:00,2026-01-27 06:11:00+00:00,5085.655,5077.905,5077.955,5101.054999999999,-0.7731384687767433,sl,7.699999999999818,15.399999999999636
2026-01-27 06:23:00+00:00,2026-01-27 08:29:00+00:00,5085.505,5077.905,5077.955,5100.6050000000005,-0.7581390906331338,sl,7.550000000000182,15.100000000000364
2026-01-27 08:45:00+00:00,2026-01-27 11:51:00+00:00,5082.305,5073.025,5073.075,5100.765000000001,-0.9262413868835306,sl,9.230000000000473,18.460000000000946
2026-01-27 12:31:00+00:00,2026-01-27 13:41:00+00:00,5083.535,5073.345,5073.395,5103.814999999999,-1.016730016065671,sl,10.139999999999418,20.279999999998836
2026-01-27 14:37:00+00:00,2026-01-27 20:10:00+00:00,5076.125,5135.3949999999995,5046.465,5135.445,5.921835901972451,tp,29.659999999999854,59.31999999999971
2026-01-27 20:21:00+00:00,2026-01-28 05:24:00+00:00,5147.095,5260.5250000000015,5090.355,5260.575000000002,11.183377104094074,tp,56.74000000000069,113.48000000000138
2026-01-28 05:29:00+00:00,2026-01-28 08:05:00+00:00,5259.715,5296.445000000001,5241.325,5296.495000000001,3.547678174170945,tp,18.390000000000327,36.780000000000655
2026-01-28 08:31:00+00:00,2026-01-28 08:45:00+00:00,5300.455,5288.6449999999995,5288.695,5323.975,-1.1323322046689004,sl,11.760000000000218,23.520000000000437
2026-01-28 09:35:00+00:00,2026-01-28 09:44:00+00:00,5280.145,5268.255,5268.305,5303.825000000001,-1.1442600447545852,sl,11.840000000000146,23.68000000000029
2026-01-28 10:10:00+00:00,2026-01-28 11:04:00+00:00,5281.675,5262.865,5262.915,5319.195000000001,-1.8094931724496195,sl,18.76000000000022,37.52000000000044
2026-01-28 11:47:00+00:00,2026-01-28 12:07:00+00:00,5262.215,5251.825,5251.875,5282.895,-1.0030196597777818,sl,10.340000000000146,20.68000000000029
2026-01-28 12:22:00+00:00,2026-01-28 14:06:00+00:00,5267.005,5251.465,5251.515,5297.985,-1.4986730346236674,sl,15.489999999999782,30.979999999999563
2026-01-28 14:36:00+00:00,2026-01-28 15:08:00+00:00,5271.005,5248.485,5248.535,5315.945000000001,-2.169853907656299,sl,22.470000000000255,44.94000000000051
2026-01-28 15:24:00+00:00,2026-01-28 19:57:00+00:00,5273.295,5331.325,5244.255,5331.375,5.587702239808206,tp,29.039999999999964,58.07999999999993
2026-01-28 20:26:00+00:00,2026-01-28 20:42:00+00:00,5343.898,5389.734,5320.955,5389.784000000001,4.357628440679594,tp,22.94300000000021,45.88600000000042
2026-01-28 21:07:00+00:00,2026-01-28 23:01:00+00:00,5395.495,5452.439,5366.998,5452.4890000000005,5.36419473109918,tp,28.4970000000003,56.9940000000006
2026-01-28 23:12:00+00:00,2026-01-28 23:39:00+00:00,5453.075,5593.6849999999995,5382.745,5593.735,13.112687548112989,tp,70.32999999999993,140.65999999999985
2026-01-29 00:34:00+00:00,2026-01-29 01:09:00+00:00,5511.375,5462.815,5462.865,5608.395,-4.486371726590646,sl,48.51000000000022,97.02000000000044
2026-01-29 01:31:00+00:00,2026-01-29 15:04:00+00:00,5513.715,5444.298,5444.348,5652.4490000000005,-6.407766799928184,sl,69.36700000000019,138.73400000000038
2026-01-29 16:02:00+00:00,2026-01-29 21:27:00+00:00,5211.125,5419.435,5106.945,5419.485000000001,20.33247876682026,tp,104.18000000000029,208.36000000000058
2026-01-29 23:04:00+00:00,2026-01-30 01:02:00+00:00,5428.148,5377.375,5377.425,5529.594,-4.767163027703829,sl,50.722999999999956,101.44599999999991
2026-01-30 01:34:00+00:00,2026-01-30 01:59:00+00:00,5366.895,5301.169,5301.219,5498.247000000001,-6.23863825215343,sl,65.67600000000039,131.35200000000077
2026-01-30 02:37:00+00:00,2026-01-30 08:33:00+00:00,5194.115,5111.348,5111.398,5359.548999999999,-8.112511788015647,sl,82.71699999999964,165.4339999999993
2026-01-30 08:48:00+00:00,2026-01-30 09:08:00+00:00,5109.875,5074.974999999999,5075.025,5179.575000000001,-3.4743909210478905,sl,34.850000000000364,69.70000000000073
2026-01-30 10:20:00+00:00,2026-01-30 13:49:00+00:00,5057.955,4999.3279999999995,4999.378,5175.109,-5.894376954834376,sl,58.577000000000226,117.15400000000045
2026-01-30 14:02:00+00:00,2026-01-30 15:01:00+00:00,5054.225,4990.825,4990.875,5180.925000000001,-6.375263107196151,sl,63.350000000000364,126.70000000000073
2026-01-30 15:36:00+00:00,2026-01-30 16:03:00+00:00,5061.045,5029.737999999999,5029.788,5123.559000000001,-3.141898904607481,sl,31.257000000000517,62.51400000000103
2026-01-30 18:05:00+00:00,2026-01-30 18:10:00+00:00,4882.4580000000005,4799.407999999999,4799.458,5048.458000000002,-8.636896748161769,sl,83.00000000000091,166.00000000000182
2026-01-30 18:34:00+00:00,2026-01-30 18:38:00+00:00,4766.375,4702.715,4702.765,4893.594999999999,-6.77587696332843,sl,63.60999999999967,127.21999999999935
2026-01-30 18:45:00+00:00,2026-02-02 01:09:00+00:00,4777.4980000000005,4679.675,4679.725,4973.044000000001,-10.38095787246239,sl,97.77300000000014,195.54600000000028
2026-02-02 01:36:00+00:00,2026-02-02 03:40:00+00:00,4724.118,4643.3679999999995,4643.418,4885.518000000002,-8.65712932715428,sl,80.70000000000073,161.40000000000146
2026-02-02 04:20:00+00:00,2026-02-02 05:40:00+00:00,4696.718,4602.375,4602.425,4885.303999999999,-10.164733038134676,sl,94.29299999999967,188.58599999999933
2026-02-02 06:57:00+00:00,2026-02-02 09:55:00+00:00,4508.0380000000005,4721.988000000002,4401.038,4722.038000000002,23.99214621797717,tp,107.00000000000091,214.00000000000182
2026-02-02 10:00:00+00:00,2026-02-02 10:25:00+00:00,4718.335,4683.398,4683.448,4788.1089999999995,-3.7520668475456596,sl,34.886999999999716,69.77399999999943
2026-02-02 10:56:00+00:00,2026-02-02 15:30:00+00:00,4710.898,4655.5779999999995,4655.628,4821.438000000001,-5.948279721752693,sl,55.27000000000044,110.54000000000087
2026-02-02 16:22:00+00:00,2026-02-03 07:33:00+00:00,4703.598,4918.494,4596.125,4918.544,23.128953185638636,tp,107.47299999999996,214.9459999999999
2026-02-03 07:56:00+00:00,2026-02-03 08:00:00+00:00,4926.325,4912.785,4912.835,4953.304999999999,-1.3945831342621646,sl,13.489999999999782,26.979999999999563
2026-02-03 08:13:00+00:00,2026-02-03 09:27:00+00:00,4931.665,4897.945,4897.995,4999.005,-3.4688307867660475,sl,33.67000000000007,67.34000000000015
2026-02-03 09:46:00+00:00,2026-02-03 11:24:00+00:00,4924.345,4884.224999999999,4884.275,5004.4850000000015,-4.131931096902977,sl,40.07000000000062,80.14000000000124
2026-02-03 11:34:00+00:00,2026-02-03 16:26:00+00:00,4914.015,4975.105000000001,4883.445,4975.155000000002,6.302274478930098,tp,30.57000000000062,61.14000000000124
2026-02-03 16:36:00+00:00,2026-02-03 17:11:00+00:00,4984.1050000000005,4929.375,4929.425,5093.465000000001,-5.570212975722201,sl,54.68000000000029,109.36000000000058
2026-02-03 18:13:00+00:00,2026-02-03 18:24:00+00:00,4953.095,4925.745,4925.795,5007.695000000001,-2.799469211535468,sl,27.300000000000182,54.600000000000364
2026-02-03 19:15:00+00:00,2026-02-04 00:14:00+00:00,4915.368,4985.464000000001,4880.295,4985.514000000001,7.227902735901755,tp,35.07300000000032,70.14600000000064
2026-02-04 00:48:00+00:00,2026-02-04 02:02:00+00:00,4998.575,5060.099,4967.788,5060.149,6.242851532343813,tp,30.787000000000262,61.574000000000524
2026-02-04 03:05:00+00:00,2026-02-04 03:53:00+00:00,5047.735000000001,5072.9850000000015,5035.085,5073.035000000002,2.5387309687126134,tp,12.650000000000546,25.30000000000109
2026-02-04 04:47:00+00:00,2026-02-04 06:09:00+00:00,5074.175,5055.845,5055.895,5110.735,-1.8338232630945552,sl,18.279999999999745,36.55999999999949
2026-02-04 06:45:00+00:00,2026-02-04 09:23:00+00:00,5070.095,5052.628,5052.678,5104.929000000001,-1.7485748506664704,sl,17.41700000000037,34.83400000000074
2026-02-04 10:43:00+00:00,2026-02-04 10:56:00+00:00,5059.535,5046.945,5046.995,5084.615,-1.262764354538141,sl,12.539999999999964,25.079999999999927
2026-02-04 11:34:00+00:00,2026-02-04 12:33:00+00:00,5033.505,5061.535,5019.465,5061.585,2.8255678750813478,tp,14.039999999999964,28.079999999999927
2026-02-04 13:55:00+00:00,2026-02-04 14:25:00+00:00,5061.205,5032.795,5032.845,5117.924999999999,-2.84899286624476,sl,28.359999999999673,56.719999999999345
2026-02-04 17:13:00+00:00,2026-02-04 17:26:00+00:00,4915.775000000001,4891.688,4891.738,4963.849000000001,-2.4862389414373833,sl,24.037000000000262,48.074000000000524
2026-02-04 18:08:00+00:00,2026-02-04 23:14:00+00:00,4916.745,5005.455,4872.365,5005.505,9.152518785442654,tp,44.38000000000011,88.76000000000022
2026-02-04 23:29:00+00:00,2026-02-05 00:14:00+00:00,5020.1050000000005,4999.665,4999.715,5060.885000000001,-2.0673091874848604,sl,20.390000000000327,40.780000000000655
2026-02-05 00:46:00+00:00,2026-02-05 00:55:00+00:00,5019.955,5008.808,5008.858,5042.148999999999,-1.1272158788418056,sl,11.096999999999753,22.193999999999505
2026-02-05 03:11:00+00:00,2026-02-05 21:33:00+00:00,4853.615,4787.635,4787.685,4985.4749999999985,-6.899977696508724,sl,65.92999999999938,131.85999999999876
2026-02-06 00:27:00+00:00,2026-02-06 02:34:00+00:00,4713.7480000000005,4832.484000000002,4654.355,4832.534000000002,12.776781351529698,tp,59.39300000000094,118.78600000000188
2026-02-06 03:05:00+00:00,2026-02-06 03:23:00+00:00,4831.115,4808.018,4808.068,4877.208999999999,-2.4280646321879757,sl,23.04699999999957,46.09399999999914
2026-02-06 03:57:00+00:00,2026-02-06 05:47:00+00:00,4824.905,4874.089,4800.288,4874.139,5.175869230988789,tp,24.61700000000019,49.23400000000038
2026-02-06 07:26:00+00:00,2026-02-06 07:59:00+00:00,4860.6050000000005,4842.065,4842.115,4897.585000000002,-1.9377106013903311,sl,18.49000000000069,36.98000000000138
2026-02-06 08:16:00+00:00,2026-02-06 13:01:00+00:00,4857.275000000001,4914.625000000002,4828.575,4914.675000000002,5.996908322052318,tp,28.700000000000728,57.400000000001455
2026-02-06 13:25:00+00:00,2026-02-06 13:26:00+00:00,4927.089,4906.778,4906.828,4967.610999999999,-2.0949993345627735,sl,20.260999999999513,40.521999999999025
2026-02-06 13:39:00+00:00,2026-02-06 14:23:00+00:00,4936.418000000001,4904.6849999999995,4904.735,4999.784000000002,-3.2662744278730313,sl,31.683000000000902,63.366000000001804
2026-02-06 14:34:00+00:00,2026-02-08 23:24:00+00:00,4928.388,4996.843999999999,4894.135,4996.893999999999,7.055381169197532,tp,34.2529999999997,68.5059999999994
2026-02-08 23:50:00+00:00,2026-02-09 00:00:00+00:00,5044.915,5031.075,5031.125,5072.495,-1.394432854512435,sl,13.789999999999964,27.579999999999927
2026-02-09 01:03:00+00:00,2026-02-09 01:07:00+00:00,5038.295,5011.248,5011.298,5092.289000000001,-2.7282948494813795,sl,26.9970000000003,53.9940000000006
2026-02-09 02:27:00+00:00,2026-02-09 02:47:00+00:00,5001.045,4988.615,4988.665,5025.805,-1.2628436198363224,sl,12.38000000000011,24.76000000000022
2026-02-09 02:52:00+00:00,2026-02-09 06:01:00+00:00,5008.915,5042.145,4992.275,5042.195000000001,3.3703260154577195,tp,16.640000000000327,33.280000000000655
2026-02-09 06:04:00+00:00,2026-02-09 06:21:00+00:00,5041.755,5022.705,5022.755,5079.755,-1.920182516048913,sl,19.0,38.0
2026-02-09 06:44:00+00:00,2026-02-09 07:05:00+00:00,5032.295,5020.615,5020.665,5055.555,-1.1792990905183391,sl,11.63000000000011,23.26000000000022
2026-02-09 08:05:00+00:00,2026-02-09 10:01:00+00:00,5016.6050000000005,5000.535,5000.585,5048.645000000001,-1.6274317333103006,sl,16.020000000000437,32.04000000000087
2026-02-09 10:16:00+00:00,2026-02-09 10:27:00+00:00,5014.3150000000005,4996.195,4996.245,5050.455000000002,-1.8355821454554377,sl,18.07000000000062,36.14000000000124
2026-02-09 11:25:00+00:00,2026-02-09 14:31:00+00:00,5002.445000000001,5028.189000000002,4989.548,5028.239000000002,2.6136201637857477,tp,12.897000000000844,25.794000000001688
2026-02-09 14:44:00+00:00,2026-02-09 20:20:00+00:00,5036.025000000001,5080.895000000002,5013.565,5080.945000000002,4.526147424665874,tp,22.460000000000946,44.92000000000189
2026-02-09 20:33:00+00:00,2026-02-09 20:36:00+00:00,5081.455,5075.264999999999,5075.315,5093.735000000001,-0.6190938636658034,sl,6.140000000000327,12.280000000000655
2026-02-09 20:55:00+00:00,2026-02-09 21:06:00+00:00,5081.195000000001,5073.135,5073.185,5097.215000000001,-0.8061143668106301,sl,8.010000000000218,16.020000000000437
2026-02-09 21:50:00+00:00,2026-02-09 23:00:00+00:00,5065.135,5053.648,5053.698,5088.009,-1.1524142809533413,sl,11.436999999999898,22.873999999999796
2026-02-09 23:41:00+00:00,2026-02-10 15:38:00+00:00,5026.738,5000.782999999999,5000.833,5078.548000000002,-2.6234849077750666,sl,25.905000000000655,51.81000000000131
2026-02-10 16:33:00+00:00,2026-02-10 18:24:00+00:00,5019.775000000001,5005.445,5005.495,5048.335000000002,-1.4500854330598425,sl,14.280000000000655,28.56000000000131
2026-02-10 18:45:00+00:00,2026-02-10 20:45:00+00:00,5015.255,5036.599,5004.558,5036.649,2.1614861135965557,tp,10.697000000000116,21.394000000000233
2026-02-10 21:52:00+00:00,2026-02-10 21:56:00+00:00,5026.285,5022.865,5022.915,5033.025,-0.3456535780761673,sl,3.369999999999891,6.739999999999782
2026-02-10 23:02:00+00:00,2026-02-10 23:23:00+00:00,5031.448,5054.204000000001,5020.045,5054.254000000001,2.2974719732523554,tp,11.403000000000247,22.806000000000495
2026-02-10 23:48:00+00:00,2026-02-11 00:04:00+00:00,5046.775000000001,5038.048,5038.098,5064.129000000002,-0.8786107604963965,sl,8.67700000000059,17.35400000000118
2026-02-11 00:34:00+00:00,2026-02-11 01:00:00+00:00,5045.505,5032.418,5032.468,5071.579000000001,-1.3177814663639063,sl,13.037000000000262,26.074000000000524
2026-02-11 01:50:00+00:00,2026-02-11 02:15:00+00:00,5048.515,5032.318,5032.368,5080.809,-1.6297558092471216,sl,16.146999999999935,32.29399999999987
2026-02-11 02:38:00+00:00,2026-02-11 03:31:00+00:00,5046.945000000001,5059.555000000002,5040.615,5059.605000000002,1.2690199478022517,tp,6.330000000000837,12.660000000001673
2026-02-11 04:17:00+00:00,2026-02-11 04:42:00+00:00,5058.585,5052.795,5052.845,5070.065,-0.5814142848551213,sl,5.739999999999782,11.479999999999563
2026-02-11 05:20:00+00:00,2026-02-11 07:11:00+00:00,5051.095,5066.665000000001,5043.285,5066.715000000001,1.5657211087491825,tp,7.8100000000004,15.6200000000008
2026-02-11 09:20:00+00:00,2026-02-11 09:46:00+00:00,5054.245,5069.174999999999,5046.755,5069.224999999999,1.5006581766129217,tp,7.489999999999782,14.979999999999563
2026-02-11 10:21:00+00:00,2026-02-11 10:44:00+00:00,5072.655,5098.678999999998,5059.618,5098.728999999998,2.606640417149026,tp,13.036999999999352,26.073999999998705
2026-02-11 11:20:00+00:00,2026-02-11 11:46:00+00:00,5096.115,5111.485,5088.405,5111.535,1.5328103924174072,tp,7.710000000000036,15.420000000000073
2026-02-11 13:28:00+00:00,2026-02-11 13:30:00+00:00,5088.175,5063.495,5063.545,5137.435,-2.465485151452339,sl,24.63000000000011,49.26000000000022
2026-02-11 13:50:00+00:00,2026-02-12 16:11:00+00:00,5068.705,5017.945,5017.995,5170.125,-5.0890712821447845,sl,50.710000000000036,101.42000000000007
2026-02-12 17:08:00+00:00,2026-02-12 18:08:00+00:00,4961.765,4930.585,4930.635,5024.025000000001,-3.191804934842598,sl,31.13000000000011,62.26000000000022
2026-02-12 18:52:00+00:00,2026-02-12 23:00:00+00:00,4949.7080000000005,4906.135,4906.185,5036.754000000001,-4.469900206098506,sl,43.52300000000014,87.04600000000028
2026-02-12 23:28:00+00:00,2026-02-13 14:21:00+00:00,4926.675,5007.459000000001,4886.258,5007.509000000001,8.322238999949693,tp,40.41700000000037,80.83400000000074
2026-02-13 14:34:00+00:00,2026-02-13 14:37:00+00:00,5008.025000000001,4999.345,4999.395,5025.285000000001,-0.8803956693266235,sl,8.63000000000011,17.26000000000022
2026-02-13 15:09:00+00:00,2026-02-13 15:53:00+00:00,5007.3150000000005,4989.675,4989.725,5042.495000000001,-1.7892898180285552,sl,17.590000000000146,35.18000000000029
2026-02-13 16:15:00+00:00,2026-02-13 19:09:00+00:00,4997.325,5044.548999999999,4973.688,5044.598999999999,4.798833631672902,tp,23.636999999999716,47.27399999999943
2026-02-13 20:42:00+00:00,2026-02-13 20:52:00+00:00,5033.095,5024.035,5024.085,5051.115000000001,-0.9145527093471939,sl,9.010000000000218,18.020000000000437
2026-02-13 21:03:00+00:00,2026-02-15 23:01:00+00:00,5034.405,5021.224999999999,5021.275,5060.665,-1.3299761129385324,sl,13.13000000000011,26.26000000000022
2026-02-16 00:49:00+00:00,2026-02-16 01:01:00+00:00,5015.308,5008.495,5008.545,5028.834,-0.6900181398209495,sl,6.76299999999992,13.52599999999984
2026-02-16 01:15:00+00:00,2026-02-16 02:37:00+00:00,5022.595,5006.635,5006.685,5054.415,-1.6139681347164234,sl,15.909999999999854,31.81999999999971
2026-02-16 05:06:00+00:00,2026-02-16 06:40:00+00:00,4981.295,4997.384999999999,4973.225,4997.4349999999995,1.6403442625045426,tp,8.069999999999709,16.139999999999418
2026-02-16 07:26:00+00:00,2026-02-16 07:43:00+00:00,4997.845,5005.635,4993.925,5005.685,0.7916733602686905,tp,3.9200000000000728,7.8400000000001455
2026-02-16 08:03:00+00:00,2026-02-16 08:10:00+00:00,5011.045,5003.098,5003.148,5026.839,-0.8055641148728241,sl,7.8969999999999345,15.793999999999869
2026-02-16 08:30:00+00:00,2026-02-16 12:18:00+00:00,5006.035,4995.245,4995.295,5027.514999999999,-1.0947584997264168,sl,10.739999999999782,21.479999999999563
2026-02-16 12:33:00+00:00,2026-02-16 13:40:00+00:00,5001.7080000000005,4992.508,4992.558,5020.008000000002,-0.9341431848160296,sl,9.150000000000546,18.30000000000109
2026-02-16 14:17:00+00:00,2026-02-16 14:18:00+00:00,4998.225,4993.8949999999995,4993.945,5006.785000000002,-0.43992243141048093,sl,4.280000000000655,8.56000000000131
2026-02-16 15:23:00+00:00,2026-02-17 00:42:00+00:00,4979.655,4968.615,4968.665,5001.634999999999,-1.125783863449809,sl,10.989999999999782,21.979999999999563
2026-02-17 01:22:00+00:00,2026-02-17 05:15:00+00:00,4952.265,4922.508,4922.558,5011.679000000001,-3.050860325472189,sl,29.707000000000335,59.41400000000067
2026-02-17 05:53:00+00:00,2026-02-17 08:12:00+00:00,4892.195000000001,4928.325000000003,4874.105,4928.375000000003,3.7486143226162887,tp,18.090000000001055,36.18000000000211
2026-02-17 09:02:00+00:00,2026-02-17 09:17:00+00:00,4926.575,4919.615,4919.665,4940.3949999999995,-0.7173498926949609,sl,6.9099999999998545,13.819999999999709
2026-02-17 09:52:00+00:00,2026-02-17 10:11:00+00:00,4922.875,4936.245,4916.165,4936.295,1.3789509459146936,tp,6.710000000000036,13.420000000000073
2026-02-17 11:21:00+00:00,2026-02-17 13:56:00+00:00,4927.945000000001,4907.304999999999,4907.355,4969.125000000003,-2.126860619352758,sl,20.590000000001055,41.18000000000211
2026-02-17 15:20:00+00:00,2026-02-17 17:11:00+00:00,4873.895,4850.8679999999995,4850.918,4919.849000000002,-2.3986419384747126,sl,22.97700000000077,45.95400000000154
2026-02-17 17:30:00+00:00,2026-02-17 18:40:00+00:00,4864.165,4893.154999999999,4849.645,4893.204999999999,3.0251125886504298,tp,14.519999999999527,29.039999999999054
2026-02-17 18:56:00+00:00,2026-02-17 19:29:00+00:00,4898.475,4884.764999999999,4884.815,4925.795000000002,-1.4210441903197395,sl,13.660000000000764,27.320000000001528
2026-02-17 20:42:00+00:00,2026-02-17 23:03:00+00:00,4881.545,4873.4349999999995,4873.485,4897.665000000001,-0.843400397798042,sl,8.0600000000004,16.1200000000008
2026-02-17 23:15:00+00:00,2026-02-17 23:50:00+00:00,4882.295,4861.195,4861.245,4924.395,-2.1937776383930174,sl,21.050000000000182,42.100000000000364
2026-02-18 00:25:00+00:00,2026-02-18 01:03:00+00:00,4869.6050000000005,4886.955000000002,4860.905,4887.005000000002,1.8081982974229756,tp,8.700000000000728,17.400000000001455
2026-02-18 01:34:00+00:00,2026-02-18 03:02:00+00:00,4889.895,4907.925000000002,4880.855,4907.975000000002,1.871603572248155,tp,9.040000000000873,18.080000000001746
2026-02-18 03:19:00+00:00,2026-02-18 04:08:00+00:00,4916.275000000001,4926.379000000001,4911.198,4926.429000000001,1.0434097752696774,tp,5.0770000000002256,10.154000000000451
2026-02-18 04:29:00+00:00,2026-02-18 08:19:00+00:00,4931.988,4924.195,4924.245,4947.474000000001,-0.8022782575112593,sl,7.743000000000393,15.486000000000786
2026-02-18 09:24:00+00:00,2026-02-18 10:38:00+00:00,4921.095,4912.6849999999995,4912.735,4937.815000000001,-0.867645446150802,sl,8.360000000000582,16.720000000001164
2026-02-18 10:57:00+00:00,2026-02-18 11:45:00+00:00,4914.8150000000005,4909.175,4909.225,4925.995000000001,-0.5825629522614819,sl,5.5900000000001455,11.180000000000291
2026-02-18 12:01:00+00:00,2026-02-18 12:58:00+00:00,4917.165,4939.334999999999,4906.055,4939.384999999999,2.2887424544465658,tp,11.109999999999673,22.219999999999345
2026-02-18 13:08:00+00:00,2026-02-20 09:03:00+00:00,4955.318,5030.914000000001,4917.495,5030.964000000001,7.745887669687492,tp,37.82300000000032,75.64600000000064
2026-02-20 10:33:00+00:00,2026-02-20 11:41:00+00:00,5030.885,5022.938,5022.988,5046.679,-0.8026641653821832,sl,7.8969999999999345,15.793999999999869
2026-02-20 12:37:00+00:00,2026-02-20 14:45:00+00:00,5024.055,5058.565000000001,5006.775,5058.615000000002,3.4900473793657554,tp,17.280000000000655,34.56000000000131
2026-02-20 15:02:00+00:00,2026-02-20 15:02:00+00:00,5062.905,5040.045,5040.095,5108.524999999999,-2.2949135389951003,sl,22.80999999999949,45.61999999999898
2026-02-20 15:38:00+00:00,2026-02-20 19:56:00+00:00,5033.478,5078.548000000001,5010.918,5078.598000000001,4.549998007564992,tp,22.5600000000004,45.1200000000008
2026-02-20 20:10:00+00:00,2026-02-20 20:58:00+00:00,5080.045,5096.169000000001,5071.958,5096.219000000001,1.613583500665251,tp,8.087000000000444,16.174000000000888
2026-02-20 21:30:00+00:00,2026-02-22 23:01:00+00:00,5097.775000000001,5110.345000000001,5091.465,5110.395000000001,1.2537465347307422,tp,6.3100000000004,12.6200000000008
2026-02-22 23:41:00+00:00,2026-02-23 00:01:00+00:00,5154.115,5143.175,5143.225,5175.894999999999,-1.0793738424776846,sl,10.889999999999418,21.779999999998836
2026-02-23 00:30:00+00:00,2026-02-23 07:26:00+00:00,5153.025000000001,5128.985,5129.035,5201.005000000002,-2.372109822589268,sl,23.99000000000069,47.98000000000138
2026-02-23 08:47:00+00:00,2026-02-23 10:23:00+00:00,5134.245,5153.394999999999,5124.645,5153.444999999999,1.8960660047020026,tp,9.599999999999454,19.19999999999891
2026-02-23 10:51:00+00:00,2026-02-23 13:26:00+00:00,5156.025000000001,5144.697999999999,5144.748,5178.579000000002,-1.1169716066728086,sl,11.277000000000953,22.554000000001906
2026-02-23 14:15:00+00:00,2026-02-23 14:44:00+00:00,5156.8550000000005,5188.0650000000005,5141.225,5188.115000000001,3.076829206771091,tp,15.63000000000011,31.26000000000022
2026-02-23 15:15:00+00:00,2026-02-23 16:04:00+00:00,5198.935,5180.304999999999,5180.355,5236.095000000002,-1.822319023057652,sl,18.580000000000837,37.16000000000167
2026-02-23 16:17:00+00:00,2026-02-24 01:15:00+00:00,5206.195000000001,5175.495,5175.545,5267.495000000002,-2.9982377379202987,sl,30.650000000000546,61.30000000000109
2026-02-24 01:38:00+00:00,2026-02-24 12:19:00+00:00,5173.935,5148.298,5148.348,5225.109000000001,-2.5186411214580664,sl,25.587000000000444,51.17400000000089
2026-02-24 13:11:00+00:00,2026-02-24 13:39:00+00:00,5160.8150000000005,5144.764999999999,5144.815,5192.815000000002,-1.5804078925501028,sl,16.00000000000091,32.00000000000182
2026-02-24 14:39:00+00:00,2026-02-25 01:15:00+00:00,5132.148,5177.584000000001,5109.405,5177.634000000001,4.49827317090529,tp,22.743000000000393,45.486000000000786
2026-02-25 01:36:00+00:00,2026-02-25 01:57:00+00:00,5188.375,5177.785,5177.835,5209.455,-1.0375325044793005,sl,10.539999999999964,21.079999999999927
2026-02-25 02:10:00+00:00,2026-02-25 02:51:00+00:00,5186.115,5174.215,5174.265,5209.814999999999,-1.1662659699980182,sl,11.849999999999454,23.69999999999891
2026-02-25 03:01:00+00:00,2026-02-25 11:10:00+00:00,5188.085,5166.155,5166.205,5231.845,-2.1481989738961658,sl,21.88000000000011,43.76000000000022
2026-02-25 11:44:00+00:00,2026-02-25 16:46:00+00:00,5173.375,5210.284999999999,5154.895,5210.334999999999,3.6251104515793964,tp,18.479999999999563,36.95999999999913
2026-02-25 17:09:00+00:00,2026-02-25 17:45:00+00:00,5213.395,5207.625,5207.675,5224.835000000001,-0.5625501421016618,sl,5.720000000000255,11.44000000000051
2026-02-25 18:34:00+00:00,2026-02-25 18:35:00+00:00,5207.265,5206.288,5206.338,5209.1190000000015,-0.09536014592017353,sl,0.9270000000005894,1.8540000000011787
2026-02-25 19:15:00+00:00,2026-02-25 19:18:00+00:00,5207.025000000001,5200.325,5200.375,5220.325000000002,-0.6539779244359375,sl,6.650000000000546,13.300000000001091
2026-02-25 19:52:00+00:00,2026-02-25 20:03:00+00:00,5206.698,5198.724999999999,5198.775,5222.544000000002,-0.7782325343363122,sl,7.923000000000684,15.846000000001368
2026-02-25 23:03:00+00:00,2026-02-25 23:04:00+00:00,5174.4980000000005,5167.764999999999,5167.815,5187.864000000002,-0.6612369972926253,sl,6.683000000000902,13.366000000001804
2026-02-26 00:16:00+00:00,2026-02-26 05:16:00+00:00,5170.635,5200.565,5155.645,5200.615,2.9413813429635587,tp,14.989999999999782,29.979999999999563
2026-02-26 05:24:00+00:00,2026-02-26 07:02:00+00:00,5202.525000000001,5189.715,5189.765,5228.045000000001,-1.2515526629835618,sl,12.760000000000218,25.520000000000437
2026-02-26 07:42:00+00:00,2026-02-26 07:47:00+00:00,5188.715,5184.255,5184.305,5197.535,-0.4368534258077344,sl,4.4099999999998545,8.819999999999709
2026-02-26 08:13:00+00:00,2026-02-26 08:27:00+00:00,5189.195000000001,5179.008,5179.058,5209.469000000002,-0.9976733093425146,sl,10.137000000000626,20.27400000000125
2026-02-26 08:50:00+00:00,2026-02-26 10:50:00+00:00,5179.425,5170.245,5170.295,5197.685,-0.9006593053452593,sl,9.13000000000011,18.26000000000022
2026-02-26 11:03:00+00:00,2026-02-26 11:16:00+00:00,5173.995,5171.4349999999995,5171.485,5179.015,-0.2514055608744141,sl,2.5100000000002183,5.020000000000437
2026-02-26 12:10:00+00:00,2026-02-26 14:30:00+00:00,5168.835,5157.445,5157.495,5191.515,-1.119647281943773,sl,11.340000000000146,22.68000000000029
2026-02-26 14:37:00+00:00,2026-02-26 15:27:00+00:00,5173.145,5139.4349999999995,5139.485,5240.465000000002,-3.310597805168151,sl,33.660000000000764,67.32000000000153
2026-02-26 15:43:00+00:00,2026-02-27 20:23:00+00:00,5173.335,5260.965,5129.495,5261.015,8.602863017456347,tp,43.840000000000146,87.68000000000029
2026-02-27 20:44:00+00:00,2026-02-27 21:51:00+00:00,5262.685,5279.415000000001,5254.295,5279.465000000001,1.6159094788576838,tp,8.390000000000327,16.780000000000655
2026-03-01 23:01:00+00:00,2026-03-02 07:07:00+00:00,5314.948,5393.398,5275.698,5393.448,7.503975662830573,tp,39.25,78.5
2026-03-02 07:49:00+00:00,2026-03-02 08:43:00+00:00,5412.175,5401.788,5401.838,5432.849000000001,-0.9764189203237257,sl,10.337000000000444,20.674000000000888
2026-03-02 09:32:00+00:00,2026-03-02 10:02:00+00:00,5399.685,5385.485,5385.535,5427.9850000000015,-1.3378152058799093,sl,14.150000000000546,28.30000000000109
2026-03-02 10:37:00+00:00,2026-03-02 10:54:00+00:00,5394.665,5383.275,5383.325,5417.345,-1.0739358575056086,sl,11.340000000000146,22.68000000000029
2026-03-02 11:19:00+00:00,2026-03-02 11:45:00+00:00,5395.995,5382.035,5382.085,5423.815,-1.3157916620661627,sl,13.909999999999854,27.81999999999971
2026-03-02 12:46:00+00:00,2026-03-02 12:55:00+00:00,5397.835,5388.495,5388.545,5416.415,-0.8799223312863936,sl,9.289999999999964,18.579999999999927
2026-03-02 13:04:00+00:00,2026-03-02 13:12:00+00:00,5399.925,5385.245,5385.295,5429.185,-1.3823493765092127,sl,14.63000000000011,29.26000000000022
2026-03-02 13:31:00+00:00,2026-03-02 14:04:00+00:00,5411.185,5381.288,5381.338,5470.879000000002,-2.809025527868223,sl,29.847000000000662,59.694000000001324
2026-03-02 15:32:00+00:00,2026-03-02 15:57:00+00:00,5347.475,5317.035,5317.085,5408.255000000001,-2.893319210455977,sl,30.390000000000327,60.780000000000655
2026-03-02 16:26:00+00:00,2026-03-03 00:32:00+00:00,5307.805,5360.775000000001,5281.295,5360.825000000001,5.070979471757654,tp,26.51000000000022,53.02000000000044
2026-03-03 01:03:00+00:00,2026-03-03 01:47:00+00:00,5360.905,5346.025,5346.075,5390.565,-1.4111016831564263,sl,14.829999999999927,29.659999999999854
2026-03-03 02:23:00+00:00,2026-03-03 05:48:00+00:00,5354.705,5332.474999999999,5332.525,5399.0650000000005,-2.1102656324367817,sl,22.18000000000029,44.36000000000058
2026-03-03 07:07:00+00:00,2026-03-03 08:59:00+00:00,5317.685,5290.465,5290.515,5372.025000000001,-2.6014085812918535,sl,27.170000000000073,54.340000000000146
2026-03-03 09:53:00+00:00,2026-03-03 10:38:00+00:00,5277.305,5258.925,5258.975,5313.965,-1.7695596253580652,sl,18.329999999999927,36.659999999999854
2026-03-03 11:48:00+00:00,2026-03-03 14:44:00+00:00,5143.755,5071.595,5071.645,5287.974999999999,-7.126437864886436,sl,72.10999999999967,144.21999999999935
2026-03-03 15:38:00+00:00,2026-03-03 16:07:00+00:00,5063.745,5117.715,5036.735,5117.765,5.410434059368101,tp,27.01000000000022,54.02000000000044
2026-03-03 16:24:00+00:00,2026-03-03 16:55:00+00:00,5124.465,5099.458,5099.508,5174.379000000001,-2.478540141668745,sl,24.957000000000335,49.91400000000067
2026-03-03 18:01:00+00:00,2026-03-03 18:39:00+00:00,5088.625,5131.134999999999,5067.345,5131.1849999999995,4.241969804132974,tp,21.279999999999745,42.55999999999949
2026-03-03 19:02:00+00:00,2026-03-03 19:08:00+00:00,5140.125,5130.585,5130.635,5159.105,-0.9428290917176384,sl,9.489999999999782,18.979999999999563
2026-03-03 19:47:00+00:00,2026-03-03 20:51:00+00:00,5125.765,5099.038,5099.088,5179.1190000000015,-2.6485580656193908,sl,26.67700000000059,53.35400000000118
2026-03-03 21:05:00+00:00,2026-03-03 21:32:00+00:00,5104.875,5085.585,5085.635,5143.355,-1.9188978266707801,sl,19.23999999999978,38.47999999999956
2026-03-03 21:43:00+00:00,2026-03-03 21:52:00+00:00,5095.875,5083.575,5083.625,5120.375,-1.2254878746837048,sl,12.25,24.5
2026-03-03 23:01:00+00:00,2026-03-04 01:01:00+00:00,5108.798,5155.473999999998,5085.435,5155.5239999999985,4.638153922876681,tp,23.362999999999374,46.72599999999875
2026-03-04 01:13:00+00:00,2026-03-04 06:06:00+00:00,5162.1050000000005,5127.345,5127.395,5231.525000000001,-3.4199640420636954,sl,34.710000000000036,69.42000000000007
2026-03-04 06:35:00+00:00,2026-03-04 10:11:00+00:00,5151.305,5197.229,5128.318,5197.279,4.526315319240788,tp,22.98700000000008,45.97400000000016
2026-03-04 10:57:00+00:00,2026-03-04 12:19:00+00:00,5192.625,5181.295,5181.345,5215.1849999999995,-1.108303884585156,sl,11.279999999999745,22.55999999999949
2026-03-04 13:09:00+00:00,2026-03-04 14:48:00+00:00,5183.285,5159.365,5159.415,5231.025,-2.343821906442253,sl,23.86999999999989,47.73999999999978
2026-03-04 15:02:00+00:00,2026-03-04 15:11:00+00:00,5161.785,5138.425,5138.475,5208.404999999999,-2.2979534584371875,sl,23.30999999999949,46.61999999999898
2026-03-04 15:36:00+00:00,2026-03-04 17:23:00+00:00,5165.669,5130.915,5130.965,5235.076999999999,-3.4154524307825174,sl,34.70399999999972,69.40799999999945
2026-03-04 17:48:00+00:00,2026-03-04 18:04:00+00:00,5140.285,5132.065,5132.115,5156.625,-0.8115373617433879,sl,8.170000000000073,16.340000000000146
2026-03-04 18:32:00+00:00,2026-03-04 18:40:00+00:00,5128.875,5110.938999999999,5110.989,5164.647000000001,-1.7745680357752216,sl,17.886000000000422,35.772000000000844
2026-03-04 18:47:00+00:00,2026-03-05 00:13:00+00:00,5129.935,5172.399000000001,5108.678,5172.449000000001,4.199738682519867,tp,21.257000000000517,42.51400000000103
2026-03-05 01:07:00+00:00,2026-03-05 04:53:00+00:00,5180.028,5166.028,5166.078,5207.928,-1.371793903629033,sl,13.949999999999818,27.899999999999636
2026-03-05 06:50:00+00:00,2026-03-05 08:12:00+00:00,5158.735000000001,5146.495,5146.545,5183.115000000002,-1.2041274216258937,sl,12.19000000000051,24.38000000000102
2026-03-05 08:31:00+00:00,2026-03-05 09:06:00+00:00,5149.005,5172.529,5137.218,5172.579000000001,2.3183050440649513,tp,11.787000000000262,23.574000000000524
2026-03-05 10:27:00+00:00,2026-03-05 13:16:00+00:00,5158.085,5145.804999999999,5145.855,5182.545000000001,-1.2083473411917076,sl,12.230000000000473,24.460000000000946
2026-03-05 14:05:00+00:00,2026-03-05 14:15:00+00:00,5128.735000000001,5109.585,5109.635,5166.935000000001,-1.8949106521787282,sl,19.100000000000364,38.20000000000073
2026-03-05 14:59:00+00:00,2026-03-05 15:06:00+00:00,5108.635,5093.865,5093.915,5138.075000000001,-1.4669818887203088,sl,14.720000000000255,29.44000000000051
2026-03-05 15:54:00+00:00,2026-03-05 16:09:00+00:00,5096.235000000001,5077.255,5077.305,5134.095000000001,-1.8894400092270305,sl,18.93000000000029,37.86000000000058
2026-03-05 16:46:00+00:00,2026-03-05 18:03:00+00:00,5074.975,5053.985,5054.035,5116.855000000001,-2.0978962023122354,sl,20.94000000000051,41.88000000000102
2026-03-05 18:06:00+00:00,2026-03-05 19:35:00+00:00,5070.075,5055.355,5055.405,5099.415,-1.4723432534528487,sl,14.670000000000073,29.340000000000146
2026-03-05 20:12:00+00:00,2026-03-05 23:41:00+00:00,5073.3550000000005,5097.045000000002,5061.485,5097.095000000002,2.367676717502274,tp,11.8700000000008,23.7400000000016
2026-03-06 00:55:00+00:00,2026-03-06 01:00:00+00:00,5089.405,5074.745,5074.795,5118.624999999999,-1.4609015113712092,sl,14.609999999999673,29.219999999999345
2026-03-06 01:13:00+00:00,2026-03-06 01:42:00+00:00,5082.415,5114.764999999999,5066.215,5114.815,3.2277180247126984,tp,16.199999999999818,32.399999999999636
2026-03-06 03:01:00+00:00,2026-03-06 05:10:00+00:00,5129.6050000000005,5122.605,5122.655,5143.505000000002,-0.6922193523039705,sl,6.950000000000728,13.900000000001455
2026-03-06 05:30:00+00:00,2026-03-06 05:30:00+00:00,5129.705,5122.495,5122.545,5144.025,-0.7129233866505973,sl,7.1599999999998545,14.319999999999709
2026-03-06 06:24:00+00:00,2026-03-06 07:04:00+00:00,5121.675,5111.875,5111.925,5141.175,-0.9704731500930164,sl,9.75,19.5
2026-03-06 09:33:00+00:00,2026-03-06 09:36:00+00:00,5102.425,5091.505,5091.555,5124.165,-1.0853602749236335,sl,10.86999999999989,21.73999999999978
2026-03-06 11:18:00+00:00,2026-03-06 11:53:00+00:00,5088.8150000000005,5079.945,5079.995,5106.455000000002,-0.8838700032743181,sl,8.820000000000618,17.640000000001237
2026-03-06 12:10:00+00:00,2026-03-06 15:00:00+00:00,5086.235000000001,5134.405000000002,5062.125,5134.455000000002,4.802018302144327,tp,24.110000000000582,48.220000000001164
2026-03-06 15:24:00+00:00,2026-03-06 15:52:00+00:00,5158.3550000000005,5137.375,5137.425,5200.215000000001,-2.0632100638435653,sl,20.93000000000029,41.86000000000058
2026-03-06 16:05:00+00:00,2026-03-06 16:33:00+00:00,5149.705,5134.165,5134.215,5180.6849999999995,-1.5304865845766176,sl,15.489999999999782,30.979999999999563
2026-03-06 16:47:00+00:00,2026-03-08 22:00:00+00:00,5147.435,5190.785000000002,5125.735,5190.835000000002,4.270645887808293,tp,21.700000000000728,43.400000000001455
2026-03-08 22:31:00+00:00,2026-03-08 22:40:00+00:00,5162.875,5126.264999999999,5126.315,5235.995000000001,-3.5973797522126434,sl,36.5600000000004,73.1200000000008
2026-03-09 00:01:00+00:00,2026-03-09 00:13:00+00:00,5077.345,5043.418,5043.468,5145.099000000001,-3.3886986159498274,sl,33.87700000000041,67.75400000000081
2026-03-09 00:33:00+00:00,2026-03-09 01:00:00+00:00,5053.655,5028.1449999999995,5028.195,5104.575,-2.559080255851422,sl,25.460000000000036,50.92000000000007
2026-03-09 01:07:00+00:00,2026-03-09 19:24:00+00:00,5057.245,5142.375,5014.655,5142.425,8.531748632409467,tp,42.590000000000146,85.18000000000029
2026-03-09 19:56:00+00:00,2026-03-09 22:03:00+00:00,5138.5650000000005,5128.655,5128.705,5158.285000000002,-0.9782876883671463,sl,9.860000000000582,19.720000000001164
2026-03-09 22:44:00+00:00,2026-03-09 23:19:00+00:00,5136.845,5154.795,5127.845,5154.845,1.7723965640519084,tp,9.0,18.0
2026-03-10 00:37:00+00:00,2026-03-10 00:52:00+00:00,5136.205,5130.425,5130.475,5147.664999999999,-0.5708924106495473,sl,5.729999999999563,11.459999999999127
2026-03-10 01:04:00+00:00,2026-03-10 01:49:00+00:00,5139.765,5170.175000000001,5124.535,5170.225000000001,3.0013559256688898,tp,15.230000000000473,30.460000000000946
2026-03-10 01:53:00+00:00,2026-03-10 13:18:00+00:00,5171.985000000001,5210.795000000001,5152.555,5210.845000000001,3.807668997681717,tp,19.43000000000029,38.86000000000058
2026-03-10 15:02:00+00:00,2026-03-10 15:34:00+00:00,5213.3550000000005,5233.9450000000015,5203.035,5233.995000000002,2.0048171272089106,tp,10.320000000000618,20.640000000001237
2026-03-10 15:46:00+00:00,2026-03-10 16:12:00+00:00,5237.075,5223.105,5223.155,5264.915,-1.354344293054663,sl,13.920000000000073,27.840000000000146
2026-03-10 16:19:00+00:00,2026-03-10 18:02:00+00:00,5229.805,5222.3949999999995,5222.445,5244.5250000000015,-0.719277132234232,sl,7.360000000000582,14.720000000001164
2026-03-10 19:17:00+00:00,2026-03-10 19:31:00+00:00,5200.625,5192.735,5192.785,5216.305,-0.7701126136029824,sl,7.8400000000001455,15.680000000000291
2026-03-10 19:55:00+00:00,2026-03-10 22:02:00+00:00,5196.7480000000005,5184.665,5184.715,5220.814000000001,-1.1801655839123129,sl,12.033000000000357,24.066000000000713
2026-03-10 22:20:00+00:00,2026-03-11 08:26:00+00:00,5196.445000000001,5182.345,5182.395,5224.545000000001,-1.377089330008295,sl,14.050000000000182,28.100000000000364
2026-03-11 08:53:00+00:00,2026-03-11 10:42:00+00:00,5187.335,5179.165,5179.215,5203.575,-0.7992233649050042,sl,8.11999999999989,16.23999999999978
2026-03-11 11:05:00+00:00,2026-03-11 11:12:00+00:00,5192.695000000001,5184.455,5184.505,5209.075000000002,-0.8051756016487639,sl,8.19000000000051,16.38000000000102
2026-03-11 12:11:00+00:00,2026-03-11 12:36:00+00:00,5189.6050000000005,5175.375,5175.425,5217.965000000001,-1.3912088980498871,sl,14.180000000000291,28.360000000000582
2026-03-11 13:07:00+00:00,2026-03-11 13:45:00+00:00,5180.185,5161.9349999999995,5161.985,5216.585000000002,-1.787227352687524,sl,18.200000000000728,36.400000000001455
2026-03-11 14:02:00+00:00,2026-03-11 22:56:00+00:00,5184.675,5149.014999999999,5149.065,5255.895000000001,-3.488554370378568,sl,35.61000000000058,71.22000000000116
2026-03-11 23:14:00+00:00,2026-03-12 00:00:00+00:00,5153.405,5129.125,5129.175,5201.864999999999,-2.3888601417104804,sl,24.229999999999563,48.45999999999913
2026-03-12 00:23:00+00:00,2026-03-12 08:01:00+00:00,5145.475,5186.005,5125.185,5186.055,3.992869605996734,tp,20.289999999999964,40.57999999999993
2026-03-12 09:28:00+00:00,2026-03-12 09:59:00+00:00,5179.1050000000005,5188.8150000000005,5174.225,5188.865000000001,0.950756974384729,tp,4.880000000000109,9.760000000000218
2026-03-12 10:05:00+00:00,2026-03-12 10:27:00+00:00,5188.135,5182.415,5182.465,5199.475,-0.5591527641372086,sl,5.670000000000073,11.340000000000146
2026-03-12 11:39:00+00:00,2026-03-12 12:02:00+00:00,5179.905,5176.035,5176.085,5187.544999999999,-0.37888808174300964,sl,3.819999999999709,7.639999999999418
2026-03-12 12:48:00+00:00,2026-03-12 13:22:00+00:00,5177.265,5168.285,5168.335,5195.125000000001,-0.8795924481537919,sl,8.930000000000291,17.860000000000582
2026-03-12 14:03:00+00:00,2026-03-12 14:33:00+00:00,5160.8550000000005,5145.764999999999,5145.815,5190.935000000002,-1.4826391609763787,sl,15.040000000000873,30.080000000001746
2026-03-12 16:22:00+00:00,2026-03-12 17:12:00+00:00,5137.085,5120.788,5120.838,5169.579000000001,-1.6084045801806564,sl,16.2470000000003,32.4940000000006
2026-03-12 19:29:00+00:00,2026-03-12 20:20:00+00:00,5094.205,5080.755,5080.805,5121.004999999999,-1.338385923311976,sl,13.399999999999636,26.799999999999272
2026-03-12 20:46:00+00:00,2026-03-13 00:53:00+00:00,5074.055,5112.525000000001,5054.795,5112.575000000001,3.8427769173881106,tp,19.26000000000022,38.52000000000044
2026-03-13 02:00:00+00:00,2026-03-13 03:00:00+00:00,5124.205,5109.697999999999,5109.748,5153.119000000001,-1.4354691919397276,sl,14.457000000000335,28.91400000000067
2026-03-13 03:47:00+00:00,2026-03-13 04:24:00+00:00,5114.305,5105.965,5106.015,5130.885,-0.8267243073164526,sl,8.289999999999964,16.579999999999927
2026-03-13 04:50:00+00:00,2026-03-13 05:05:00+00:00,5105.635,5102.315,5102.365,5112.175000000001,-0.32963566049713233,sl,3.2700000000004366,6.540000000000873
2026-03-13 05:12:00+00:00,2026-03-13 05:43:00+00:00,5107.085,5102.248,5102.298,5116.659000000001,-0.4801033643493734,sl,4.787000000000262,9.574000000000524
2026-03-13 06:04:00+00:00,2026-03-13 06:21:00+00:00,5106.725,5097.724999999999,5097.775,5124.625000000002,-0.8933285608585981,sl,8.950000000000728,17.900000000001455
2026-03-13 07:09:00+00:00,2026-03-13 07:16:00+00:00,5091.845,5083.495,5083.545,5108.445000000001,-0.8311591886583808,sl,8.300000000000182,16.600000000000364
2026-03-13 08:37:00+00:00,2026-03-13 12:02:00+00:00,5080.345,5118.415000000001,5061.285,5118.465000000001,3.7977552263100836,tp,19.0600000000004,38.1200000000008
2026-03-13 12:46:00+00:00,2026-03-13 13:32:00+00:00,5116.795,5104.085,5104.135,5142.115,-1.2593531200715873,sl,12.659999999999854,25.31999999999971
2026-03-13 16:30:00+00:00,2026-03-13 19:41:00+00:00,5040.6050000000005,5024.054999999999,5024.105,5073.605000000002,-1.6644140746024179,sl,16.50000000000091,33.00000000000182
2026-03-13 20:43:00+00:00,2026-03-15 22:00:00+00:00,5021.508,5012.825,5012.875,5038.773999999999,-0.8764161803802448,sl,8.63299999999981,17.26599999999962
2026-03-15 22:07:00+00:00,2026-03-15 23:20:00+00:00,5027.875,4997.165,4997.215,5089.195,-3.095512338129676,sl,30.659999999999854,61.31999999999971
2026-03-15 23:57:00+00:00,2026-03-16 06:16:00+00:00,4992.285,5032.874999999999,4971.965,5032.924999999999,4.119307600050698,tp,20.31999999999971,40.63999999999942
2026-03-16 08:11:00+00:00,2026-03-16 08:13:00+00:00,4999.928,4992.035,4992.085,5015.614,-0.8001278944641158,sl,7.842999999999847,15.685999999999694
2026-03-16 08:24:00+00:00,2026-03-16 08:39:00+00:00,5000.945000000001,4987.625,4987.675,5027.4850000000015,-1.3498916930710176,sl,13.270000000000437,26.540000000000873
2026-03-16 09:27:00+00:00,2026-03-16 09:45:00+00:00,4989.495,4979.625,4979.675,5009.134999999999,-1.0024194810820486,sl,9.819999999999709,19.639999999999418
2026-03-16 10:17:00+00:00,2026-03-16 11:10:00+00:00,4981.0650000000005,5002.915000000002,4970.115,5002.965000000002,2.2226711490607793,tp,10.950000000000728,21.900000000001455
2026-03-16 11:19:00+00:00,2026-03-16 11:55:00+00:00,5008.165,4995.295,4995.345,5033.804999999999,-1.3023902662937343,sl,12.819999999999709,25.639999999999418
2026-03-16 12:15:00+00:00,2026-03-16 13:35:00+00:00,5005.3550000000005,5031.105000000001,4992.455,5031.155000000002,2.606920372761189,tp,12.900000000000546,25.80000000000109
2026-03-16 14:09:00+00:00,2026-03-16 14:22:00+00:00,5036.805,5022.775,5022.825,5064.765000000001,-1.4118860520394558,sl,13.980000000000473,27.960000000000946
2026-03-16 15:19:00+00:00,2026-03-16 15:28:00+00:00,5002.505,4989.965,4990.015,5027.485,-1.2704179721282551,sl,12.489999999999782,24.979999999999563
2026-03-16 17:01:00+00:00,2026-03-16 19:10:00+00:00,4994.655,5018.4389999999985,4982.738,5018.488999999999,2.4130237038675806,tp,11.916999999999462,23.833999999998923
2026-03-16 19:53:00+00:00,2026-03-16 20:03:00+00:00,5015.075,5007.865,5007.915,5029.3949999999995,-0.728691008112817,sl,7.1599999999998545,14.319999999999709
2026-03-16 20:08:00+00:00,2026-03-16 20:35:00+00:00,5017.6050000000005,5008.228,5008.278,5036.259000000001,-0.9471566328136959,sl,9.327000000000226,18.65400000000045
2026-03-16 22:03:00+00:00,2026-03-16 22:12:00+00:00,5011.015,5004.474999999999,5004.525,5023.995000000002,-0.6614024831844668,sl,6.490000000000691,12.980000000001382
2026-03-16 22:49:00+00:00,2026-03-16 22:58:00+00:00,5005.895,5000.065,5000.115,5017.455000000002,-0.5901633735725642,sl,5.780000000000655,11.56000000000131
2026-03-16 23:15:00+00:00,2026-03-17 00:28:00+00:00,5005.975,4999.938,4999.988,5017.9490000000005,-0.6110723644882825,sl,5.98700000000008,11.97400000000016
2026-03-17 00:55:00+00:00,2026-03-17 01:00:00+00:00,5004.235000000001,4998.125,4998.175,5016.355000000001,-0.6186392493884956,sl,6.0600000000004,12.1200000000008
2026-03-17 01:02:00+00:00,2026-03-17 01:03:00+00:00,5004.865,4997.985,4998.035,5018.525,-0.6964717623148489,sl,6.829999999999927,13.659999999999854
2026-03-17 01:06:00+00:00,2026-03-17 01:36:00+00:00,5004.1050000000005,5016.1950000000015,4998.035,5016.245000000002,1.2239888959704808,tp,6.0700000000006185,12.140000000001237
2026-03-17 01:50:00+00:00,2026-03-17 04:44:00+00:00,5020.385,5039.155,5010.975,5039.205,1.894337253828553,tp,9.409999999999854,18.81999999999971
2026-03-17 05:17:00+00:00,2026-03-17 05:40:00+00:00,5041.905,5032.125,5032.175,5061.364999999999,-0.9830043183617924,sl,9.729999999999563,19.459999999999127
2026-03-17 06:34:00+00:00,2026-03-17 10:06:00+00:00,5014.6050000000005,5004.635,5004.685,5034.445000000001,-1.00745935795621,sl,9.920000000000073,19.840000000000146
2026-03-17 10:24:00+00:00,2026-03-17 10:39:00+00:00,5007.245,5000.775,5000.825,5020.085,-0.6546834618270108,sl,6.420000000000073,12.840000000000146
2026-03-17 11:15:00+00:00,2026-03-17 12:30:00+00:00,5004.725,5020.935,4996.595,5020.985000000001,1.6409701005225743,tp,8.13000000000011,16.26000000000022
2026-03-17 13:02:00+00:00,2026-03-17 13:32:00+00:00,5014.985000000001,5026.115000000001,5009.395,5026.165000000001,1.1245887248118096,tp,5.5900000000001455,11.180000000000291
2026-03-17 13:42:00+00:00,2026-03-17 13:53:00+00:00,5028.725,5010.235,5010.285,5065.605000000001,-1.8633541865456675,sl,18.44000000000051,36.88000000000102
2026-03-17 14:09:00+00:00,2026-03-17 14:23:00+00:00,5018.2080000000005,5009.245,5009.295,5036.0340000000015,-0.9049847837449513,sl,8.913000000000466,17.82600000000093
2026-03-17 14:44:00+00:00,2026-03-17 15:27:00+00:00,5013.735000000001,5002.6849999999995,5002.735,5035.735000000002,-1.1166026524765609,sl,11.00000000000091,22.00000000000182
2026-03-17 16:19:00+00:00,2026-03-18 01:52:00+00:00,5000.685,4991.304999999999,4991.355,5019.345000000002,-0.9502179538026793,sl,9.330000000000837,18.660000000001673
2026-03-18 02:18:00+00:00,2026-03-18 02:54:00+00:00,5002.425,4996.155,4996.205,5014.865000000001,-0.6348865310109678,sl,6.220000000000255,12.44000000000051
2026-03-18 03:14:00+00:00,2026-03-18 04:34:00+00:00,4994.845,4985.795,4985.845,5012.845,-0.917716424727433,sl,9.0,18.0
2026-03-18 05:00:00+00:00,2026-03-18 05:37:00+00:00,4986.725,4997.275000000001,4981.425,4997.325000000001,1.0714690620434149,tp,5.300000000000182,10.600000000000364
2026-03-18 05:48:00+00:00,2026-03-18 08:07:00+00:00,5001.8150000000005,4987.385,4987.435,5030.575000000001,-1.461259134933481,sl,14.38000000000011,28.76000000000022
2026-03-18 09:06:00+00:00,2026-03-18 09:16:00+00:00,4989.939,4984.089,4984.139,5001.539000000001,-0.5937266070732199,sl,5.800000000000182,11.600000000000364
2026-03-18 09:21:00+00:00,2026-03-18 10:28:00+00:00,4992.439,4984.089,4984.139,5009.039000000001,-0.8469819053859261,sl,8.300000000000182,16.600000000000364
2026-03-18 13:40:00+00:00,2026-03-18 19:00:00+00:00,4867.825,4850.175,4850.225,4903.024999999999,-1.8360049886097365,sl,17.599999999999454,35.19999999999891
2026-03-18 19:13:00+00:00,2026-03-18 19:47:00+00:00,4860.425,4843.304999999999,4843.355,4894.565000000001,-1.7832608570550383,sl,17.07000000000062,34.14000000000124
2026-03-18 22:01:00+00:00,2026-03-18 22:14:00+00:00,4828.665,4816.3949999999995,4816.445,4853.1050000000005,-1.2862528673907292,sl,12.220000000000255,24.44000000000051
2026-03-18 22:37:00+00:00,2026-03-19 06:35:00+00:00,4827.715,4803.795,4803.845,4875.455,-2.507686480220515,sl,23.86999999999989,47.73999999999978
2026-03-19 09:02:00+00:00,2026-03-19 10:20:00+00:00,4719.658,4686.585,4686.635,4785.704000000001,-3.5457584349572544,sl,33.02300000000014,66.04600000000028
2026-03-19 10:34:00+00:00,2026-03-19 10:53:00+00:00,4695.735000000001,4670.615,4670.665,4745.875000000002,-2.7058888058446944,sl,25.07000000000062,50.14000000000124
2026-03-19 11:02:00+00:00,2026-03-19 11:35:00+00:00,4691.795,4676.005,4676.055,4723.275,-1.7018481758700539,sl,15.739999999999782,31.479999999999563
2026-03-19 13:21:00+00:00,2026-03-20 01:40:00+00:00,4575.218,4681.534,4522.035,4681.584,11.748744571476465,tp,53.18299999999999,106.36599999999999
2026-03-20 02:10:00+00:00,2026-03-20 03:05:00+00:00,4684.655,4709.424999999999,4672.245,4709.474999999999,2.6764388131648533,tp,12.409999999999854,24.81999999999971
2026-03-20 03:18:00+00:00,2026-03-20 05:55:00+00:00,4729.575,4692.9349999999995,4692.985,4802.755,-3.922446915604262,sl,36.590000000000146,73.18000000000029
2026-03-20 07:01:00+00:00,2026-03-20 07:46:00+00:00,4674.5650000000005,4698.975000000001,4662.335,4699.0250000000015,2.642908005444297,tp,12.230000000000473,24.460000000000946
2026-03-20 07:56:00+00:00,2026-03-20 08:26:00+00:00,4700.995,4732.6849999999995,4685.125,4732.735,3.4127250225941403,tp,15.86999999999989,31.73999999999978
2026-03-20 09:11:00+00:00,2026-03-20 09:22:00+00:00,4696.875,4684.095,4684.145,4722.334999999999,-1.377961410575195,sl,12.729999999999563,25.459999999999127
2026-03-20 10:38:00+00:00,2026-03-20 10:51:00+00:00,4661.735000000001,4645.735,4645.785,4693.635000000002,-1.7379149357906725,sl,15.950000000000728,31.900000000001455
2026-03-20 11:21:00+00:00,2026-03-20 13:35:00+00:00,4667.595,4636.795,4636.845,4729.095,-3.340712714182462,sl,30.75,61.5
2026-03-20 16:01:00+00:00,2026-03-20 16:18:00+00:00,4561.465,4596.175,4544.085,4596.225,3.851133146138453,tp,17.38000000000011,34.76000000000022
2026-03-20 17:03:00+00:00,2026-03-20 17:31:00+00:00,4590.275000000001,4567.697999999999,4567.748,4635.329000000002,-2.490181486556259,sl,22.527000000000953,45.054000000001906
2026-03-20 19:45:00+00:00,2026-03-20 20:58:00+00:00,4514.185,4492.105,4492.155,4558.245000000002,-2.475804634617282,sl,22.030000000000655,44.06000000000131
2026-03-22 22:08:00+00:00,2026-03-22 22:08:00+00:00,4503.845,4493.728,4493.778,4523.979,-1.1367337248301974,sl,10.067000000000007,20.134000000000015
2026-03-22 22:10:00+00:00,2026-03-23 00:03:00+00:00,4510.245,4448.785,4448.835,4633.065,-6.8949968541367515,sl,61.409999999999854,122.81999999999971
2026-03-23 01:05:00+00:00,2026-03-23 05:50:00+00:00,4375.895,4318.775,4318.825,4490.035000000002,-6.600349827822086,sl,57.07000000000062,114.14000000000124
2026-03-23 07:32:00+00:00,2026-03-23 08:09:00+00:00,4145.448,4239.7440000000015,4098.275,4239.794000000002,11.494336441555495,tp,47.173000000000684,94.34600000000137
2026-03-23 08:12:00+00:00,2026-03-23 11:06:00+00:00,4246.188,4367.143999999999,4185.685,4367.1939999999995,14.410663105867268,tp,60.5029999999997,121.0059999999994
2026-03-23 12:35:00+00:00,2026-03-24 00:39:00+00:00,4406.785,4348.458,4348.508,4523.339,-6.705353300202317,sl,58.277000000000044,116.55400000000009
2026-03-24 02:05:00+00:00,2026-03-24 02:11:00+00:00,4332.595,4307.505,4307.555,4382.675,-2.9318311199447833,sl,25.039999999999964,50.07999999999993
2026-03-24 02:23:00+00:00,2026-03-24 07:53:00+00:00,4347.725,4431.995000000002,4305.565,4432.045000000002,9.810057269738474,tp,42.160000000000764,84.32000000000153
2026-03-24 08:48:00+00:00,2026-03-24 10:58:00+00:00,4407.485000000001,4440.615000000001,4390.895,4440.665000000001,3.8081311005704412,tp,16.590000000000146,33.18000000000029
2026-03-24 11:33:00+00:00,2026-03-24 11:52:00+00:00,4420.878000000001,4407.355,4407.405,4447.824000000002,-1.550275950391846,sl,13.473000000000866,26.94600000000173
2026-03-24 12:14:00+00:00,2026-03-24 12:33:00+00:00,4419.578,4390.125,4390.175,4478.384000000001,-3.376966855691974,sl,29.403000000000247,58.806000000000495
2026-03-24 14:01:00+00:00,2026-03-24 20:24:00+00:00,4386.728,4458.4580000000005,4350.838,4458.508000000001,8.283110447311827,tp,35.89000000000033,71.78000000000065
2026-03-24 20:53:00+00:00,2026-03-24 23:39:00+00:00,4476.835,4541.805,4444.325,4541.8550000000005,7.357495956622771,tp,32.51000000000022,65.02000000000044
2026-03-24 23:50:00+00:00,2026-03-25 19:09:00+00:00,4549.648,4503.985,4504.035,4640.874000000001,-5.09201784880509,sl,45.613000000000284,91.22600000000057
2026-03-25 19:41:00+00:00,2026-03-26 05:30:00+00:00,4518.425,4486.458,4486.508,4582.259000000001,-3.587567492797203,sl,31.91700000000037,63.83400000000074
2026-03-26 06:28:00+00:00,2026-03-26 08:43:00+00:00,4436.275000000001,4415.455,4415.505,4477.815000000001,-2.378996963788971,sl,20.770000000000437,41.54000000000087
2026-03-26 08:56:00+00:00,2026-03-26 16:21:00+00:00,4438.715,4412.545,4412.595,4490.955,-2.9879695150776495,sl,26.11999999999989,52.23999999999978
2026-03-26 17:39:00+00:00,2026-03-26 18:20:00+00:00,4391.415,4376.945,4376.995,4420.255,-1.669420356749921,sl,14.420000000000073,28.840000000000146
2026-03-26 18:41:00+00:00,2026-03-26 19:51:00+00:00,4393.865,4369.1449999999995,4369.195,4443.205,-2.8499146553715566,sl,24.670000000000073,49.340000000000146
2026-03-26 20:13:00+00:00,2026-03-27 14:51:00+00:00,4396.768,4488.264,4350.995,4488.314,10.538443477678175,tp,45.77300000000014,91.54600000000028
2026-03-27 15:13:00+00:00,2026-03-29 23:32:00+00:00,4519.675,4451.288,4451.338,4656.349000000001,-7.670539368573148,sl,68.33700000000044,136.6740000000009
2026-03-30 00:21:00+00:00,2026-03-30 05:53:00+00:00,4453.865,4526.214999999999,4417.665,4526.264999999999,8.228721330438214,tp,36.19999999999982,72.39999999999964
2026-03-30 06:09:00+00:00,2026-03-30 07:34:00+00:00,4530.695000000001,4516.264999999999,4516.315,4559.455000000003,-1.6146744394103638,sl,14.380000000001019,28.760000000002037
2026-03-30 07:52:00+00:00,2026-03-30 08:53:00+00:00,4524.168000000001,4537.844000000001,4517.305,4537.894000000001,1.5322677791093269,tp,6.863000000000284,13.726000000000568
2026-03-30 08:58:00+00:00,2026-03-30 09:08:00+00:00,4539.325,4531.235,4531.285,4555.405,-0.9035187726461664,sl,8.039999999999964,16.079999999999927
2026-03-30 09:45:00+00:00,2026-03-30 11:44:00+00:00,4536.995,4563.984999999999,4523.475,4564.034999999999,3.015614471749407,tp,13.519999999999527,27.039999999999054
2026-03-30 12:31:00+00:00,2026-03-30 13:22:00+00:00,4569.285,4560.705,4560.755,4586.344999999999,-0.9521589072198483,sl,8.529999999999745,17.05999999999949
2026-03-30 13:29:00+00:00,2026-03-30 13:34:00+00:00,4569.415,4558.705,4558.755,4590.735,-1.1883886210810408,sl,10.659999999999854,21.31999999999971
2026-03-30 14:48:00+00:00,2026-03-30 17:32:00+00:00,4535.678,4516.695,4516.745,4573.544,-2.121784881107678,sl,18.932999999999993,37.865999999999985
2026-03-30 19:29:00+00:00,2026-03-30 22:03:00+00:00,4503.055,4523.345,4492.885,4523.395,2.28382394621515,tp,10.170000000000073,20.340000000000146
2026-03-30 22:59:00+00:00,2026-03-30 23:00:00+00:00,4513.798,4507.955,4508.005,4525.383999999999,-0.6562652750606804,sl,5.792999999999665,11.58599999999933
2026-03-30 23:20:00+00:00,2026-03-31 00:20:00+00:00,4506.595,4492.3949999999995,4492.445,4534.895000000001,-1.5973399818305862,sl,14.150000000000546,28.30000000000109
2026-03-31 00:36:00+00:00,2026-03-31 01:31:00+00:00,4517.275000000001,4587.545000000002,4482.115,4587.595000000002,7.884652269615396,tp,35.160000000000764,70.32000000000153
2026-03-31 01:41:00+00:00,2026-03-31 02:47:00+00:00,4596.725,4575.385,4575.435,4639.305,-2.3549011027340634,sl,21.289999999999964,42.57999999999993
2026-03-31 04:01:00+00:00,2026-03-31 05:13:00+00:00,4558.285,4549.788,4549.838,4575.179,-0.9453445020701914,sl,8.447000000000116,16.894000000000233
2026-03-31 05:34:00+00:00,2026-03-31 07:19:00+00:00,4570.595,4547.385,4547.435,4616.915,-2.5750631278029985,sl,23.159999999999854,46.31999999999971
2026-03-31 07:36:00+00:00,2026-03-31 10:38:00+00:00,4557.448,4543.014999999999,4543.065,4586.214000000002,-1.605499171132336,sl,14.38300000000072,28.76600000000144
2026-03-31 10:51:00+00:00,2026-03-31 11:39:00+00:00,4547.825,4585.195,4529.115,4585.245,4.165103285299274,tp,18.710000000000036,37.42000000000007
2026-03-31 12:08:00+00:00,2026-03-31 12:14:00+00:00,4594.118,4576.398,4576.448,4629.4580000000005,-1.9558988426224617,sl,17.670000000000073,35.340000000000146
2026-03-31 12:36:00+00:00,2026-03-31 12:47:00+00:00,4584.375,4572.165,4572.215,4608.695,-1.3503196337104482,sl,12.159999999999854,24.31999999999971
2026-03-31 13:01:00+00:00,2026-03-31 13:01:00+00:00,4576.635,4568.768,4568.818,4592.269,-0.8713769905293014,sl,7.817000000000007,15.634000000000015
2026-03-31 13:10:00+00:00,2026-03-31 13:32:00+00:00,4580.995,4568.768,4568.818,4605.348999999999,-1.3529008871472015,sl,12.17699999999968,24.35399999999936
2026-03-31 13:46:00+00:00,2026-03-31 14:34:00+00:00,4588.505,4629.615,4567.925,4629.665,4.540714461964234,tp,20.579999999999927,41.159999999999854
2026-03-31 15:02:00+00:00,2026-03-31 15:16:00+00:00,4608.695000000001,4625.205000000002,4600.415,4625.255000000002,1.8164001819355597,tp,8.280000000000655,16.56000000000131
2026-03-31 15:53:00+00:00,2026-03-31 16:11:00+00:00,4623.198,4606.755,4606.805,4655.984,-1.8036770420635178,sl,16.39300000000003,32.78600000000006
2026-03-31 16:33:00+00:00,2026-03-31 16:40:00+00:00,4618.785,4638.354999999999,4608.975,4638.404999999999,2.148355040169169,tp,9.80999999999949,19.61999999999898
2026-03-31 17:04:00+00:00,2026-03-31 22:38:00+00:00,4651.325,4692.195,4630.865,4692.245,4.456182046074151,tp,20.460000000000036,40.92000000000007
2026-03-31 23:27:00+00:00,2026-04-01 00:15:00+00:00,4683.515,4707.265000000001,4671.615,4707.315000000001,2.572867558466619,tp,11.900000000000546,23.80000000000109
2026-04-01 00:18:00+00:00,2026-04-01 01:06:00+00:00,4710.455,4693.798,4693.848,4743.669,-1.7946086631440128,sl,16.60699999999997,33.21399999999994
2026-04-01 02:06:00+00:00,2026-04-01 02:22:00+00:00,4698.085,4686.135,4686.185,4721.884999999999,-1.2906428351760177,sl,11.899999999999636,23.799999999999272
2026-04-01 02:53:00+00:00,2026-04-01 04:02:00+00:00,4685.695000000001,4677.598,4677.648,4701.789000000002,-0.8767058928885268,sl,8.04700000000048,16.09400000000096
2026-04-01 04:40:00+00:00,2026-04-01 05:32:00+00:00,4675.045,4691.875000000001,4666.605,4691.925000000001,1.8262683717712473,tp,8.44000000000051,16.88000000000102
2026-04-01 06:24:00+00:00,2026-04-01 07:37:00+00:00,4703.875,4744.124999999999,4683.725,4744.174999999999,4.341647449948664,tp,20.149999999999636,40.29999999999927
2026-04-01 08:20:00+00:00,2026-04-01 09:19:00+00:00,4726.595,4715.535,4715.585,4748.615000000001,-1.1877825664577624,sl,11.010000000000218,22.020000000000437
2026-04-01 09:48:00+00:00,2026-04-01 11:30:00+00:00,4724.765,4748.6950000000015,4712.775,4748.745000000002,2.5706436798225365,tp,11.990000000000691,23.980000000001382
2026-04-01 12:36:00+00:00,2026-04-01 12:56:00+00:00,4748.075,4724.385,4724.435,4795.354999999999,-2.5330097049886398,sl,23.639999999999418,47.279999999998836
2026-04-01 13:28:00+00:00,2026-04-01 13:31:00+00:00,4742.005,4730.6449999999995,4730.695,4764.625000000001,-1.2158985218163807,sl,11.3100000000004,22.6200000000008
2026-04-01 13:38:00+00:00,2026-04-01 14:00:00+00:00,4744.265,4730.505,4730.555,4771.685,-1.4719005854535894,sl,13.710000000000036,27.420000000000073
2026-04-01 14:22:00+00:00,2026-04-01 23:19:00+00:00,4748.475,4797.585,4723.895,4797.635,5.2478543987062185,tp,24.579999999999927,49.159999999999854
2026-04-01 23:31:00+00:00,2026-04-01 23:34:00+00:00,4799.025000000001,4791.565,4791.615,4813.845000000002,-0.7891804812921005,sl,7.410000000000764,14.820000000001528
2026-04-02 00:16:00+00:00,2026-04-02 01:00:00+00:00,4794.335,4774.705,4774.755,4833.495,-2.0784935764165176,sl,19.579999999999927,39.159999999999854
2026-04-02 01:52:00+00:00,2026-04-02 05:33:00+00:00,4709.485000000001,4648.285,4648.335,4831.785000000002,-6.59547152572409,sl,61.150000000000546,122.30000000000109
2026-04-02 06:50:00+00:00,2026-04-02 07:39:00+00:00,4599.115,4634.684999999999,4581.305,4634.734999999999,3.922790960954628,tp,17.80999999999949,35.61999999999898
2026-04-02 07:49:00+00:00,2026-04-02 08:58:00+00:00,4646.985000000001,4617.474999999999,4617.525,4705.9050000000025,-3.2221920372285635,sl,29.460000000000946,58.92000000000189
2026-04-02 09:55:00+00:00,2026-04-02 10:17:00+00:00,4625.505,4617.447999999999,4617.498,4641.519000000001,-0.8835472347685815,sl,8.007000000000517,16.014000000001033
2026-04-02 10:43:00+00:00,2026-04-02 11:30:00+00:00,4626.885,4613.105,4613.155,4654.345000000001,-1.5105609366690718,sl,13.730000000000473,27.460000000000946
2026-04-02 12:15:00+00:00,2026-04-02 13:00:00+00:00,4612.405,4594.264999999999,4594.315,4648.585,-1.994448879628162,sl,18.090000000000146,36.18000000000029
2026-04-02 13:31:00+00:00,2026-04-02 13:57:00+00:00,4602.628000000001,4646.584000000002,4580.625,4646.634000000002,4.842168974372052,tp,22.00300000000061,44.00600000000122
2026-04-02 14:12:00+00:00,2026-04-05 22:00:00+00:00,4655.905,4631.081,4631.131,4705.452999999999,-2.704597447276763,sl,24.773999999999432,49.547999999998865
2026-04-05 22:40:00+00:00,2026-04-05 22:47:00+00:00,4641.338,4631.255,4631.305,4661.403999999999,-1.1017061145390983,sl,10.032999999999447,20.065999999998894
2026-04-05 22:50:00+00:00,2026-04-05 22:54:00+00:00,4642.158,4631.255,4631.305,4663.8640000000005,-1.1909625545972773,sl,10.853000000000065,21.70600000000013
2026-04-05 23:52:00+00:00,2026-04-06 00:27:00+00:00,4617.5650000000005,4605.065,4605.115,4642.465000000002,-1.3725178586831421,sl,12.450000000000728,24.900000000001455
2026-04-06 00:56:00+00:00,2026-04-06 02:20:00+00:00,4622.495,4666.664999999999,4600.385,4666.714999999999,4.844100790607844,tp,22.109999999999673,44.219999999999345
2026-04-06 03:48:00+00:00,2026-04-06 04:36:00+00:00,4633.385,4649.735,4625.185,4649.785,1.789736250370798,tp,8.199999999999818,16.399999999999636
2026-04-06 04:41:00+00:00,2026-04-06 05:07:00+00:00,4649.095,4665.385,4640.925,4665.435,1.7774563668426366,tp,8.170000000000073,16.340000000000146
2026-04-06 06:51:00+00:00,2026-04-06 07:12:00+00:00,4663.945000000001,4651.428,4651.478,4688.879000000002,-1.3616616196775688,sl,12.467000000000553,24.934000000001106
2026-04-06 07:50:00+00:00,2026-04-07 01:00:00+00:00,4671.875,4644.6849999999995,4644.735,4726.155000000001,-2.9524467695100616,sl,27.140000000000327,54.280000000000655
2026-04-07 01:04:00+00:00,2026-04-07 01:09:00+00:00,4659.575,4654.987999999999,4655.038,4668.649,-0.49925235266863127,sl,4.537000000000262,9.074000000000524
2026-04-07 01:33:00+00:00,2026-04-07 01:37:00+00:00,4659.525000000001,4645.554999999999,4645.605,4687.3650000000025,-1.5204462412984365,sl,13.920000000000982,27.840000000001965
2026-04-07 02:11:00+00:00,2026-04-07 08:20:00+00:00,4632.6050000000005,4665.715000000002,4616.025,4665.765000000002,3.623974303052873,tp,16.580000000000837,33.16000000000167
2026-04-07 09:13:00+00:00,2026-04-07 09:30:00+00:00,4687.828,4680.498,4680.548,4702.388000000002,-0.793119590446667,sl,7.280000000000655,14.56000000000131
2026-04-07 10:06:00+00:00,2026-04-07 10:26:00+00:00,4678.868,4658.388,4658.438,4719.728000000001,-2.2200439673033125,sl,20.43000000000029,40.86000000000058
2026-04-07 11:42:00+00:00,2026-04-07 14:03:00+00:00,4659.305,4628.545,4628.595,4720.725,-3.3476692917078807,sl,30.710000000000036,61.42000000000007
2026-04-07 14:22:00+00:00,2026-04-07 17:35:00+00:00,4629.425,4673.555,4607.335,4673.6050000000005,4.832154946924675,tp,22.090000000000146,44.18000000000029
2026-04-07 18:04:00+00:00,2026-04-07 18:50:00+00:00,4680.125,4670.835,4670.885,4698.605,-1.0066979509685237,sl,9.239999999999782,18.479999999999563
2026-04-07 19:17:00+00:00,2026-04-07 19:19:00+00:00,4669.725,4688.675,4660.225,4688.725,2.0578595293641158,tp,9.5,19.0
2026-04-07 19:46:00+00:00,2026-04-07 22:55:00+00:00,4709.495,4807.984999999999,4660.225,4808.034999999999,10.607272490061334,tp,49.26999999999953,98.53999999999905
2026-04-07 23:23:00+00:00,2026-04-08 14:25:00+00:00,4825.618,4761.125,4761.175,4954.504000000001,-6.78577494862507,sl,64.44300000000021,128.88600000000042
2026-04-08 15:17:00+00:00,2026-04-08 17:55:00+00:00,4750.345,4733.804999999999,4733.855,4783.325000000002,-1.7666879942561524,sl,16.49000000000069,32.98000000000138
2026-04-08 18:08:00+00:00,2026-04-08 18:18:00+00:00,4742.985000000001,4726.785,4726.835,4775.285000000002,-1.732754972554019,sl,16.150000000000546,32.30000000000109
2026-04-08 19:16:00+00:00,2026-04-09 00:07:00+00:00,4718.045,4699.1849999999995,4699.235,4755.665000000001,-2.027586194629469,sl,18.8100000000004,37.6200000000008
2026-04-09 01:11:00+00:00,2026-04-09 12:01:00+00:00,4718.705,4757.709,4699.178,4757.759,4.191787177783672,tp,19.527000000000044,39.05400000000009
2026-04-09 13:08:00+00:00,2026-04-09 13:38:00+00:00,4747.485000000001,4768.029000000001,4737.188,4768.0790000000015,2.1954005196875928,tp,10.29700000000048,20.59400000000096
2026-04-09 14:49:00+00:00,2026-04-09 15:33:00+00:00,4761.555,4790.465000000001,4747.075,4790.515000000001,3.0809567438544616,tp,14.480000000000473,28.960000000000946
2026-04-09 16:02:00+00:00,2026-04-09 18:04:00+00:00,4796.078,4783.965,4784.015,4820.204000000001,-1.2819869846735352,sl,12.063000000000102,24.126000000000204
2026-04-09 18:59:00+00:00,2026-04-09 19:55:00+00:00,4773.685,4767.447999999999,4767.498,4786.059000000002,-0.6631095402309523,sl,6.187000000000808,12.374000000001615
2026-04-09 20:21:00+00:00,2026-04-09 20:36:00+00:00,4771.145,4765.955,4766.005,4781.425000000001,-0.5520515841787782,sl,5.140000000000327,10.280000000000655
2026-04-09 20:54:00+00:00,2026-04-09 22:39:00+00:00,4767.6050000000005,4760.455,4760.505,4781.805000000001,-0.7610568015535949,sl,7.100000000000364,14.200000000000728
2026-04-09 23:36:00+00:00,2026-04-10 00:00:00+00:00,4762.4580000000005,4756.6449999999995,4756.695,4773.984000000002,-0.6193667595708797,sl,5.7630000000008295,11.526000000001659
2026-04-10 00:35:00+00:00,2026-04-10 01:36:00+00:00,4758.915,4775.545,4750.575,4775.595,1.773113454603061,tp,8.340000000000146,16.68000000000029
2026-04-10 02:42:00+00:00,2026-04-10 08:47:00+00:00,4749.3150000000005,4737.665,4737.715,4772.515000000001,-1.2448672720536431,sl,11.600000000000364,23.200000000000728
2026-04-10 09:15:00+00:00,2026-04-10 12:33:00+00:00,4746.525000000001,4779.115000000002,4730.205,4779.165000000002,3.484042289942888,tp,16.32000000000062,32.64000000000124
2026-04-10 13:06:00+00:00,2026-04-10 14:20:00+00:00,4772.435,4788.425000000001,4764.415,4788.475000000001,1.7007181289346553,tp,8.020000000000437,16.040000000000873
2026-04-10 15:12:00+00:00,2026-04-10 15:36:00+00:00,4782.165,4769.135,4769.185,4808.124999999999,-1.3833004157536006,sl,12.979999999999563,25.959999999999127
2026-04-10 17:14:00+00:00,2026-04-10 18:02:00+00:00,4765.915,4757.665,4757.715,4782.315,-0.8787091204882671,sl,8.199999999999818,16.399999999999636
2026-04-10 18:19:00+00:00,2026-04-10 20:17:00+00:00,4766.345,4750.655,4750.705,4797.625000000001,-1.6708495899863514,sl,15.640000000000327,31.280000000000655
2026-04-10 20:40:00+00:00,2026-04-12 22:00:00+00:00,4749.808,4740.548,4740.598,4768.228,-0.9893804676949701,sl,9.210000000000036,18.420000000000073
2026-04-12 23:02:00+00:00,2026-04-12 23:18:00+00:00,4659.508,4650.148,4650.198,4678.127999999999,-1.019346535498393,sl,9.30999999999949,18.61999999999898
2026-04-12 23:51:00+00:00,2026-04-13 00:52:00+00:00,4665.165,4687.754999999999,4653.845,4687.804999999999,2.4569236667485708,tp,11.319999999999709,22.639999999999418
2026-04-13 01:11:00+00:00,2026-04-15 00:00:00+00:00,4717.205,4801.114999999999,4675.225,4801.164999999999,9.027688145962726,tp,41.97999999999956,83.95999999999913
2026-04-15 00:56:00+00:00,2026-04-15 01:10:00+00:00,4832.455,4843.6050000000005,4826.855,4843.655000000001,1.172035368947519,tp,5.600000000000364,11.200000000000728
2026-04-15 02:08:00+00:00,2026-04-15 02:18:00+00:00,4852.1050000000005,4842.485,4842.535,4871.245000000002,-1.0072299947039618,sl,9.570000000000618,19.140000000001237
2026-04-15 03:29:00+00:00,2026-04-15 04:00:00+00:00,4826.928,4821.718,4821.768,4837.248,-0.5482865805447842,sl,5.1599999999998545,10.319999999999709
2026-04-15 04:35:00+00:00,2026-04-15 05:36:00+00:00,4826.705,4820.598,4820.648,4838.8189999999995,-0.642679488071617,sl,6.056999999999789,12.113999999999578
2026-04-15 06:48:00+00:00,2026-04-15 06:55:00+00:00,4821.3550000000005,4813.208,4813.258,4837.549000000002,-0.8582590787119099,sl,8.097000000000662,16.194000000001324
2026-04-15 08:19:00+00:00,2026-04-15 09:11:00+00:00,4812.365,4804.165,4804.215,4828.664999999999,-0.8653830772242268,sl,8.149999999999636,16.299999999999272
2026-04-15 10:07:00+00:00,2026-04-15 13:57:00+00:00,4800.535,4829.784999999999,4785.885,4829.834999999999,3.0942281520073127,tp,14.649999999999636,29.299999999999272
2026-04-15 16:06:00+00:00,2026-04-15 17:11:00+00:00,4806.715,4798.388,4798.438,4823.269,-0.8800119797225457,sl,8.277000000000044,16.554000000000087
2026-04-15 17:22:00+00:00,2026-04-15 17:30:00+00:00,4803.205,4797.905,4797.955,4813.705,-0.5604740631941232,sl,5.25,10.5
2026-04-15 18:04:00+00:00,2026-04-15 20:36:00+00:00,4797.335,4790.445,4790.495,4811.015,-0.7294675660967814,sl,6.8400000000001455,13.680000000000291
2026-04-15 22:01:00+00:00,2026-04-15 23:30:00+00:00,4797.465,4817.155,4787.595,4817.205,2.084440604121526,tp,9.86999999999989,19.73999999999978
2026-04-16 00:01:00+00:00,2026-04-16 01:39:00+00:00,4829.675,4813.764999999999,4813.815,4861.395000000001,-1.6733893839326934,sl,15.860000000000582,31.720000000001164
2026-04-16 02:07:00+00:00,2026-04-16 02:33:00+00:00,4822.895,4817.075,4817.125,4834.435000000001,-0.6128982420451556,sl,5.770000000000437,11.540000000000873
2026-04-16 03:01:00+00:00,2026-04-16 05:00:00+00:00,4821.345,4833.695,4815.145,4833.745,1.3009054746109783,tp,6.199999999999818,12.399999999999636
2026-04-16 06:41:00+00:00,2026-04-16 08:04:00+00:00,4820.595,4814.054999999999,4814.105,4833.575000000002,-0.689095977322881,sl,6.490000000000691,12.980000000001382
2026-04-16 08:43:00+00:00,2026-04-16 10:15:00+00:00,4813.068,4806.0779999999995,4806.128,4826.948000000001,-0.7376126048452124,sl,6.940000000000509,13.880000000001019
2026-04-16 10:41:00+00:00,2026-04-16 11:56:00+00:00,4810.665,4821.994999999999,4804.975,4822.044999999999,1.1960970214924955,tp,5.6899999999996,11.3799999999992
2026-04-16 12:34:00+00:00,2026-04-16 12:38:00+00:00,4819.165,4813.855,4813.905,4829.685,-0.5596486728819755,sl,5.260000000000218,10.520000000000437
2026-04-16 12:58:00+00:00,2026-04-16 13:30:00+00:00,4818.275000000001,4813.575,4813.625,4827.575000000002,-0.49542178604374476,sl,4.650000000000546,9.300000000001091
2026-04-16 13:35:00+00:00,2026-04-16 13:41:00+00:00,4821.555,4815.615,4815.665,4833.335000000001,-0.6256723513233331,sl,5.890000000000327,11.780000000000655
2026-04-16 15:02:00+00:00,2026-04-17 01:12:00+00:00,4793.615,4772.848,4772.898,4835.048999999999,-2.2000446936029103,sl,20.716999999999643,41.43399999999929
2026-04-17 01:46:00+00:00,2026-04-17 03:06:00+00:00,4777.955,4795.464999999999,4769.175,4795.514999999999,1.8606766134081818,tp,8.779999999999745,17.55999999999949
2026-04-17 03:09:00+00:00,2026-04-17 06:21:00+00:00,4795.145,4784.095,4784.145,4817.145,-1.1702183759175726,sl,11.0,22.0
2026-04-17 07:05:00+00:00,2026-04-17 07:42:00+00:00,4788.995,4783.705,4783.755,4799.474999999999,-0.560876992867547,sl,5.239999999999782,10.479999999999563
2026-04-17 08:01:00+00:00,2026-04-17 11:45:00+00:00,4787.255,4804.519,4778.598,4804.569,1.8309952432864283,tp,8.657000000000153,17.314000000000306
2026-04-17 12:20:00+00:00,2026-04-17 12:25:00+00:00,4805.715,4815.705000000001,4800.695,4815.755000000001,1.0556455667334121,tp,5.020000000000437,10.040000000000873
2026-04-17 13:07:00+00:00,2026-04-19 22:00:00+00:00,4849.3550000000005,4814.878,4814.928,4918.209000000002,-3.610782093882376,sl,34.42700000000059,68.85400000000118
2026-04-20 00:16:00+00:00,2026-04-20 00:59:00+00:00,4755.695000000001,4774.005000000001,4746.515,4774.055000000001,1.9546802688599858,tp,9.180000000000291,18.360000000000582
2026-04-20 01:23:00+00:00,2026-04-23 00:00:00+00:00,4794.845,4759.155,4759.205,4866.125000000001,-3.7796966905844127,sl,35.64000000000033,71.28000000000065
2026-04-23 00:47:00+00:00,2026-04-23 05:30:00+00:00,4748.725,4693.588,4693.638,4858.899000000001,-5.893718997692547,sl,55.087000000000444,110.17400000000089
2026-04-23 05:47:00+00:00,2026-04-23 10:09:00+00:00,4708.245,4692.028,4692.078,4740.578999999999,-1.7473607465663343,sl,16.16699999999946,32.33399999999892
2026-04-23 10:34:00+00:00,2026-04-23 11:47:00+00:00,4692.825,4710.014999999999,4684.205,4710.065,1.8579662879827268,tp,8.61999999999989,17.23999999999978
2026-04-23 12:32:00+00:00,2026-04-23 13:14:00+00:00,4739.545,4725.745,4725.795,4767.045,-1.4771285154665663,sl,13.75,27.5
2026-04-23 13:24:00+00:00,2026-04-23 14:00:00+00:00,4730.455,4723.625,4723.675,4744.014999999999,-0.7323697609109583,sl,6.779999999999745,13.55999999999949
2026-04-23 14:24:00+00:00,2026-04-23 15:54:00+00:00,4728.635,4718.965,4719.015,4747.875,-1.0372225356325262,sl,9.61999999999989,19.23999999999978
2026-04-23 16:20:00+00:00,2026-04-23 16:43:00+00:00,4722.595,4732.105000000001,4717.815,4732.155000000002,1.0212608128514402,tp,4.780000000000655,9.56000000000131
2026-04-23 16:52:00+00:00,2026-04-23 17:05:00+00:00,4736.795,4722.135,4722.185,4766.014999999999,-1.5697480770108003,sl,14.609999999999673,29.219999999999345
2026-04-23 18:02:00+00:00,2026-04-24 04:22:00+00:00,4714.675,4663.995,4664.045,4815.935,-5.451276540863486,sl,50.63000000000011,101.26000000000022
2026-04-24 04:48:00+00:00,2026-04-24 11:24:00+00:00,4674.725,4709.155000000002,4657.485,4709.205000000002,3.733024499439922,tp,17.24000000000069,34.48000000000138
2026-04-24 12:18:00+00:00,2026-04-24 12:19:00+00:00,4711.215,4703.1449999999995,4703.195,4727.255000000001,-0.8685211492585257,sl,8.020000000000437,16.040000000000873
2026-04-24 13:12:00+00:00,2026-04-24 13:24:00+00:00,4703.515,4695.8949999999995,4695.945,4718.655000000002,-0.8213627974998389,sl,7.5700000000006185,15.140000000001237
2026-04-24 13:40:00+00:00,2026-04-24 14:11:00+00:00,4703.775000000001,4732.185000000001,4689.545,4732.2350000000015,3.0619077618849366,tp,14.230000000000473,28.460000000000946
2026-04-24 15:23:00+00:00,2026-04-24 15:25:00+00:00,4725.945000000001,4719.615,4719.665,4738.505000000002,-0.6792248865729515,sl,6.280000000000655,12.56000000000131
2026-04-24 15:45:00+00:00,2026-04-24 18:28:00+00:00,4727.685,4717.175,4717.225,4748.6050000000005,-1.1272588165046014,sl,10.460000000000036,20.920000000000073
2026-04-24 18:53:00+00:00,2026-04-24 19:24:00+00:00,4720.435,4717.538,4717.588,4726.129000000002,-0.3111627880952126,sl,2.847000000000662,5.694000000001324
2026-04-24 20:59:00+00:00,2026-04-26 22:00:00+00:00,4709.898,4706.165,4706.215,4717.264,-0.4018410888878379,sl,3.6829999999999927,7.3659999999999854
2026-04-26 23:48:00+00:00,2026-04-27 00:06:00+00:00,4680.985000000001,4674.605,4674.655,4693.645000000002,-0.6909936750499487,sl,6.330000000000837,12.660000000001673
2026-04-27 00:15:00+00:00,2026-04-27 00:58:00+00:00,4679.655,4694.865,4672.025,4694.915,1.6476934792100042,tp,7.630000000000109,15.260000000000218
2026-04-27 01:32:00+00:00,2026-04-27 02:48:00+00:00,4699.888,4718.544,4690.535,4718.594,2.012623976926539,tp,9.353000000000065,18.70600000000013
2026-04-27 03:35:00+00:00,2026-04-27 05:31:00+00:00,4721.805,4714.054999999999,4714.105,4737.205000000002,-0.8323604948436161,sl,7.700000000000728,15.400000000001455
2026-04-27 06:10:00+00:00,2026-04-27 06:30:00+00:00,4713.255,4709.085,4709.135,4721.495,-0.44863926524264175,sl,4.119999999999891,8.239999999999782
2026-04-27 06:50:00+00:00,2026-04-27 08:30:00+00:00,4713.905,4708.8949999999995,4708.945,4723.825,-0.5389144770173092,sl,4.960000000000036,9.920000000000073
2026-04-27 08:45:00+00:00,2026-04-27 08:54:00+00:00,4711.845,4706.835,4706.885,4721.765,-0.5391214375064939,sl,4.960000000000036,9.920000000000073
2026-04-27 10:06:00+00:00,2026-04-27 10:15:00+00:00,4706.015,4699.355,4699.405,4719.2350000000015,-0.7175261009006525,sl,6.610000000000582,13.220000000001164
2026-04-27 10:33:00+00:00,2026-04-27 12:40:00+00:00,4706.765,4699.355,4699.405,4721.4850000000015,-0.7981448988485083,sl,7.360000000000582,14.720000000001164
2026-04-27 14:00:00+00:00,2026-04-27 14:09:00+00:00,4695.995,4689.105,4689.155,4709.675,-0.7437782224902012,sl,6.8400000000001455,13.680000000000291
2026-04-27 15:30:00+00:00,2026-04-27 15:54:00+00:00,4681.0650000000005,4671.695,4671.745,4699.705000000002,-1.0146468705373084,sl,9.320000000000618,18.640000000001237
2026-04-27 16:32:00+00:00,2026-04-28 00:08:00+00:00,4678.025000000001,4699.915000000001,4667.055,4699.965000000001,2.3717000133156017,tp,10.970000000000255,21.94000000000051
2026-04-28 01:42:00+00:00,2026-04-28 01:50:00+00:00,4691.095,4683.695,4683.745,4705.795000000001,-0.7997157014952764,sl,7.350000000000364,14.700000000000728
2026-04-28 02:13:00+00:00,2026-04-28 05:00:00+00:00,4677.265,4666.014999999999,4666.065,4699.665000000002,-1.219282728241858,sl,11.200000000000728,22.400000000001455
2026-04-28 06:06:00+00:00,2026-04-28 06:23:00+00:00,4637.805,4623.568,4623.618,4666.179,-1.5559571903712808,sl,14.186999999999898,28.373999999999796
2026-04-28 07:03:00+00:00,2026-04-28 07:55:00+00:00,4635.0650000000005,4623.095,4623.145,4658.905000000001,-1.3087699068584264,sl,11.920000000000073,23.840000000000146
2026-04-28 08:30:00+00:00,2026-04-28 09:20:00+00:00,4626.618,4619.325,4619.375,4641.104000000001,-0.7987510972334918,sl,7.243000000000393,14.486000000000786
2026-04-28 10:14:00+00:00,2026-04-28 10:58:00+00:00,4612.655,4605.815,4605.865,4626.235,-0.7513456829417335,sl,6.789999999999964,13.579999999999927
2026-04-28 12:42:00+00:00,2026-04-28 14:02:00+00:00,4586.435,4570.325,4570.375,4618.555000000001,-1.7796014984972262,sl,16.0600000000004,32.1200000000008
2026-04-28 14:57:00+00:00,2026-04-28 16:52:00+00:00,4568.175,4590.1849999999995,4557.145,4590.235,2.4406387078216674,tp,11.029999999999745,22.05999999999949
2026-04-28 17:25:00+00:00,2026-04-28 23:38:00+00:00,4595.055,4588.264999999999,4588.315,4608.535000000002,-0.7487034885625953,sl,6.740000000000691,13.480000000001382
2026-04-28 23:56:00+00:00,2026-04-29 00:01:00+00:00,4593.295,4602.745,4588.545,4602.795,1.0423322567864552,tp,4.75,9.5
2026-04-29 00:40:00+00:00,2026-04-29 00:50:00+00:00,4602.765,4598.345,4598.395,4611.505,-0.48657170202769934,sl,4.369999999999891,8.739999999999782
2026-04-29 01:38:00+00:00,2026-04-29 04:36:00+00:00,4587.495,4605.064999999999,4578.685,4605.114999999999,1.9405225101502865,tp,8.80999999999949,17.61999999999898
2026-04-29 05:04:00+00:00,2026-04-29 05:13:00+00:00,4606.095,4601.315,4601.365,4615.555000000001,-0.5258969982496593,sl,4.730000000000473,9.460000000000946
2026-04-29 05:52:00+00:00,2026-04-29 05:56:00+00:00,4601.995,4593.768,4593.818,4618.348999999999,-0.9058963419508256,sl,8.17699999999968,16.35399999999936
2026-04-29 07:05:00+00:00,2026-04-29 07:09:00+00:00,4588.055,4580.945,4580.995,4602.175000000001,-0.7852090839233133,sl,7.0600000000004,14.1200000000008
2026-04-29 08:47:00+00:00,2026-04-29 09:50:00+00:00,4571.325,4557.025,4557.075,4599.825,-1.5849100400765623,sl,14.25,28.5
2026-04-29 10:16:00+00:00,2026-04-29 12:34:00+00:00,4570.485000000001,4551.575,4551.625,4608.205000000002,-2.095906890696868,sl,18.860000000000582,37.720000000001164
2026-04-29 14:17:00+00:00,2026-04-29 16:02:00+00:00,4531.515,4559.0650000000005,4517.715,4559.115000000001,3.079151614850293,tp,13.800000000000182,27.600000000000364
2026-04-29 17:07:00+00:00,2026-04-29 17:35:00+00:00,4547.995,4543.025,4543.075,4557.835,-0.5536321477666802,sl,4.920000000000073,9.840000000000146
2026-04-29 18:02:00+00:00,2026-04-29 18:04:00+00:00,4547.775000000001,4541.415,4541.465,4560.395000000001,-0.7084664776179186,sl,6.3100000000004,12.6200000000008
2026-04-29 19:01:00+00:00,2026-04-30 07:07:00+00:00,4543.025000000001,4592.735000000001,4518.145,4592.785000000001,5.542802798255672,tp,24.88000000000011,49.76000000000022
2026-04-30 07:42:00+00:00,2026-04-30 07:57:00+00:00,4593.545,4604.375000000001,4588.105,4604.425000000001,1.1949474618225526,tp,5.440000000000509,10.880000000001019
2026-04-30 08:04:00+00:00,2026-04-30 10:30:00+00:00,4607.435,4646.045000000002,4588.105,4646.095000000002,4.2477613315786265,tp,19.330000000000837,38.66000000000167
2026-04-30 11:03:00+00:00,2026-04-30 11:18:00+00:00,4641.8550000000005,4633.855,4633.905,4657.755000000002,-0.8739767296309264,sl,7.950000000000728,15.900000000001455
2026-04-30 11:48:00+00:00,2026-04-30 12:30:00+00:00,4634.165,4626.474999999999,4626.525,4649.445000000001,-0.8414317077058756,sl,7.640000000000327,15.280000000000655
2026-04-30 12:55:00+00:00,2026-04-30 13:36:00+00:00,4635.135,4624.325,4624.375,4656.655000000001,-1.1824731758487945,sl,10.760000000000218,21.520000000000437
2026-04-30 15:10:00+00:00,2026-04-30 15:13:00+00:00,4623.255,4617.565,4617.615,4634.535000000001,-0.6239384704919511,sl,5.640000000000327,11.280000000000655
2026-04-30 16:34:00+00:00,2026-04-30 16:57:00+00:00,4611.655,4606.565,4606.615,4621.735,-0.559514817040238,sl,5.039999999999964,10.079999999999927
2026-04-30 17:11:00+00:00,2026-05-01 05:56:00+00:00,4618.585,4605.108,4605.158,4645.438999999999,-1.4791456463760029,sl,13.42699999999968,26.85399999999936
2026-05-01 07:18:00+00:00,2026-05-01 07:22:00+00:00,4597.485000000001,4589.705,4589.755,4612.9450000000015,-0.8576746223096329,sl,7.730000000000473,15.460000000000946
2026-05-01 08:46:00+00:00,2026-05-01 08:52:00+00:00,4572.005,4565.835,4565.885,4584.245,-0.6839195265496133,sl,6.119999999999891,12.239999999999782
2026-05-01 09:20:00+00:00,2026-05-01 09:54:00+00:00,4568.225,4563.9349999999995,4563.985,4576.705000000002,-0.47589050157009144,sl,4.240000000000691,8.480000000001382
2026-05-01 10:20:00+00:00,2026-05-01 12:14:00+00:00,4568.805,4586.275000000001,4560.045,4586.325000000001,1.9376133610769106,tp,8.760000000000218,17.520000000000437
2026-05-01 12:22:00+00:00,2026-05-01 13:55:00+00:00,4592.175,4626.945,4574.765,4626.995,3.8374799787094545,tp,17.409999999999854,34.81999999999971
2026-05-01 14:13:00+00:00,2026-05-04 01:07:00+00:00,4657.675,4598.474999999999,4598.525,4775.975000000001,-6.444315150042285,sl,59.150000000000546,118.30000000000109
2026-05-04 01:51:00+00:00,2026-05-04 02:28:00+00:00,4604.365,4592.375,4592.425,4628.244999999999,-1.3194641602705437,sl,11.9399999999996,23.8799999999992
2026-05-04 03:14:00+00:00,2026-05-04 03:39:00+00:00,4611.145,4604.115,4604.165,4625.105000000001,-0.7723926904470376,sl,6.980000000000473,13.960000000000946
2026-05-04 03:47:00+00:00,2026-05-04 05:27:00+00:00,4612.095,4598.215,4598.265,4639.755,-1.5245782656988491,sl,13.829999999999927,27.659999999999854
2026-05-04 07:14:00+00:00,2026-05-04 07:25:00+00:00,4592.035,4585.304999999999,4585.355,4605.395,-0.7423402728137029,sl,6.680000000000291,13.360000000000582
2026-05-04 07:47:00+00:00,2026-05-04 07:53:00+00:00,4589.415,4582.495,4582.545,4603.155,-0.76367765832201,sl,6.869999999999891,13.739999999999782
2026-05-04 08:41:00+00:00,2026-05-04 09:58:00+00:00,4580.685,4573.405,4573.455,4595.145000000001,-0.804877023989174,sl,7.230000000000473,14.460000000000946
2026-05-04 10:49:00+00:00,2026-05-04 15:21:00+00:00,4565.3550000000005,4525.804999999999,4525.855,4644.355000000002,-4.386983494960564,sl,39.50000000000091,79.00000000000182
2026-05-04 17:02:00+00:00,2026-05-05 01:13:00+00:00,4517.275000000001,4537.265000000001,4507.255,4537.315000000001,2.239969853376696,tp,10.020000000000437,20.040000000000873
2026-05-05 02:00:00+00:00,2026-05-05 02:19:00+00:00,4540.685,4535.595,4535.645,4550.765,-0.5675425133477712,sl,5.039999999999964,10.079999999999927
2026-05-05 02:28:00+00:00,2026-05-05 03:56:00+00:00,4540.415,4534.465,4534.515,4552.214999999999,-0.6634360476137298,sl,5.899999999999636,11.799999999999272
2026-05-05 04:35:00+00:00,2026-05-05 05:07:00+00:00,4532.8550000000005,4539.5650000000005,4529.475,4539.615000000001,0.749376182013273,tp,3.380000000000109,6.760000000000218
2026-05-05 05:35:00+00:00,2026-05-05 06:22:00+00:00,4546.888,4535.465,4535.515,4569.633999999999,-1.271883271742573,sl,11.372999999999593,22.745999999999185
2026-05-05 06:39:00+00:00,2026-05-05 13:04:00+00:00,4547.175,4574.485000000001,4533.495,4574.535000000001,3.04023259062031,tp,13.680000000000291,27.360000000000582
2026-05-05 13:54:00+00:00,2026-05-05 14:14:00+00:00,4581.825,4571.465,4571.515,4602.444999999999,-1.1449286788029533,sl,10.30999999999949,20.61999999999898
2026-05-05 14:29:00+00:00,2026-05-05 16:03:00+00:00,4585.725,4565.525,4565.575,4626.0250000000015,-2.2302391557551453,sl,20.150000000000546,40.30000000000109
2026-05-05 16:54:00+00:00,2026-05-05 17:08:00+00:00,4559.455,4555.485,4555.535,4567.295,-0.44074762796617045,sl,3.9200000000000728,7.8400000000001455
2026-05-05 17:37:00+00:00,2026-05-05 19:16:00+00:00,4562.525000000001,4555.875,4555.925,4575.725000000001,-0.7377511429511577,sl,6.600000000000364,13.200000000000728
2026-05-05 19:50:00+00:00,2026-05-05 19:51:00+00:00,4558.648,4555.425,4555.475,4564.994,-0.35783770379920193,sl,3.1729999999997744,6.345999999999549
2026-05-05 20:13:00+00:00,2026-05-05 22:03:00+00:00,4556.595,4551.335,4551.385,4567.015,-0.5842407081676352,sl,5.210000000000036,10.420000000000073
2026-05-05 22:56:00+00:00,2026-05-06 01:00:00+00:00,4571.275000000001,4620.139000000001,4546.818,4620.189000000001,5.409698965215084,tp,24.457000000000335,48.91400000000067
2026-05-06 01:25:00+00:00,2026-05-06 03:39:00+00:00,4623.3550000000005,4651.5650000000005,4609.225,4651.615000000001,3.0895791855731307,tp,14.13000000000011,28.26000000000022
2026-05-06 04:17:00+00:00,2026-05-06 05:56:00+00:00,4647.955,4657.364999999999,4643.225,4657.414999999999,1.0254480647105553,tp,4.729999999999563,9.459999999999127
2026-05-06 06:27:00+00:00,2026-05-06 07:15:00+00:00,4666.375,4657.745,4657.795,4683.535,-0.9368306270126746,sl,8.579999999999927,17.159999999999854
2026-05-06 07:45:00+00:00,2026-05-06 08:50:00+00:00,4670.385,4684.9890000000005,4663.058,4685.039000000001,1.5838312283337077,tp,7.3270000000002256,14.654000000000451
2026-05-06 09:01:00+00:00,2026-05-06 12:14:00+00:00,4703.0650000000005,4671.385,4671.435,4766.325000000001,-3.412415039309576,sl,31.63000000000011,63.26000000000022
2026-05-06 13:01:00+00:00,2026-05-06 13:05:00+00:00,4685.125,4678.788,4678.838,4697.6990000000005,-0.6849736805061827,sl,6.287000000000262,12.574000000000524
2026-05-06 13:34:00+00:00,2026-05-06 17:39:00+00:00,4694.655,4679.245,4679.295,4725.374999999999,-1.6621910677881244,sl,15.359999999999673,30.719999999999345
2026-05-06 17:56:00+00:00,2026-05-06 18:21:00+00:00,4682.555,4689.925,4678.845,4689.975,0.7968843633482698,tp,3.7100000000000364,7.420000000000073
2026-05-06 19:03:00+00:00,2026-05-06 19:15:00+00:00,4688.445000000001,4695.815000000002,4684.735,4695.8650000000025,0.7959458865161205,tp,3.710000000000946,7.420000000001892
2026-05-06 20:13:00+00:00,2026-05-06 20:29:00+00:00,4698.695000000001,4692.125,4692.175,4711.7350000000015,-0.7080552184796893,sl,6.520000000000437,13.040000000000873
2026-05-06 22:01:00+00:00,2026-05-07 01:01:00+00:00,4695.955,4684.955,4685.005,4717.855,-1.1860893552504002,sl,10.949999999999818,21.899999999999636
2026-05-07 01:04:00+00:00,2026-05-07 01:10:00+00:00,4692.095,4704.665000000001,4685.785,4704.715000000001,1.3563327934993665,tp,6.3100000000004,12.6200000000008
2026-05-07 01:49:00+00:00,2026-05-07 02:23:00+00:00,4719.125,4702.085,4702.135,4753.105,-1.8283698867716836,sl,16.98999999999978,33.97999999999956
2026-05-07 02:57:00+00:00,2026-05-07 03:59:00+00:00,4708.445000000001,4699.595,4699.645,4726.045000000001,-0.9515756143365347,sl,8.800000000000182,17.600000000000364
2026-05-07 04:41:00+00:00,2026-05-07 06:20:00+00:00,4698.385,4710.915,4692.095,4710.965,1.3500168458913508,tp,6.289999999999964,12.579999999999927
2026-05-07 07:08:00+00:00,2026-05-07 08:19:00+00:00,4744.285,4735.4349999999995,4735.485,4761.885,-0.944424239625096,sl,8.800000000000182,17.600000000000364
2026-05-07 09:18:00+00:00,2026-05-07 16:07:00+00:00,4736.285,4721.615,4721.665,4765.525,-1.568001241820152,sl,14.61999999999989,29.23999999999978
2026-05-07 17:08:00+00:00,2026-05-07 17:18:00+00:00,4718.155,4710.345,4710.395,4733.674999999998,-0.837848858275912,sl,7.759999999999309,15.519999999998618
2026-05-07 17:57:00+00:00,2026-05-07 18:50:00+00:00,4706.615,4697.665,4697.715,4724.414999999999,-0.9624213909819858,sl,8.899999999999636,17.799999999999272
2026-05-07 19:35:00+00:00,2026-05-07 20:39:00+00:00,4707.995,4697.625,4697.675,4728.634999999999,-1.114685561200781,sl,10.319999999999709,20.639999999999418
2026-05-07 22:11:00+00:00,2026-05-08 02:03:00+00:00,4694.245,4731.388999999999,4675.648,4731.438999999999,4.0039136082948374,tp,18.596999999999753,37.193999999999505
2026-05-08 02:29:00+00:00,2026-05-08 02:33:00+00:00,4723.095,4717.724999999999,4717.775,4733.7350000000015,-0.575547500242454,sl,5.3200000000006185,10.640000000001237
2026-05-08 03:09:00+00:00,2026-05-08 04:41:00+00:00,4718.805,4710.8949999999995,4710.945,4734.5250000000015,-0.8485028986700981,sl,7.860000000000582,15.720000000001164
2026-05-08 05:29:00+00:00,2026-05-08 06:28:00+00:00,4717.425,4731.715,4710.255,4731.765,1.5332031432796116,tp,7.170000000000073,14.340000000000146
2026-05-08 07:50:00+00:00,2026-05-08 10:36:00+00:00,4712.455,4724.544999999999,4706.385,4724.594999999999,1.2987253998609074,tp,6.069999999999709,12.139999999999418
2026-05-08 12:29:00+00:00,2026-05-08 12:30:00+00:00,4710.575,4702.6849999999995,4702.735,4726.255,-0.8480023121066563,sl,7.8400000000001455,15.680000000000291
2026-05-08 12:32:00+00:00,2026-05-08 12:34:00+00:00,4711.095,4723.925000000001,4704.655,4723.975000000001,1.3786765152151896,tp,6.440000000000509,12.880000000001019
2026-05-08 12:44:00+00:00,2026-05-10 22:00:00+00:00,4729.505,4701.657999999999,4701.708,4785.099000000001,-2.981119889977864,sl,27.79700000000048,55.59400000000096
2026-05-10 23:05:00+00:00,2026-05-10 23:13:00+00:00,4696.095,4689.848,4689.898,4708.4890000000005,-0.6733230386227125,sl,6.197000000000116,12.394000000000233
2026-05-10 23:31:00+00:00,2026-05-11 00:00:00+00:00,4696.415,4688.495,4688.545,4712.155,-0.8535297647908776,sl,7.869999999999891,15.739999999999782
2026-05-11 01:06:00+00:00,2026-05-11 04:22:00+00:00,4697.625,4670.075,4670.125,4752.625,-2.9680184241505536,sl,27.5,55.0
2026-05-11 04:50:00+00:00,2026-05-11 05:43:00+00:00,4674.8550000000005,4668.135,4668.185,4688.195000000001,-0.7272723798458051,sl,6.670000000000073,13.340000000000146
2026-05-11 06:31:00+00:00,2026-05-11 13:09:00+00:00,4670.725,4716.475000000001,4647.825,4716.5250000000015,4.955318242302805,tp,22.900000000000546,45.80000000000109
2026-05-11 13:37:00+00:00,2026-05-11 14:05:00+00:00,4737.905,4727.255,4727.305,4759.104999999999,-1.1377337854854972,sl,10.599999999999454,21.19999999999891
2026-05-11 14:25:00+00:00,2026-05-11 14:27:00+00:00,4733.625,4725.205,4725.255,4750.365,-0.9002161983515279,sl,8.36999999999989,16.73999999999978
2026-05-11 15:22:00+00:00,2026-05-11 16:29:00+00:00,4734.155,4722.6449999999995,4722.695,4757.075,-1.230333375390166,sl,11.460000000000036,22.920000000000073
2026-05-11 17:01:00+00:00,2026-05-11 20:02:00+00:00,4717.655,4737.484999999999,4707.715,4737.534999999999,2.1268344847151344,tp,9.9399999999996,19.8799999999992
2026-05-11 20:05:00+00:00,2026-05-11 23:52:00+00:00,4736.7080000000005,4765.478000000002,4722.298,4765.528000000002,3.0739137052599985,tp,14.410000000000764,28.820000000001528
2026-05-12 00:18:00+00:00,2026-05-12 00:23:00+00:00,4772.695000000001,4758.224999999999,4758.275,4801.535000000003,-1.5348471905439613,sl,14.420000000000982,28.840000000001965
2026-05-12 02:11:00+00:00,2026-05-12 02:30:00+00:00,4733.325,4723.635,4723.685,4752.604999999999,-1.0362198458189709,sl,9.639999999999418,19.279999999998836
2026-05-12 02:45:00+00:00,2026-05-12 03:45:00+00:00,4731.775000000001,4721.965,4722.015,4751.295000000001,-1.0492885150820745,sl,9.760000000000218,19.520000000000437
2026-05-12 04:16:00+00:00,2026-05-12 04:51:00+00:00,4725.1050000000005,4717.835,4717.885,4739.545000000001,-0.7786242450313764,sl,7.220000000000255,14.44000000000051
2026-05-12 05:31:00+00:00,2026-05-12 06:00:00+00:00,4719.848,4708.425,4708.475,4742.593999999999,-1.2246831101568567,sl,11.372999999999593,22.745999999999185
2026-05-12 07:20:00+00:00,2026-05-12 10:39:00+00:00,4699.165,4686.885,4686.935,4723.624999999999,-1.3221985584736693,sl,12.229999999999563,24.459999999999127
2026-05-12 11:00:00+00:00,2026-05-12 13:15:00+00:00,4694.335,4684.885,4684.935,4713.134999999999,-1.0184037445805885,sl,9.399999999999636,18.799999999999272
2026-05-12 13:40:00+00:00,2026-05-12 13:58:00+00:00,4698.455,4679.1449999999995,4679.195,4736.975,-2.078958138204932,sl,19.26000000000022,38.52000000000044
2026-05-12 14:14:00+00:00,2026-05-12 14:33:00+00:00,4693.455,4675.9349999999995,4675.985,4728.395,-1.8878641189679428,sl,17.470000000000255,34.94000000000051
2026-05-12 15:57:00+00:00,2026-05-15 00:25:00+00:00,4669.595,4638.175,4638.225,4732.335,-3.4023202390523153,sl,31.36999999999989,62.73999999999978
2026-05-15 01:00:00+00:00,2026-05-15 01:06:00+00:00,4630.045,4616.974999999999,4617.025,4656.085000000001,-1.4268964705788199,sl,13.020000000000437,26.040000000000873
2026-05-15 01:43:00+00:00,2026-05-15 01:53:00+00:00,4621.655,4607.345,4607.395,4650.174999999998,-1.5648866907827177,sl,14.259999999999309,28.519999999998618
2026-05-15 02:10:00+00:00,2026-05-15 02:15:00+00:00,4618.055,4609.455,4609.505,4635.155000000001,-0.9410504267390012,sl,8.550000000000182,17.100000000000364
2026-05-15 02:45:00+00:00,2026-05-15 03:34:00+00:00,4617.845,4609.255,4609.305,4634.925,-0.9399114013505594,sl,8.539999999999964,17.079999999999927
2026-05-15 04:06:00+00:00,2026-05-15 04:21:00+00:00,4617.845,4610.224999999999,4610.275,4632.9850000000015,-0.8336971755524895,sl,7.5700000000006185,15.140000000001237
2026-05-15 06:16:00+00:00,2026-05-15 08:17:00+00:00,4573.625,4556.195,4556.245,4608.385,-1.9252791648827736,sl,17.38000000000011,34.76000000000022
2026-05-15 10:06:00+00:00,2026-05-15 13:37:00+00:00,4550.455,4531.655,4531.705,4587.955,-2.0867822789604893,sl,18.75,37.5
2026-05-15 14:13:00+00:00,2026-05-18 00:08:00+00:00,4545.735000000001,4525.105,4525.155,4586.895000000002,-2.2918147261163284,sl,20.580000000000837,41.16000000000167
2026-05-18 00:57:00+00:00,2026-05-18 04:05:00+00:00,4503.265,4549.615000000002,4480.065,4549.665000000002,5.196465719706125,tp,23.200000000000728,46.400000000001455
2026-05-18 05:19:00+00:00,2026-05-18 05:58:00+00:00,4544.8550000000005,4532.724999999999,4532.775,4569.015000000002,-1.348186715274151,sl,12.080000000000837,24.160000000001673
2026-05-18 06:07:00+00:00,2026-05-18 11:41:00+00:00,4539.775000000001,4560.425000000001,4529.425,4560.475000000001,2.297402250314454,tp,10.350000000000364,20.700000000000728
2026-05-18 12:35:00+00:00,2026-05-18 14:33:00+00:00,4561.718,4549.505,4549.555,4586.043999999999,-1.3525209476718203,sl,12.162999999999556,24.325999999999112
2026-05-18 15:41:00+00:00,2026-05-18 19:03:00+00:00,4543.965,4564.215000000001,4533.815,4564.265000000001,2.251033648656938,tp,10.150000000000546,20.30000000000109
2026-05-18 19:33:00+00:00,2026-05-18 22:40:00+00:00,4556.265,4575.935000000001,4546.405,4575.9850000000015,2.1811427073424623,tp,9.860000000000582,19.720000000001164
2026-05-18 23:03:00+00:00,2026-05-19 00:28:00+00:00,4578.598,4570.735,4570.785,4594.224,-0.8678370627352452,sl,7.813000000000102,15.626000000000204
2026-05-19 01:41:00+00:00,2026-05-19 02:09:00+00:00,4569.205,4555.085,4555.135,4597.344999999999,-1.5614899464899357,sl,14.069999999999709,28.139999999999418
2026-05-19 02:28:00+00:00,2026-05-19 02:40:00+00:00,4561.125,4551.125,4551.175,4581.025,-1.1076589357558537,sl,9.949999999999818,19.899999999999636
2026-05-19 03:37:00+00:00,2026-05-19 03:45:00+00:00,4550.895,4546.405,4546.455,4559.7750000000015,-0.4984021930220672,sl,4.440000000000509,8.880000000001019
2026-05-19 04:57:00+00:00,2026-05-19 05:21:00+00:00,4543.285,4539.045,4539.095,4551.664999999999,-0.4714165985846677,sl,4.1899999999996,8.3799999999992
2026-05-19 05:38:00+00:00,2026-05-19 05:49:00+00:00,4540.505,4532.605,4532.655,4556.205000000001,-0.8788437361800082,sl,7.850000000000364,15.700000000000728
2026-05-19 06:14:00+00:00,2026-05-19 10:42:00+00:00,4544.045,4533.355,4533.405,4565.325000000001,-1.1881903676346783,sl,10.640000000000327,21.280000000000655
2026-05-19 11:00:00+00:00,2026-05-19 13:04:00+00:00,4544.5650000000005,4525.175,4525.225,4583.245000000001,-2.1546927373278546,sl,19.340000000000146,38.68000000000029
2026-05-19 13:51:00+00:00,2026-05-20 01:30:00+00:00,4490.465,4470.045,4470.095,4531.205,-2.2959986137504926,sl,20.36999999999989,40.73999999999978
2026-05-20 02:23:00+00:00,2026-05-20 02:31:00+00:00,4483.585,4475.945,4475.995,4498.765,-0.8601543568335382,sl,7.5900000000001455,15.180000000000291
2026-05-20 03:38:00+00:00,2026-05-20 04:48:00+00:00,4464.665,4457.1849999999995,4457.235,4479.525000000001,-0.8456373551130901,sl,7.430000000000291,14.860000000000582
2026-05-20 05:01:00+00:00,2026-05-20 07:09:00+00:00,4465.275000000001,4483.085000000001,4456.345,4483.135000000001,2.0130324048736594,tp,8.930000000000291,17.860000000000582
2026-05-20 07:31:00+00:00,2026-05-20 07:36:00+00:00,4484.875,4476.155,4476.205,4502.215,-0.9814943429182474,sl,8.670000000000073,17.340000000000146
2026-05-20 08:05:00+00:00,2026-05-20 09:29:00+00:00,4481.155,4474.835,4474.885,4493.694999999999,-0.7118796018610596,sl,6.269999999999527,12.539999999999054
2026-05-20 09:43:00+00:00,2026-05-20 14:11:00+00:00,4484.025000000001,4472.425,4472.475,4507.125000000001,-1.305686080330446,sl,11.550000000000182,23.100000000000364
2026-05-20 14:17:00+00:00,2026-05-20 14:32:00+00:00,4497.175,4525.665000000001,4482.905,4525.715000000001,3.1970195569687703,tp,14.270000000000437,28.540000000000873
2026-05-20 14:55:00+00:00,2026-05-21 01:10:00+00:00,4529.2880000000005,4554.764000000002,4516.525,4554.814000000002,2.8394320356096814,tp,12.76300000000083,25.52600000000166
2026-05-21 01:24:00+00:00,2026-05-21 02:29:00+00:00,4563.995,4540.678,4540.728,4610.5289999999995,-2.579762997979313,sl,23.266999999999825,46.53399999999965
2026-05-21 03:09:00+00:00,2026-05-21 03:50:00+00:00,4536.895,4531.175,4531.225,4548.235000000001,-0.6364710354405211,sl,5.670000000000073,11.340000000000146
2026-05-21 04:22:00+00:00,2026-05-21 05:08:00+00:00,4536.785,4530.675,4530.725,4548.904999999999,-0.6798404131102737,sl,6.059999999999491,12.119999999998981
2026-05-21 05:52:00+00:00,2026-05-21 06:22:00+00:00,4526.825,4538.195,4521.115,4538.245,1.2678021358758746,tp,5.710000000000036,11.420000000000073
2026-05-21 07:50:00+00:00,2026-05-21 08:10:00+00:00,4517.965,4530.209,4511.818,4530.259,1.3681059010545513,tp,6.1469999999999345,12.293999999999869
2026-05-21 08:56:00+00:00,2026-05-21 10:25:00+00:00,4533.045,4526.135,4526.185,4546.764999999999,-0.7696373203500861,sl,6.859999999999673,13.719999999999345
2026-05-21 11:04:00+00:00,2026-05-21 11:33:00+00:00,4518.6050000000005,4510.715,4510.765,4534.285000000001,-0.8815310706252744,sl,7.8400000000001455,15.680000000000291
2026-05-21 12:07:00+00:00,2026-05-21 12:15:00+00:00,4517.655,4510.6449999999995,4510.695,4531.575,-0.7833070536046555,sl,6.960000000000036,13.920000000000073
2026-05-21 13:44:00+00:00,2026-05-21 13:46:00+00:00,4502.115,4495.215,4495.265,4515.814999999999,-0.7736167995049399,sl,6.849999999999454,13.699999999998909
2026-05-21 13:49:00+00:00,2026-05-21 17:15:00+00:00,4503.005,4532.295,4488.335,4532.345,3.283046595070857,tp,14.670000000000073,29.340000000000146
2026-05-21 17:32:00+00:00,2026-05-22 05:57:00+00:00,4546.678,4513.958,4514.008,4612.018,-3.633460325082043,sl,32.67000000000007,65.34000000000015
2026-05-22 06:24:00+00:00,2026-05-22 14:00:00+00:00,4525.045,4506.928,4506.978,4561.179,-2.0207305626975867,sl,18.067000000000007,36.134000000000015
2026-05-22 14:33:00+00:00,2026-05-22 15:28:00+00:00,4500.6050000000005,4518.555000000002,4491.605,4518.605000000002,2.012572964782796,tp,9.00000000000091,18.00000000000182
2026-05-22 16:25:00+00:00,2026-05-22 16:42:00+00:00,4520.215,4516.6449999999995,4516.695,4527.255000000001,-0.39861515041978873,sl,3.5200000000004366,7.040000000000873
2026-05-22 17:30:00+00:00,2026-05-22 18:04:00+00:00,4525.215,4512.865,4512.915,4549.8150000000005,-1.3773847378132176,sl,12.300000000000182,24.600000000000364
2026-05-22 18:40:00+00:00,2026-05-22 18:47:00+00:00,4518.055,4513.648,4513.698,4526.769,-0.49222061320938204,sl,4.356999999999971,8.713999999999942
2026-05-22 19:36:00+00:00,2026-05-22 19:49:00+00:00,4508.5650000000005,4506.945,4506.995,4511.705000000002,-0.1813108349395455,sl,1.5700000000006185,3.140000000001237
2026-05-22 20:21:00+00:00,2026-05-22 20:43:00+00:00,4510.015,4504.605,4504.655,4520.7350000000015,-0.6052831092361204,sl,5.360000000000582,10.720000000001164
2026-05-22 20:59:00+00:00,2026-05-24 22:00:00+00:00,4508.798,4518.9479999999985,4503.698,4518.997999999999,1.1358434835646567,tp,5.099999999999454,10.199999999998909
2026-05-24 22:31:00+00:00,2026-05-24 23:08:00+00:00,4556.535,4571.979,4548.788,4572.029,1.7103586569624716,tp,7.747000000000298,15.494000000000597
2026-05-24 23:36:00+00:00,2026-05-24 23:55:00+00:00,4578.295,4573.638,4573.688,4587.509,-0.5133790795233353,sl,4.606999999999971,9.213999999999942
2026-05-25 00:50:00+00:00,2026-05-25 00:55:00+00:00,4576.485000000001,4570.605,4570.655,4588.145000000002,-0.6484237239534874,sl,5.830000000000837,11.660000000001673
2026-05-25 01:22:00+00:00,2026-05-25 01:47:00+00:00,4567.428,4560.224999999999,4560.275,4581.734,-0.7958430306803016,sl,7.153000000000247,14.306000000000495
2026-05-25 02:08:00+00:00,2026-05-25 02:16:00+00:00,4567.215,4560.585,4560.635,4580.375,-0.7325099671086339,sl,6.579999999999927,13.159999999999854
2026-05-25 02:33:00+00:00,2026-05-25 03:44:00+00:00,4563.295,4558.474999999999,4558.525,4572.835000000001,-0.5329524169275413,sl,4.770000000000437,9.540000000000873
2026-05-25 04:22:00+00:00,2026-05-25 04:35:00+00:00,4562.915,4559.648,4559.698,4569.348999999999,-0.36124659479107263,sl,3.2169999999996435,6.433999999999287
2026-05-25 04:48:00+00:00,2026-05-25 05:21:00+00:00,4563.495,4559.148,4559.198,4572.088999999999,-0.4805886606226992,sl,4.296999999999571,8.593999999999141
2026-05-25 06:25:00+00:00,2026-05-25 09:55:00+00:00,4556.325,4568.295,4550.315,4568.345,1.3253794397579421,tp,6.010000000000218,12.020000000000437
2026-05-25 11:14:00+00:00,2026-05-25 12:00:00+00:00,4570.685,4567.345,4567.395,4577.265,-0.3687083658049717,sl,3.2899999999999636,6.579999999999927
2026-05-25 13:08:00+00:00,2026-05-25 13:17:00+00:00,4570.195000000001,4561.315,4561.365,4587.855000000002,-0.9803478109456492,sl,8.830000000000837,17.660000000001673
2026-05-25 13:36:00+00:00,2026-05-25 13:47:00+00:00,4565.278,4560.708,4560.758,4574.318000000001,-0.5050201720058929,sl,4.520000000000437,9.040000000000873
2026-05-25 14:04:00+00:00,2026-05-25 23:10:00+00:00,4565.9580000000005,4578.114000000002,4559.855,4578.1640000000025,1.3430642699814002,tp,6.103000000000975,12.20600000000195
2026-05-25 23:55:00+00:00,2026-05-26 00:00:00+00:00,4562.715,4554.785,4554.835,4578.475,-0.8768911135081606,sl,7.880000000000109,15.760000000000218
2026-05-26 01:54:00+00:00,2026-05-26 04:37:00+00:00,4535.145,4527.345,4527.395,4550.645,-0.8676838372407295,sl,7.75,15.5
2026-05-26 05:09:00+00:00,2026-05-26 07:17:00+00:00,4529.795,4522.6849999999995,4522.735,4543.915000000001,-0.7917932334560522,sl,7.0600000000004,14.1200000000008
2026-05-26 07:49:00+00:00,2026-05-26 08:29:00+00:00,4531.995,4521.4349999999995,4521.485,4553.015,-1.1753335804947584,sl,10.510000000000218,21.020000000000437
2026-05-26 09:28:00+00:00,2026-05-26 09:32:00+00:00,4526.115,4518.045,4518.095,4542.154999999999,-0.8992573545457152,sl,8.019999999999527,16.039999999999054
2026-05-26 10:09:00+00:00,2026-05-26 10:34:00+00:00,4523.835,4538.025,4516.715,4538.075,1.581877935308016,tp,7.119999999999891,14.239999999999782
2026-05-26 12:45:00+00:00,2026-05-26 16:12:00+00:00,4511.955,4501.205,4501.255,4533.355,-1.2017361942227087,sl,10.699999999999818,21.399999999999636
2026-05-26 16:32:00+00:00,2026-05-26 17:30:00+00:00,4508.535,4499.455,4499.505,4526.594999999999,-1.0156968375048065,sl,9.029999999999745,18.05999999999949
2026-05-26 18:23:00+00:00,2026-05-26 19:42:00+00:00,4491.865,4505.0149999999985,4485.265,4505.064999999999,1.4762809645277328,tp,6.599999999999454,13.199999999998909
2026-05-26 19:47:00+00:00,2026-05-26 22:00:00+00:00,4505.1050000000005,4513.995000000001,4500.635,4514.045000000001,0.9952458410812625,tp,4.470000000000255,8.94000000000051
2026-05-26 22:52:00+00:00,2026-05-26 23:34:00+00:00,4503.705,4515.634999999999,4497.715,4515.6849999999995,1.3361243652626802,tp,5.989999999999782,11.979999999999563
2026-05-26 23:41:00+00:00,2026-05-27 02:02:00+00:00,4517.485000000001,4504.115,4504.165,4544.125000000002,-1.4930301604525347,sl,13.320000000000618,26.640000000001237
2026-05-27 02:29:00+00:00,2026-05-27 02:42:00+00:00,4505.015,4498.668,4498.718,4517.609000000001,-0.7106272840464343,sl,6.29700000000048,12.59400000000096
2026-05-27 03:02:00+00:00,2026-05-27 03:58:00+00:00,4506.135,4497.675,4497.725,4522.955,-0.9469023424606219,sl,8.409999999999854,16.81999999999971
2026-05-27 04:22:00+00:00,2026-05-27 05:33:00+00:00,4503.035,4495.445,4495.495,4518.115,-0.8500308933131193,sl,7.539999999999964,15.079999999999927
2026-05-27 06:45:00+00:00,2026-05-27 07:14:00+00:00,4487.445000000001,4480.478,4480.528,4501.279000000001,-0.7829036647581545,sl,6.917000000000371,13.834000000000742
2026-05-27 08:02:00+00:00,2026-05-27 10:30:00+00:00,4486.825,4475.554999999999,4475.605,4509.265,-1.2665219607458194,sl,11.220000000000255,22.44000000000051
2026-05-27 12:19:00+00:00,2026-05-27 13:06:00+00:00,4443.865,4424.705,4424.755,4482.084999999999,-2.173742221059792,sl,19.109999999999673,38.219999999999345
2026-05-27 13:33:00+00:00,2026-05-27 14:12:00+00:00,4421.1050000000005,4452.015000000001,4405.625,4452.065000000001,3.5240976539074715,tp,15.480000000000473,30.960000000000946
2026-05-27 15:25:00+00:00,2026-05-27 16:25:00+00:00,4433.278,4444.034000000001,4427.875,4444.084000000001,1.2233687363433803,tp,5.403000000000247,10.806000000000495
2026-05-27 17:32:00+00:00,2026-05-27 23:51:00+00:00,4452.115,4445.325,4445.375,4465.594999999999,-0.7691085358207542,sl,6.739999999999782,13.479999999999563
2026-05-28 00:03:00+00:00,2026-05-28 00:31:00+00:00,4451.715,4443.485,4443.535,4468.075000000001,-0.9322311153143262,sl,8.180000000000291,16.360000000000582
2026-05-28 00:46:00+00:00,2026-05-28 01:09:00+00:00,4453.175,4443.288,4443.338,4472.849000000001,-1.1194526726307648,sl,9.837000000000444,19.674000000000888
2026-05-28 04:08:00+00:00,2026-05-28 04:20:00+00:00,4380.278,4368.065,4368.115,4404.604000000001,-1.4056701882382752,sl,12.163000000000466,24.32600000000093
2026-05-28 05:12:00+00:00,2026-05-28 05:40:00+00:00,4375.345,4392.415000000001,4366.785,4392.465000000001,1.9666334458313204,tp,8.5600000000004,17.1200000000008
2026-05-28 05:47:00+00:00,2026-05-28 06:12:00+00:00,4394.335,4374.6449999999995,4374.695,4433.615000000001,-2.259120864876447,sl,19.640000000000327,39.280000000000655
2026-05-28 06:36:00+00:00,2026-05-28 12:48:00+00:00,4384.485000000001,4406.035000000001,4373.685,4406.085000000001,2.47752638845061,tp,10.800000000000182,21.600000000000364
2026-05-28 13:22:00+00:00,2026-05-28 13:31:00+00:00,4433.575,4424.768,4424.818,4451.088999999999,-1.001544512679506,sl,8.756999999999607,17.513999999999214
2026-05-28 13:46:00+00:00,2026-05-28 14:12:00+00:00,4428.045,4448.095,4417.995,4448.145,2.282735187125795,tp,10.050000000000182,20.100000000000364
2026-05-28 14:44:00+00:00,2026-05-28 16:50:00+00:00,4470.948,4508.204000000001,4452.295,4508.254000000001,4.201923103791095,tp,18.653000000000247,37.306000000000495
2026-05-28 17:46:00+00:00,2026-05-28 18:35:00+00:00,4507.878000000001,4500.978,4501.028,4521.578000000001,-0.7721636270966705,sl,6.850000000000364,13.700000000000728
2026-05-28 20:18:00+00:00,2026-05-28 20:44:00+00:00,4499.818,4494.648,4494.698,4510.058,-0.5795551360135193,sl,5.119999999999891,10.239999999999782
2026-05-28 23:18:00+00:00,2026-05-28 23:40:00+00:00,4496.338,4490.545,4490.595,4507.823999999999,-0.6498584834102776,sl,5.742999999999483,11.485999999998967
2026-05-28 23:58:00+00:00,2026-05-29 01:09:00+00:00,4494.235000000001,4505.285000000001,4488.685,4505.335000000001,1.2400886641642062,tp,5.550000000000182,11.100000000000364
2026-05-29 02:02:00+00:00,2026-05-29 02:30:00+00:00,4509.115,4500.815,4500.865,4525.615,-0.9285096135932791,sl,8.25,16.5
2026-05-29 03:47:00+00:00,2026-05-29 04:23:00+00:00,4499.138,4508.294,4494.535,4508.344,1.02644603443264,tp,4.6030000000000655,9.206000000000131
2026-05-29 04:57:00+00:00,2026-05-29 05:32:00+00:00,4512.445000000001,4508.155,4508.205,4520.925000000002,-0.4795669114633953,sl,4.240000000000691,8.480000000001382
2026-05-29 05:53:00+00:00,2026-05-29 09:13:00+00:00,4510.805,4527.495,4502.435,4527.545,1.8663172865548012,tp,8.36999999999989,16.73999999999978
2026-05-29 09:46:00+00:00,2026-05-29 12:20:00+00:00,4533.758,4521.875,4521.925,4557.423999999999,-1.3223039477170866,sl,11.832999999999629,23.665999999999258
2026-05-29 13:00:00+00:00,2026-05-29 14:01:00+00:00,4522.985000000001,4543.875000000001,4512.515,4543.925000000001,2.329806790408544,tp,10.470000000000255,20.94000000000051
2026-05-29 14:44:00+00:00,2026-05-29 14:53:00+00:00,4538.125,4564.294999999999,4525.015,4564.344999999999,2.9096058649131225,tp,13.109999999999673,26.219999999999345
2026-05-29 16:34:00+00:00,2026-05-29 17:21:00+00:00,4568.845,4559.9349999999995,4559.985,4586.565000000001,-0.984245365470308,sl,8.860000000000582,17.720000000001164
2026-05-29 18:07:00+00:00,2026-05-29 18:45:00+00:00,4557.345,4551.035,4551.085,4569.865000000001,-0.6987264800170488,sl,6.260000000000218,12.520000000000437
2026-05-29 19:10:00+00:00,2026-05-29 19:37:00+00:00,4558.095,4551.875,4551.925,4570.435,-0.6885994875786912,sl,6.170000000000073,12.340000000000146
2026-05-31 22:46:00+00:00,2026-06-01 01:08:00+00:00,4536.085,4531.125,4531.175,4545.905,-0.5517350096369413,sl,4.9099999999998545,9.819999999999709
2026-06-01 01:22:00+00:00,2026-06-01 01:56:00+00:00,4535.625,4525.865,4525.915,4555.045,-1.085722861221812,sl,9.710000000000036,19.420000000000073
2026-06-01 02:08:00+00:00,2026-06-01 02:30:00+00:00,4531.735000000001,4523.465,4523.515,4548.175000000001,-0.9206627660017414,sl,8.220000000000255,16.44000000000051
2026-06-01 03:31:00+00:00,2026-06-01 03:42:00+00:00,4522.665,4513.505,4513.555,4540.884999999999,-1.0216943699392764,sl,9.109999999999673,18.219999999999345
2026-06-01 05:03:00+00:00,2026-06-01 06:20:00+00:00,4515.5650000000005,4508.345,4508.395,4529.905000000001,-0.8064938571536238,sl,7.170000000000073,14.340000000000146
2026-06-01 07:04:00+00:00,2026-06-01 07:43:00+00:00,4507.085,4500.045,4500.095,4521.065,-0.7878039493160035,sl,6.989999999999782,13.979999999999563
2026-06-01 08:43:00+00:00,2026-06-01 09:32:00+00:00,4497.285,4492.505,4492.555,4506.744999999999,-0.5360247092533132,sl,4.729999999999563,9.459999999999127
2026-06-01 10:08:00+00:00,2026-06-01 10:47:00+00:00,4499.225,4509.295000000001,4494.165,4509.345000000001,1.1286934419140642,tp,5.0600000000004,10.1200000000008
2026-06-01 11:19:00+00:00,2026-06-01 12:20:00+00:00,4507.095,4499.554999999999,4499.605,4522.075000000002,-0.8437377400311291,sl,7.490000000000691,14.980000000001382
2026-06-01 15:08:00+00:00,2026-06-01 15:35:00+00:00,4462.325,4478.795,4454.065,4478.845,1.8613537334854198,tp,8.260000000000218,16.520000000000437
2026-06-01 16:51:00+00:00,2026-06-01 17:29:00+00:00,4472.375,4482.699,4467.188,4482.749,1.1643577478545863,tp,5.186999999999898,10.373999999999796
2026-06-01 17:44:00+00:00,2026-06-02 01:48:00+00:00,4488.915,4472.065,4472.115,4522.515,-1.8935871563609912,sl,16.800000000000182,33.600000000000364
2026-06-02 02:18:00+00:00,2026-06-02 04:01:00+00:00,4481.015,4499.619000000001,4471.688,4499.669000000001,2.0939928336454807,tp,9.327000000000226,18.65400000000045
2026-06-02 04:04:00+00:00,2026-06-02 04:16:00+00:00,4500.298,4507.3139999999985,4496.765,4507.363999999999,0.7864728049674358,tp,3.532999999999447,7.065999999998894
2026-06-02 04:42:00+00:00,2026-06-02 05:30:00+00:00,4510.475,4525.065000000001,4503.155,4525.115000000002,1.6319327813348765,tp,7.3200000000006185,14.640000000001237
2026-06-02 06:22:00+00:00,2026-06-02 12:52:00+00:00,4527.8150000000005,4517.735,4517.785,4547.875000000002,-1.1233403205449775,sl,10.030000000000655,20.06000000000131
2026-06-02 14:12:00+00:00,2026-06-02 14:22:00+00:00,4506.445000000001,4491.031,4491.081,4537.173000000002,-1.7257283118126765,sl,15.364000000000487,30.728000000000975
2026-06-02 14:45:00+00:00,2026-06-02 16:30:00+00:00,4504.245,4490.054999999999,4490.105,4532.525000000001,-1.5891952364228836,sl,14.140000000000327,28.280000000000655
2026-06-02 17:00:00+00:00,2026-06-02 17:07:00+00:00,4491.755,4489.065,4489.115,4497.035000000001,-0.30205405453835227,sl,2.6400000000003274,5.280000000000655
2026-06-02 17:30:00+00:00,2026-06-02 17:36:00+00:00,4490.925,4486.125,4486.175,4500.425,-0.5390646834327296,sl,4.75,9.5
2026-06-02 18:02:00+00:00,2026-06-02 18:41:00+00:00,4488.075,4482.485,4482.535,4499.155,-0.6281508291174774,sl,5.539999999999964,11.079999999999927
2026-06-02 19:30:00+00:00,2026-06-02 19:36:00+00:00,4489.245,4485.465,4485.515,4496.704999999999,-0.4246231624094849,sl,3.7299999999995634,7.459999999999127
2026-06-02 20:00:00+00:00,2026-06-02 22:00:00+00:00,4487.935,4492.285000000002,4485.735,4492.335000000002,0.48877569557845757,tp,2.2000000000007276,4.400000000001455
2026-06-02 22:05:00+00:00,2026-06-02 22:45:00+00:00,4489.848,4486.375,4486.425,4496.6939999999995,-0.3900866569002791,sl,3.4229999999997744,6.845999999999549
2026-06-02 23:45:00+00:00,2026-06-03 05:30:00+00:00,4474.825,4461.855,4461.905,4500.665,-1.4616220083418046,sl,12.920000000000073,25.840000000000146
2026-06-03 06:18:00+00:00,2026-06-03 06:23:00+00:00,4467.625,4461.795,4461.845,4479.1849999999995,-0.6579608490435468,sl,5.779999999999745,11.55999999999949
2026-06-03 07:04:00+00:00,2026-06-03 07:27:00+00:00,4466.465,4457.465,4457.515,4484.365,-1.0159175129184486,sl,8.949999999999818,17.899999999999636
2026-06-03 07:53:00+00:00,2026-06-03 07:57:00+00:00,4463.365,4454.405,4454.455,4481.1849999999995,-1.012002816237183,sl,8.909999999999854,17.81999999999971
2026-06-03 10:06:00+00:00,2026-06-03 13:42:00+00:00,4452.365,4443.468,4443.518,4470.058999999999,-1.007268730322295,sl,8.846999999999753,17.693999999999505
2026-06-03 14:11:00+00:00,2026-06-03 15:22:00+00:00,4453.345,4441.355,4441.405,4477.225000000001,-1.3570066298313572,sl,11.94000000000051,23.88000000000102
2026-06-03 15:51:00+00:00,2026-06-03 16:18:00+00:00,4442.385,4436.445,4436.495,4454.165000000001,-0.6738463972265233,sl,5.890000000000327,11.780000000000655
2026-06-03 16:58:00+00:00,2026-06-03 17:30:00+00:00,4441.585,4436.764999999999,4436.815,4451.125000000001,-0.5468531072134256,sl,4.770000000000437,9.540000000000873
2026-06-03 17:44:00+00:00,2026-06-03 18:20:00+00:00,4441.075,4435.1849999999995,4435.235,4452.755,-0.6682904353297129,sl,5.8400000000001455,11.680000000000291
2026-06-03 18:31:00+00:00,2026-06-03 20:33:00+00:00,4441.215,4434.6849999999995,4434.735,4454.175000000001,-0.7408335489188452,sl,6.480000000000473,12.960000000000946
2026-06-03 22:01:00+00:00,2026-06-03 22:12:00+00:00,4436.645,4430.165,4430.215,4449.505000000001,-0.7358641667542528,sl,6.430000000000291,12.860000000000582
2026-06-03 22:54:00+00:00,2026-06-03 22:57:00+00:00,4440.595,4452.485000000001,4434.625,4452.535000000001,1.3489203340151956,tp,5.970000000000255,11.94000000000051
2026-06-03 23:24:00+00:00,2026-06-03 23:46:00+00:00,4450.6050000000005,4461.215000000002,4445.275,4461.265000000002,1.2011578490322787,tp,5.330000000000837,10.660000000001673
2026-06-04 01:03:00+00:00,2026-06-04 02:56:00+00:00,4454.385,4475.555000000001,4443.775,4475.605000000001,2.3949068252133596,tp,10.610000000000582,21.220000000001164
2026-06-04 04:13:00+00:00,2026-06-04 04:34:00+00:00,4468.295,4480.585,4462.125,4480.635,1.3863367929416597,tp,6.170000000000073,12.340000000000146
2026-06-04 04:44:00+00:00,2026-06-04 05:10:00+00:00,4483.805,4473.1179999999995,4473.168,4505.0790000000015,-1.2015103572072585,sl,10.637000000000626,21.27400000000125
2026-06-04 06:02:00+00:00,2026-06-04 06:18:00+00:00,4472.6050000000005,4466.545,4466.595,4484.625000000001,-0.6829340180650996,sl,6.010000000000218,12.020000000000437
2026-06-04 07:05:00+00:00,2026-06-04 07:13:00+00:00,4470.1050000000005,4462.615,4462.665,4484.9850000000015,-0.8445032738341127,sl,7.440000000000509,14.880000000001019
2026-06-04 07:39:00+00:00,2026-06-04 07:44:00+00:00,4466.925,4461.345,4461.395,4477.985,-0.6295444454125239,sl,5.529999999999745,11.05999999999949
2026-06-04 08:31:00+00:00,2026-06-04 11:26:00+00:00,4467.335,4485.125,4458.415,4485.175,2.006786444967522,tp,8.920000000000073,17.840000000000146
2026-06-04 11:46:00+00:00,2026-06-04 14:31:00+00:00,4493.725,4481.875,4481.925,4517.325000000001,-1.329144061010791,sl,11.800000000000182,23.600000000000364
2026-06-04 15:37:00+00:00,2026-06-04 22:58:00+00:00,4474.695000000001,4468.905,4468.955,4486.175000000002,-0.6521057890350154,sl,5.740000000000691,11.480000000001382
2026-06-05 01:05:00+00:00,2026-06-05 01:13:00+00:00,4466.1050000000005,4460.565,4460.615,4477.085000000002,-0.6251088788265301,sl,5.490000000000691,10.980000000001382
2026-06-05 01:55:00+00:00,2026-06-05 02:01:00+00:00,4450.135,4443.855,4443.905,4462.595000000001,-0.7111060160643247,sl,6.230000000000473,12.460000000000946
2026-06-05 02:24:00+00:00,2026-06-05 02:30:00+00:00,4452.6050000000005,4444.365,4444.415,4468.9850000000015,-0.9324601751637838,sl,8.19000000000051,16.38000000000102
2026-06-05 03:43:00+00:00,2026-06-05 06:03:00+00:00,4441.955,4436.365,4436.415,4453.035,-0.6340371666400998,sl,5.539999999999964,11.079999999999927
2026-06-05 06:25:00+00:00,2026-06-05 12:51:00+00:00,4444.155,4428.285,4428.335,4475.794999999999,-1.7990261020031555,sl,15.819999999999709,31.639999999999418
2026-06-05 13:19:00+00:00,2026-06-05 13:30:00+00:00,4418.935,4399.675,4399.725,4457.3550000000005,-2.1953858207349097,sl,19.210000000000036,38.42000000000007
2026-06-05 14:52:00+00:00,2026-06-05 15:37:00+00:00,4366.035,4344.355,4344.405,4409.295,-2.5006309161837192,sl,21.63000000000011,43.26000000000022
2026-06-05 16:49:00+00:00,2026-06-05 18:14:00+00:00,4332.525000000001,4322.905,4322.955,4351.665000000002,-1.1179018780279228,sl,9.570000000000618,19.140000000001237
2026-06-05 18:57:00+00:00,2026-06-05 19:14:00+00:00,4324.175,4315.065,4315.115,4342.295000000001,-1.0605632841926973,sl,9.0600000000004,18.1200000000008
2026-06-05 20:22:00+00:00,2026-06-07 22:00:00+00:00,4317.995,4330.939,4311.498,4330.9890000000005,1.5089056745361793,tp,6.497000000000298,12.994000000000597
2026-06-07 23:12:00+00:00,2026-06-08 01:19:00+00:00,4329.455,4315.535,4315.585,4357.195,-1.6186271360660813,sl,13.86999999999989,27.73999999999978
2026-06-08 01:44:00+00:00,2026-06-08 05:34:00+00:00,4325.375,4299.748,4299.798,4376.529,-2.982256490038087,sl,25.577000000000226,51.15400000000045
2026-06-08 05:52:00+00:00,2026-06-08 13:38:00+00:00,4293.205,4343.315,4268.125,4343.365,5.873339305401192,tp,25.079999999999927,50.159999999999854
2026-06-08 14:47:00+00:00,2026-06-08 23:48:00+00:00,4327.975,4314.755,4314.805,4354.3150000000005,-1.5379506686704179,sl,13.170000000000073,26.340000000000146
2026-06-09 00:06:00+00:00,2026-06-09 01:27:00+00:00,4319.135,4332.165,4312.595,4332.215,1.5187174985994316,tp,6.539999999999964,13.079999999999927
2026-06-09 02:24:00+00:00,2026-06-09 04:30:00+00:00,4334.525000000001,4327.818,4327.868,4347.839000000001,-0.7790792872438289,sl,6.657000000000153,13.314000000000306
2026-06-09 05:00:00+00:00,2026-06-09 05:33:00+00:00,4332.145,4343.215000000001,4326.585,4343.265000000001,1.2864884727114143,tp,5.5600000000004,11.1200000000008
2026-06-09 06:50:00+00:00,2026-06-09 06:55:00+00:00,4339.585,4334.1849999999995,4334.235,4350.285000000001,-0.6265594831364018,sl,5.350000000000364,10.700000000000728
2026-06-09 08:12:00+00:00,2026-06-09 09:29:00+00:00,4329.865,4324.9349999999995,4324.985,4339.625,-0.5732740572734473,sl,4.880000000000109,9.760000000000218
2026-06-09 09:53:00+00:00,2026-06-09 10:07:00+00:00,4331.665,4324.795,4324.845,4345.304999999999,-0.7984852079865981,sl,6.819999999999709,13.639999999999418
2026-06-09 10:15:00+00:00,2026-06-09 13:49:00+00:00,4335.415,4356.6849999999995,4324.755,4356.735,2.46983177349539,tp,10.659999999999854,21.31999999999971
2026-06-09 16:29:00+00:00,2026-06-09 16:38:00+00:00,4263.695000000001,4252.845,4252.895,4285.295000000001,-1.281388107337709,sl,10.800000000000182,21.600000000000364
2026-06-09 17:01:00+00:00,2026-06-09 22:49:00+00:00,4254.398,4238.508,4238.558,4286.078,-1.8804751578007999,sl,15.840000000000146,31.68000000000029
2026-06-10 00:06:00+00:00,2026-06-10 00:32:00+00:00,4225.755,4210.065,4210.115,4257.035000000001,-1.8690431914299033,sl,15.640000000000327,31.280000000000655
2026-06-10 00:57:00+00:00,2026-06-10 01:03:00+00:00,4211.865,4198.655,4198.705,4238.1849999999995,-1.5785140430602895,sl,13.159999999999854,26.31999999999971
2026-06-10 02:30:00+00:00,2026-06-10 02:32:00+00:00,4187.805,4179.485,4179.535,4204.345000000001,-0.9997440754559942,sl,8.270000000000437,16.540000000000873
2026-06-10 03:35:00+00:00,2026-06-10 04:30:00+00:00,4180.285,4173.325,4173.375,4194.105,-0.8377456251855667,sl,6.9099999999998545,13.819999999999709
2026-06-10 05:03:00+00:00,2026-06-10 05:29:00+00:00,4176.225,4184.3550000000005,4172.135,4184.405000000001,0.9794433498519793,tp,4.0900000000001455,8.180000000000291
2026-06-10 07:09:00+00:00,2026-06-10 07:11:00+00:00,4206.165,4201.045,4201.095,4216.304999999999,-0.6124894205211286,sl,5.069999999999709,10.139999999999418
2026-06-10 08:37:00+00:00,2026-06-10 09:02:00+00:00,4175.215,4166.155,4166.205,4193.235000000001,-1.0917868423740322,sl,9.010000000000218,18.020000000000437
2026-06-10 09:33:00+00:00,2026-06-10 09:52:00+00:00,4175.225,4165.755,4165.805,4194.0650000000005,-1.1410678651205235,sl,9.420000000000073,18.840000000000146
2026-06-10 10:45:00+00:00,2026-06-10 11:03:00+00:00,4171.205,4162.375,4162.425,4188.764999999999,-1.0648570106461674,sl,8.779999999999745,17.55999999999949
2026-06-10 12:31:00+00:00,2026-06-10 13:17:00+00:00,4169.055,4134.304999999999,4134.355,4238.455000000002,-4.192406054152588,sl,34.70000000000073,69.40000000000146
2026-06-10 13:37:00+00:00,2026-06-10 14:56:00+00:00,4159.145,4132.628,4132.678,4212.0790000000015,-3.205423728666336,sl,26.467000000000553,52.934000000001106
2026-06-10 16:17:00+00:00,2026-06-10 16:32:00+00:00,4131.445000000001,4124.075,4124.125,4146.085000000002,-0.8965864401828049,sl,7.3200000000006185,14.640000000001237
2026-06-10 17:01:00+00:00,2026-06-10 17:10:00+00:00,4124.965,4116.925,4116.975,4140.945,-0.9795434314779103,sl,7.989999999999782,15.979999999999563
2026-06-10 18:01:00+00:00,2026-06-10 18:50:00+00:00,4116.075,4100.485,4100.535,4147.155,-1.9033051606994111,sl,15.539999999999964,31.079999999999927
2026-06-10 19:41:00+00:00,2026-06-10 20:00:00+00:00,4090.905,4081.355,4081.405,4109.905000000001,-1.17286307189839,sl,9.5,19.000000000000455
2026-06-10 22:38:00+00:00,2026-06-10 23:12:00+00:00,4062.3650000000002,4035.665,4035.715,4115.665000000001,-3.3017558806374545,sl,26.65000000000009,53.30000000000064
2026-06-10 23:27:00+00:00,2026-06-11 17:32:00+00:00,4059.0950000000003,4130.0650000000005,4023.585,4130.115000000001,8.78042395383653,tp,35.51000000000022,71.02000000000044
2026-06-11 18:45:00+00:00,2026-06-11 19:17:00+00:00,4164.555,4196.045000000001,4148.785,4196.095000000001,3.800611285143992,tp,15.770000000000437,31.540000000000873
2026-06-11 19:31:00+00:00,2026-06-12 01:03:00+00:00,4208.195000000001,4188.3679999999995,4188.418,4247.7490000000025,-2.3690526299020416,sl,19.777000000000953,39.554000000001906
2026-06-12 02:03:00+00:00,2026-06-12 02:34:00+00:00,4192.795,4183.8949999999995,4183.945,4210.495000000001,-1.0670815594155314,sl,8.850000000000364,17.700000000000728
2026-06-12 03:02:00+00:00,2026-06-12 05:04:00+00:00,4194.6050000000005,4187.264999999999,4187.315,4209.185000000002,-0.8795694377571052,sl,7.290000000000873,14.580000000001746
2026-06-12 06:04:00+00:00,2026-06-12 07:33:00+00:00,4182.725,4170.525,4170.575,4207.0250000000015,-1.4659786987700119,sl,12.150000000000546,24.30000000000109
2026-06-12 07:41:00+00:00,2026-06-12 08:04:00+00:00,4180.715,4202.185,4169.955,4202.235000000001,2.5807461130542815,tp,10.760000000000218,21.520000000000437
2026-06-12 08:39:00+00:00,2026-06-12 10:22:00+00:00,4221.075,4210.925,4210.975,4241.274999999999,-1.2086993120583454,sl,10.099999999999454,20.19999999999891
2026-06-12 11:46:00+00:00,2026-06-12 12:30:00+00:00,4210.275000000001,4197.275,4197.325,4236.175000000002,-1.5518722669514855,sl,12.950000000000728,25.900000000001455
2026-06-12 13:17:00+00:00,2026-06-12 13:41:00+00:00,4201.195000000001,4186.285,4186.335,4230.915000000002,-1.783449568885922,sl,14.860000000000582,29.720000000001164
2026-06-12 14:02:00+00:00,2026-06-12 14:23:00+00:00,4194.735000000001,4182.625,4182.675,4218.855000000001,-1.4505027980588263,sl,12.0600000000004,24.1200000000008
2026-06-12 14:53:00+00:00,2026-06-12 15:25:00+00:00,4194.835,4230.5650000000005,4176.945,4230.615000000001,4.27892226618297,tp,17.890000000000327,35.780000000000655
2026-06-12 16:14:00+00:00,2026-06-12 19:29:00+00:00,4221.185,4207.875,4207.925,4247.705000000001,-1.5846919478859531,sl,13.260000000000218,26.520000000000437
2026-06-12 20:11:00+00:00,2026-06-14 22:00:00+00:00,4212.2480000000005,4226.0380000000005,4205.328,4226.088000000001,1.6450649159100337,tp,6.920000000000073,13.840000000000146
2026-06-14 23:47:00+00:00,2026-06-15 01:34:00+00:00,4292.175,4313.745000000001,4281.365,4313.795000000001,2.5256694719155686,tp,10.8100000000004,21.6200000000008
2026-06-15 02:01:00+00:00,2026-06-15 02:48:00+00:00,4320.035,4334.204999999999,4312.925,4334.254999999999,1.648904439493186,tp,7.109999999999673,14.219999999999345
2026-06-15 02:50:00+00:00,2026-06-15 02:53:00+00:00,4334.275000000001,4327.804999999999,4327.855,4347.1150000000025,-0.7505367116715216,sl,6.420000000000982,12.840000000001965
2026-06-15 04:35:00+00:00,2026-06-15 05:37:00+00:00,4328.465,4320.514999999999,4320.565,4344.265000000001,-0.9233894853120208,sl,7.900000000000546,15.800000000001091
2026-06-15 06:50:00+00:00,2026-06-15 07:54:00+00:00,4307.555,4321.325,4300.645,4321.375,1.6069964986616982,tp,6.9099999999998545,13.819999999999709
2026-06-15 08:18:00+00:00,2026-06-15 08:34:00+00:00,4329.745,4340.695,4324.245,4340.745,1.271548797559708,tp,5.5,11.0
2026-06-15 10:28:00+00:00,2026-06-15 10:41:00+00:00,4339.145,4335.9349999999995,4335.985,4345.465000000002,-0.37199492457051236,sl,3.160000000000764,6.320000000001528
2026-06-15 10:46:00+00:00,2026-06-15 10:54:00+00:00,4340.535,4337.035,4337.085,4347.4349999999995,-0.40545705597346204,sl,3.449999999999818,6.899999999999636
2026-06-15 11:30:00+00:00,2026-06-15 11:45:00+00:00,4341.125,4336.045,4336.095,4351.1849999999995,-0.5883882505322895,sl,5.029999999999745,10.05999999999949
2026-06-15 12:03:00+00:00,2026-06-15 12:14:00+00:00,4336.8150000000005,4331.525,4331.575,4347.295000000002,-0.6132844243178676,sl,5.240000000000691,10.480000000001382
2026-06-15 12:31:00+00:00,2026-06-15 17:36:00+00:00,4339.825,4324.465,4324.515,4370.444999999999,-1.7793839525992372,sl,15.30999999999949,30.61999999999898
2026-06-15 18:18:00+00:00,2026-06-15 19:48:00+00:00,4325.165,4317.815,4317.865,4339.765,-0.8541978387798024,sl,7.300000000000182,14.600000000000364
2026-06-15 22:43:00+00:00,2026-06-16 01:00:00+00:00,4311.985000000001,4324.395000000001,4305.755,4324.4450000000015,1.4465433282586393,tp,6.230000000000473,12.460000000000946
2026-06-16 01:26:00+00:00,2026-06-16 01:32:00+00:00,4323.255,4315.195,4315.245,4339.275000000001,-0.9371812407819238,sl,8.010000000000218,16.020000000000437
2026-06-16 02:29:00+00:00,2026-06-16 03:27:00+00:00,4312.585,4321.414999999999,4308.145,4321.464999999999,1.0291577472586948,tp,4.4399999999996,8.8799999999992
2026-06-16 03:33:00+00:00,2026-06-16 05:58:00+00:00,4323.465,4315.1449999999995,4315.195,4340.005000000001,-0.9673747542826496,sl,8.270000000000437,16.540000000000873
2026-06-16 06:35:00+00:00,2026-06-16 07:06:00+00:00,4318.485000000001,4327.095000000002,4314.155,4327.145000000002,1.0021513530958222,tp,4.330000000000837,8.660000000001673
2026-06-16 07:28:00+00:00,2026-06-16 07:58:00+00:00,4328.4980000000005,4334.514000000001,4325.465,4334.564000000001,0.6986754434562631,tp,3.0330000000003565,6.066000000000713
2026-06-16 08:10:00+00:00,2026-06-16 14:18:00+00:00,4339.155,4326.335,4326.385,4364.694999999999,-1.4853127649317863,sl,12.769999999999527,25.539999999999054
2026-06-16 15:16:00+00:00,2026-06-16 15:24:00+00:00,4327.155,4321.295,4321.345,4338.774999999999,-0.6807161517049881,sl,5.809999999999491,11.619999999998981
2026-06-16 15:51:00+00:00,2026-06-16 15:55:00+00:00,4328.155,4338.8049999999985,4322.805,4338.854999999999,1.2367681314674794,tp,5.349999999999454,10.699999999998909
2026-06-16 16:14:00+00:00,2026-06-16 17:14:00+00:00,4344.645,4334.554999999999,4334.605,4364.725000000002,-1.167432507904073,sl,10.040000000000873,20.080000000001746
2026-06-16 17:53:00+00:00,2026-06-16 19:52:00+00:00,4339.595,4335.745,4335.795,4347.195000000001,-0.44591903181156617,sl,3.800000000000182,7.600000000000364
2026-06-16 20:20:00+00:00,2026-06-16 20:46:00+00:00,4333.165,4330.348,4330.398,4338.699,-0.3267434077363488,sl,2.7669999999998254,5.533999999999651
2026-06-16 22:46:00+00:00,2026-06-17 00:00:00+00:00,4333.465,4328.695,4328.745,4342.905000000001,-0.5532152998232223,sl,4.720000000000255,9.44000000000051
2026-06-17 00:07:00+00:00,2026-06-17 04:23:00+00:00,4335.535,4328.385,4328.435,4349.734999999999,-0.8288015205261251,sl,7.099999999999454,14.199999999998909
2026-06-17 05:31:00+00:00,2026-06-17 06:22:00+00:00,4331.725,4320.974999999999,4321.025,4353.125000000002,-1.2470933631859844,sl,10.700000000000728,21.400000000001455
2026-06-17 06:43:00+00:00,2026-06-17 08:13:00+00:00,4328.285,4322.285,4322.335,4340.1849999999995,-0.6965188745234925,sl,5.949999999999818,11.899999999999636
2026-06-17 08:59:00+00:00,2026-06-17 13:45:00+00:00,4325.265,4341.8150000000005,4316.965,4341.865000000001,1.922439420517528,tp,8.300000000000182,16.600000000000364
2026-06-17 14:08:00+00:00,2026-06-17 14:47:00+00:00,4345.485000000001,4335.445,4335.495,4365.465000000002,-1.1610366364448381,sl,9.990000000000691,19.980000000001382
2026-06-17 15:16:00+00:00,2026-06-17 16:22:00+00:00,4350.925,4365.615,4343.555,4365.665,1.696447763583937,tp,7.369999999999891,14.739999999999782
2026-06-17 17:11:00+00:00,2026-06-17 17:33:00+00:00,4360.345,4370.935000000001,4355.025,4370.9850000000015,1.2205307039932178,tp,5.3200000000006185,10.640000000001237
2026-06-17 17:54:00+00:00,2026-06-17 18:00:00+00:00,4381.625,4360.098,4360.148,4424.579,-2.469304469091398,sl,21.47699999999986,42.95399999999972
2026-06-17 18:43:00+00:00,2026-06-17 19:06:00+00:00,4313.305,4268.965,4269.015,4401.885,-5.165414287966926,sl,44.289999999999964,88.57999999999993
2026-06-17 20:06:00+00:00,2026-06-17 23:09:00+00:00,4247.5650000000005,4273.095000000002,4234.775,4273.145000000002,3.018610927975857,tp,12.790000000000873,25.580000000001746
2026-06-18 00:00:00+00:00,2026-06-18 00:03:00+00:00,4277.735000000001,4289.105000000002,4272.025,4289.1550000000025,1.3352833788043144,tp,5.710000000000946,11.420000000001892
2026-06-18 00:18:00+00:00,2026-06-18 08:56:00+00:00,4298.765,4271.974999999999,4272.025,4352.245000000002,-3.1312199664533824,sl,26.74000000000069,53.48000000000138
2026-06-18 09:18:00+00:00,2026-06-18 10:52:00+00:00,4271.015,4259.485,4259.535,4293.975000000001,-1.3559617261012509,sl,11.480000000000473,22.960000000000946
2026-06-18 12:11:00+00:00,2026-06-18 12:18:00+00:00,4246.475,4260.079000000001,4239.648,4260.129000000001,1.6088985019167472,tp,6.8270000000002256,13.654000000000451
2026-06-18 13:07:00+00:00,2026-06-18 13:30:00+00:00,4249.615,4267.3989999999985,4240.698,4267.448999999999,2.1020353667040754,tp,8.916999999999462,17.833999999998923
2026-06-18 14:59:00+00:00,2026-06-18 15:18:00+00:00,4254.035,4240.125,4240.175,4281.754999999999,-1.642771235890251,sl,13.859999999999673,27.719999999999345
2026-06-18 16:10:00+00:00,2026-06-18 16:19:00+00:00,4231.945000000001,4222.804999999999,4222.855,4250.125000000003,-1.084891209386531,sl,9.090000000001055,18.18000000000211
2026-06-18 16:31:00+00:00,2026-06-18 16:34:00+00:00,4228.575,4221.657999999999,4221.708,4242.309,-0.8215932185581069,sl,6.867000000000189,13.734000000000378
2026-06-18 17:07:00+00:00,2026-06-18 19:02:00+00:00,4226.095,4213.875,4213.925,4250.435,-1.4522103799668933,sl,12.170000000000073,24.340000000000146
2026-06-18 19:40:00+00:00,2026-06-18 23:02:00+00:00,4209.755,4201.095,4201.145,4226.974999999999,-1.0329893948832183,sl,8.609999999999673,17.219999999999345
2026-06-18 23:31:00+00:00,2026-06-18 23:45:00+00:00,4198.165,4193.554999999999,4193.605,4207.285000000001,-0.5513552849942915,sl,4.5600000000004,9.1200000000008
2026-06-19 00:35:00+00:00,2026-06-19 01:20:00+00:00,4189.645,4183.688,4183.738,4201.459000000001,-0.7138659196856376,sl,5.907000000000153,11.814000000000306
2026-06-19 01:26:00+00:00,2026-06-19 02:06:00+00:00,4188.405,4183.445,4183.495,4198.224999999999,-0.5945226510266564,sl,4.9099999999998545,9.819999999999709
2026-06-19 02:36:00+00:00,2026-06-19 02:50:00+00:00,4182.375,4174.875,4174.925,4197.275,-0.9002185881405514,sl,7.449999999999818,14.899999999999636
2026-06-19 03:22:00+00:00,2026-06-19 03:31:00+00:00,4170.015,4164.845,4164.895,4180.255,-0.6223341988321177,sl,5.119999999999891,10.239999999999782
2026-06-19 05:26:00+00:00,2026-06-19 06:09:00+00:00,4131.405,4143.154999999999,4125.505,4143.204999999999,1.4275256297644496,tp,5.899999999999636,11.799999999999272
2026-06-19 06:12:00+00:00,2026-06-19 06:37:00+00:00,4143.445000000001,4133.415,4133.465,4163.405000000002,-1.2151920702500145,sl,9.980000000000473,19.960000000000946
2026-06-19 06:53:00+00:00,2026-06-19 08:21:00+00:00,4145.375,4170.804999999999,4132.635,4170.855,3.0791832857841257,tp,12.739999999999782,25.479999999999563
2026-06-19 09:48:00+00:00,2026-06-19 09:58:00+00:00,4166.745,4161.705,4161.755,4176.724999999999,-0.6073231102821594,sl,4.989999999999782,9.979999999999563
2026-06-19 11:41:00+00:00,2026-06-19 12:51:00+00:00,4149.865,4166.155,4141.695,4166.205,1.9708203729816824,tp,8.170000000000073,16.340000000000146
2026-06-19 13:10:00+00:00,2026-06-19 13:19:00+00:00,4182.265,4164.065,4164.115,4218.565000000001,-2.1852694750610566,sl,18.150000000000546,36.30000000000109
2026-06-19 14:58:00+00:00,2026-06-21 22:00:00+00:00,4150.495,4142.405,4142.455,4166.575,-0.9785866324680037,sl,8.039999999999964,16.079999999999927
2026-06-21 22:06:00+00:00,2026-06-21 23:47:00+00:00,4157.705,4138.775,4138.825,4195.465,-2.285626522322376,sl,18.88000000000011,37.76000000000022
2026-06-22 00:02:00+00:00,2026-06-22 00:45:00+00:00,4149.875,4177.124999999999,4136.225,4177.174999999999,3.295648896810877,tp,13.649999999999636,27.299999999999272
2026-06-22 02:37:00+00:00,2026-06-22 03:09:00+00:00,4196.335,4183.215,4183.265,4222.474999999999,-1.5696965211248328,sl,13.069999999999709,26.139999999999418
2026-06-22 04:23:00+00:00,2026-06-22 05:30:00+00:00,4178.525000000001,4194.7750000000015,4170.375,4194.825000000002,1.9521557992920189,tp,8.150000000000546,16.30000000000109
2026-06-22 05:39:00+00:00,2026-06-22 15:45:00+00:00,4196.675,4179.175,4179.225,4231.575,-2.093636420582487,sl,17.449999999999818,34.899999999999636
2026-06-22 16:32:00+00:00,2026-06-23 01:19:00+00:00,4183.455,4174.1449999999995,4174.195,4201.975,-1.1171013425342358,sl,9.260000000000218,18.520000000000437
2026-06-23 02:27:00+00:00,2026-06-23 02:59:00+00:00,4161.255,4148.705,4148.755,4186.255,-1.5137322477962318,sl,12.5,25.0
2026-06-23 03:58:00+00:00,2026-06-23 04:55:00+00:00,4142.835,4133.285,4133.335,4161.835,-1.1568309716075573,sl,9.5,19.0
2026-06-23 05:35:00+00:00,2026-06-23 05:39:00+00:00,4131.195000000001,4125.705,4125.755,4142.075000000002,-0.666823294104931,sl,5.440000000000509,10.880000000001019
2026-06-23 07:06:00+00:00,2026-06-23 07:40:00+00:00,4121.135,4110.135,4110.185,4143.035,-1.33924828520944,sl,10.949999999999818,21.899999999999636
2026-06-23 08:33:00+00:00,2026-06-23 09:13:00+00:00,4100.735000000001,4113.165000000002,4094.495,4113.215000000002,1.5206760804345094,tp,6.240000000000691,12.480000000001382
2026-06-23 09:21:00+00:00,2026-06-23 13:53:00+00:00,4114.335,4138.245000000001,4102.355,4138.295000000001,2.9159027326001286,tp,11.980000000000473,23.960000000000946
2026-06-23 14:10:00+00:00,2026-06-23 14:26:00+00:00,4141.608,4131.375,4131.425,4161.974,-1.2400901690676691,sl,10.182999999999993,20.365999999999985
2026-06-23 14:53:00+00:00,2026-06-23 16:37:00+00:00,4129.138,4142.188,4122.588,4142.238,1.5860495086391397,tp,6.550000000000182,13.100000000000364
2026-06-23 16:45:00+00:00,2026-06-23 16:47:00+00:00,4143.135,4139.178,4139.228,4150.9490000000005,-0.47937040085369953,sl,3.907000000000153,7.814000000000306
2026-06-23 18:59:00+00:00,2026-06-23 19:59:00+00:00,4117.425,4112.425,4112.475,4127.325,-0.6094776951363804,sl,4.949999999999818,9.899999999999636
2026-06-23 20:41:00+00:00,2026-06-23 20:55:00+00:00,4111.325,4108.715,4108.765,4116.444999999999,-0.31860004839919204,sl,2.5599999999994907,5.119999999998981
2026-06-23 22:01:00+00:00,2026-06-23 22:20:00+00:00,4112.755,4108.385,4108.435,4121.3949999999995,-0.5332390569943708,sl,4.319999999999709,8.639999999999418
2026-06-24 00:02:00+00:00,2026-06-24 01:03:00+00:00,4103.685,4080.4449999999997,4080.495,4150.065000000001,-2.841923525404843,sl,23.19000000000051,46.38000000000102
2026-06-24 01:26:00+00:00,2026-06-24 02:30:00+00:00,4095.375,4068.205,4068.255,4149.615,-3.3283060276099437,sl,27.11999999999989,54.23999999999978
2026-06-24 03:37:00+00:00,2026-06-24 05:32:00+00:00,4061.395,4081.945,4051.095,4081.9950000000003,2.5375803236543435,tp,10.300000000000182,20.600000000000364
2026-06-24 06:07:00+00:00,2026-06-24 09:09:00+00:00,4084.6850000000004,4070.9649999999997,4071.015,4112.0250000000015,-1.6849561444951022,sl,13.670000000000528,27.340000000001055
2026-06-24 10:30:00+00:00,2026-06-24 10:55:00+00:00,4060.775,4056.075,4056.125,4070.0750000000003,-0.5805091220893188,sl,4.650000000000091,9.300000000000182
2026-06-24 11:38:00+00:00,2026-06-24 12:07:00+00:00,4048.355,4038.4449999999997,4038.495,4068.0750000000003,-1.2276937627768394,sl,9.860000000000127,19.720000000000255
2026-06-24 13:31:00+00:00,2026-06-24 13:33:00+00:00,3979.485,3995.4950000000003,3971.455,3995.5450000000005,2.0174662802493515,tp,8.0300000000002,16.0600000000004
2026-06-24 15:20:00+00:00,2026-06-24 16:08:00+00:00,4010.855,3996.9649999999997,3997.015,4038.5350000000003,-1.7369785737738634,sl,13.840000000000146,27.68000000000029
2026-06-24 16:22:00+00:00,2026-06-24 17:22:00+00:00,4008.545,3995.165,3995.215,4035.205,-1.6738761465467353,sl,13.329999999999927,26.659999999999854
2026-06-24 18:10:00+00:00,2026-06-25 15:22:00+00:00,3983.9950000000003,4034.5450000000005,3958.695,4034.5950000000007,6.361856352223918,tp,25.300000000000182,50.600000000000364
2026-06-25 15:47:00+00:00,2026-06-25 22:19:00+00:00,4031.735,4021.578,4021.628,4051.949,-1.2639514486708843,sl,10.106999999999971,20.213999999999942
2026-06-25 22:36:00+00:00,2026-06-25 23:48:00+00:00,4032.635,4019.4649999999997,4019.515,4058.875000000001,-1.638321270121004,sl,13.120000000000346,26.24000000000069
2026-06-26 00:15:00+00:00,2026-06-26 02:19:00+00:00,4019.5950000000003,4011.225,4011.275,4036.2350000000006,-1.0444182393511605,sl,8.320000000000164,16.640000000000327
2026-06-26 03:07:00+00:00,2026-06-26 05:15:00+00:00,3994.105,4016.9949999999994,3982.635,4017.0449999999996,2.8741695430248626,tp,11.4699999999998,22.9399999999996
2026-06-26 06:22:00+00:00,2026-06-26 09:10:00+00:00,4017.7650000000003,4040.0150000000012,4006.615,4040.0650000000014,2.7781518515745063,tp,11.150000000000546,22.30000000000109
2026-06-26 09:20:00+00:00,2026-06-26 14:11:00+00:00,4046.375,4080.505,4029.285,4080.5550000000003,4.232538264147209,tp,17.090000000000146,34.18000000000029
2026-06-26 15:17:00+00:00,2026-06-26 15:41:00+00:00,4082.005,4095.1949999999997,4075.385,4095.245,1.622127980137062,tp,6.619999999999891,13.239999999999782
2026-06-26 17:06:00+00:00,2026-06-26 17:13:00+00:00,4085.875,4082.435,4082.485,4092.6549999999997,-0.4227244609394289,sl,3.3899999999998727,6.779999999999745
2026-06-26 18:09:00+00:00,2026-06-26 18:20:00+00:00,4077.748,4072.185,4072.235,4088.774,-0.6849429603350249,sl,5.51299999999992,11.02599999999984
2026-06-26 19:35:00+00:00,2026-06-26 20:12:00+00:00,4070.025,4064.2349999999997,4064.285,4081.5050000000006,-0.7141962932044309,sl,5.7400000000002365,11.480000000000473
2026-06-26 20:23:00+00:00,2026-06-26 20:54:00+00:00,4069.315,4079.439,4064.228,4079.489,1.2489240818285203,tp,5.086999999999989,10.173999999999978
2026-06-28 22:41:00+00:00,2026-06-28 23:31:00+00:00,4063.6850000000004,4055.145,4055.195,4080.665000000001,-1.0551083690231546,sl,8.490000000000236,16.980000000000473
2026-06-29 00:41:00+00:00,2026-06-29 05:01:00+00:00,4064.135,4048.0049999999997,4048.055,4096.295000000001,-1.9924151619501451,sl,16.080000000000382,32.160000000000764
2026-06-29 05:55:00+00:00,2026-06-29 09:48:00+00:00,4053.125,4038.9649999999997,4039.015,4081.3450000000003,-1.7534793691648252,sl,14.110000000000127,28.220000000000255
2026-06-29 11:56:00+00:00,2026-06-29 12:10:00+00:00,4039.8050000000003,4050.0950000000003,4034.635,4050.1450000000004,1.2782226474883727,tp,5.170000000000073,10.340000000000146
2026-06-29 13:01:00+00:00,2026-06-29 13:25:00+00:00,4049.085,4042.2949999999996,4042.345,4062.5650000000005,-0.8416271238620153,sl,6.7400000000002365,13.480000000000473
2026-06-29 14:56:00+00:00,2026-06-29 15:23:00+00:00,4028.708,4017.595,4017.645,4050.8340000000003,-1.38431827059932,sl,11.063000000000102,22.126000000000204
2026-06-29 15:49:00+00:00,2026-06-29 18:47:00+00:00,4026.945,4017.205,4017.255,4046.3250000000003,-1.2136509023373656,sl,9.690000000000055,19.38000000000011
2026-06-29 19:24:00+00:00,2026-06-30 00:06:00+00:00,4012.4950000000003,4005.105,4005.155,4027.1750000000006,-0.9240339622724004,sl,7.3400000000001455,14.680000000000291
2026-06-30 01:29:00+00:00,2026-06-30 08:00:00+00:00,3978.465,4035.795,3949.775,4035.8450000000003,7.229102868590348,tp,28.690000000000055,57.38000000000011
2026-06-30 08:30:00+00:00,2026-06-30 08:37:00+00:00,4025.668,4020.098,4020.148,4036.708,-0.6946212139985355,sl,5.519999999999982,11.039999999999964
2026-06-30 09:06:00+00:00,2026-06-30 09:31:00+00:00,4019.4280000000003,4013.8979999999997,4013.948,4030.3880000000013,-0.6906557545436667,sl,5.480000000000473,10.960000000000946
2026-06-30 09:53:00+00:00,2026-06-30 11:46:00+00:00,4020.358,4036.8540000000003,4012.085,4036.9040000000005,2.0596090953321493,tp,8.273000000000138,16.546000000000276
2026-06-30 13:08:00+00:00,2026-06-30 14:09:00+00:00,4020.275,4044.0049999999997,4008.385,4044.055,2.963479629365382,tp,11.889999999999873,23.779999999999745
2026-06-30 15:46:00+00:00,2026-06-30 16:04:00+00:00,4033.915,4026.935,4026.985,4047.7749999999996,-0.8689940506582289,sl,6.929999999999836,13.859999999999673
2026-06-30 16:43:00+00:00,2026-06-30 16:56:00+00:00,4031.0950000000003,4028.085,4028.135,4037.0150000000003,-0.3749678309083601,sl,2.9600000000000364,5.920000000000073
2026-06-30 17:34:00+00:00,2026-06-30 19:25:00+00:00,4028.0350000000003,4021.375,4021.425,4041.2550000000006,-0.8302623171250864,sl,6.610000000000127,13.220000000000255
2026-06-30 20:13:00+00:00,2026-06-30 20:25:00+00:00,4020.1850000000004,4013.475,4013.525,4033.505000000001,-0.8380596091095169,sl,6.660000000000309,13.320000000000618
2026-06-30 22:01:00+00:00,2026-06-30 22:05:00+00:00,4011.835,4015.8050000000003,4009.825,4015.8550000000005,0.4968320769885125,tp,2.0100000000002183,4.020000000000437
2026-06-30 22:34:00+00:00,2026-06-30 22:50:00+00:00,4015.2650000000003,4011.725,4011.775,4022.245000000001,-0.442662487525319,sl,3.4900000000002365,6.980000000000473
2026-07-01 00:11:00+00:00,2026-07-01 00:19:00+00:00,4007.965,4004.865,4004.915,4014.0650000000005,-0.3883312135297084,sl,3.050000000000182,6.100000000000364
2026-07-01 02:20:00+00:00,2026-07-01 05:12:00+00:00,3980.3650000000002,3969.8849999999998,3969.935,4001.225000000001,-1.3218619896379376,sl,10.430000000000291,20.860000000000582
2026-07-01 05:33:00+00:00,2026-07-01 06:06:00+00:00,3977.735,3969.5449999999996,3969.595,3994.015000000001,-1.0335669384582002,sl,8.140000000000327,16.280000000000655
2026-07-01 06:43:00+00:00,2026-07-01 07:07:00+00:00,3970.275,3963.0049999999997,3963.055,3984.7150000000006,-0.9190934337106563,sl,7.220000000000255,14.44000000000051
2026-07-01 07:51:00+00:00,2026-07-01 10:57:00+00:00,3972.665,3996.8149999999996,3960.565,3996.865,3.050993403900898,tp,12.099999999999909,24.199999999999818
2026-07-01 11:19:00+00:00,2026-07-01 13:44:00+00:00,4021.665,4092.3549999999996,3986.295,4092.4049999999997,8.824500917433753,tp,35.36999999999989,70.73999999999978
2026-07-01 14:24:00+00:00,2026-07-01 14:46:00+00:00,4103.595,4089.125,4089.175,4132.435,-1.771836402874721,sl,14.420000000000073,28.840000000000146
2026-07-01 15:51:00+00:00,2026-07-01 16:34:00+00:00,4085.0950000000003,4076.5049999999997,4076.555,4102.175000000001,-1.0564136582473134,sl,8.540000000000418,17.080000000000837
2026-07-01 17:42:00+00:00,2026-07-01 17:56:00+00:00,4072.3050000000003,4067.415,4067.465,4081.9850000000006,-0.6032063468966197,sl,4.8400000000001455,9.680000000000291
2026-07-01 19:01:00+00:00,2026-07-01 19:24:00+00:00,4065.2050000000004,4057.585,4057.635,4080.3450000000007,-0.9415508623953746,sl,7.570000000000164,15.140000000000327
2026-07-01 22:03:00+00:00,2026-07-02 01:00:00+00:00,4038.195,4054.525,4030.005,4054.5750000000003,2.0310913579330023,tp,8.190000000000055,16.38000000000011
2026-07-02 02:43:00+00:00,2026-07-02 03:52:00+00:00,4055.2450000000003,4070.815000000001,4047.435,4070.865000000001,1.9288119068155236,tp,7.8100000000004,15.6200000000008
2026-07-02 04:53:00+00:00,2026-07-02 04:58:00+00:00,4064.8250000000003,4061.1949999999997,4061.245,4071.985000000001,-0.44871077699918843,sl,3.580000000000382,7.160000000000764
2026-07-02 05:25:00+00:00,2026-07-02 05:33:00+00:00,4061.275,4054.035,4054.085,4075.655,-0.8956916065786253,sl,7.190000000000055,14.38000000000011
2026-07-02 05:38:00+00:00,2026-07-02 12:30:00+00:00,4063.885,4083.4350000000004,4054.085,4083.4850000000006,2.416845985256968,tp,9.800000000000182,19.600000000000364
2026-07-02 13:33:00+00:00,2026-07-02 16:30:00+00:00,4123.0650000000005,4109.165,4109.215,4150.765000000001,-1.694114237024975,sl,13.850000000000364,27.700000000000728
2026-07-02 18:04:00+00:00,2026-07-02 18:08:00+00:00,4110.835,4121.004999999999,4105.725,4121.054999999999,1.2429846582583304,tp,5.109999999999673,10.219999999999345
2026-07-02 18:31:00+00:00,2026-07-02 19:10:00+00:00,4124.465,4115.405,4115.455,4142.485000000001,-1.103796858859172,sl,9.010000000000218,18.020000000000437
2026-07-02 19:50:00+00:00,2026-07-02 22:00:00+00:00,4115.615,4125.504999999998,4110.645,4125.5549999999985,1.2073756883180329,tp,4.969999999999345,9.93999999999869
2026-07-02 22:10:00+00:00,2026-07-03 00:51:00+00:00,4127.835,4147.025,4118.215,4147.075,2.33606918329325,tp,9.61999999999989,19.23999999999978
2026-07-03 02:37:00+00:00,2026-07-03 03:49:00+00:00,4181.405,4176.195,4176.245,4191.724999999999,-0.6262525139453176,sl,5.1599999999998545,10.319999999999709
2026-07-03 04:58:00+00:00,2026-07-03 05:22:00+00:00,4178.3550000000005,4174.255,4174.305,4186.455000000001,-0.4931572896480753,sl,4.050000000000182,8.100000000000364
2026-07-03 05:31:00+00:00,2026-07-03 05:47:00+00:00,4179.785,4172.705,4172.755,4193.844999999999,-0.851265323197698,sl,7.029999999999745,14.05999999999949
2026-07-03 06:34:00+00:00,2026-07-03 07:05:00+00:00,4167.195000000001,4176.0250000000015,4162.755,4176.075000000002,1.0647943174097398,tp,4.440000000000509,8.880000000001019
2026-07-03 08:03:00+00:00,2026-07-03 09:33:00+00:00,4184.485000000001,4168.925,4168.975,4215.505000000001,-1.868798304117819,sl,15.510000000000218,31.020000000000437
2026-07-03 10:02:00+00:00,2026-07-03 11:15:00+00:00,4175.635,4184.145000000001,4171.355,4184.1950000000015,1.0240499278547006,tp,4.280000000000655,8.56000000000131
2026-07-03 11:24:00+00:00,2026-07-03 12:17:00+00:00,4185.335,4175.365,4175.415,4205.175,-1.197080306320642,sl,9.920000000000073,19.840000000000146
2026-07-03 13:28:00+00:00,2026-07-03 13:47:00+00:00,4171.845,4164.224999999999,4164.275,4186.9850000000015,-0.9177690961789481,sl,7.5700000000006185,15.140000000001237
2026-07-03 14:28:00+00:00,2026-07-03 16:53:00+00:00,4165.795,4175.285000000001,4161.025,4175.335000000001,1.1445513352658663,tp,4.770000000000437,9.540000000000873
2026-07-05 22:07:00+00:00,2026-07-06 03:02:00+00:00,4183.975,4167.365,4167.415,4217.095000000001,-1.9947890467703777,sl,16.5600000000004,33.1200000000008
2026-07-06 03:37:00+00:00,2026-07-06 03:42:00+00:00,4168.895,4162.335,4162.385,4181.915000000001,-0.7905204182542791,sl,6.510000000000218,13.020000000000437
2026-07-06 03:56:00+00:00,2026-07-06 04:09:00+00:00,4165.665,4161.304999999999,4161.355,4174.285000000001,-0.5257728867161717,sl,4.3100000000004,8.6200000000008
2026-07-06 05:29:00+00:00,2026-07-06 05:30:00+00:00,4153.8550000000005,4150.255,4150.305,4160.955000000001,-0.4353358957931918,sl,3.550000000000182,7.100000000000364
2026-07-06 05:33:00+00:00,2026-07-06 05:58:00+00:00,4155.025000000001,4150.255,4150.305,4164.465000000001,-0.5766326485930575,sl,4.720000000000255,9.44000000000051
2026-07-06 06:25:00+00:00,2026-07-06 07:11:00+00:00,4152.365,4147.6449999999995,4147.695,4161.705,-0.5709210264074961,sl,4.670000000000073,9.340000000000146
2026-07-06 07:22:00+00:00,2026-07-06 08:48:00+00:00,4153.545,4146.9349999999995,4146.985,4166.665000000001,-0.7992587815438316,sl,6.5600000000004,13.1200000000008
2026-07-06 09:52:00+00:00,2026-07-06 10:33:00+00:00,4143.075,4151.404999999999,4138.885,4151.454999999999,1.0097003921514314,tp,4.1899999999996,8.3799999999992
2026-07-06 11:01:00+00:00,2026-07-06 12:22:00+00:00,4155.675,4148.315,4148.365,4170.295000000001,-0.8895087293850154,sl,7.3100000000004,14.6200000000008
2026-07-06 12:56:00+00:00,2026-07-06 14:44:00+00:00,4140.935,4131.235,4131.285,4160.2350000000015,-1.1763832619118515,sl,9.650000000000546,19.30000000000109
2026-07-06 15:05:00+00:00,2026-07-07 01:27:00+00:00,4143.925,4128.215,4128.265,4175.245,-1.903658074212454,sl,15.659999999999854,31.31999999999971
2026-07-07 01:46:00+00:00,2026-07-07 03:47:00+00:00,4144.195000000001,4125.4349999999995,4125.485,4181.6150000000025,-2.2726626158240073,sl,18.710000000000946,37.42000000000189
2026-07-07 04:09:00+00:00,2026-07-07 05:01:00+00:00,4137.305,4124.1849999999995,4124.235,4163.4450000000015,-1.591696655752343,sl,13.070000000000618,26.140000000001237
2026-07-07 06:03:00+00:00,2026-07-07 11:45:00+00:00,4128.055,4151.085,4116.515,4151.135,2.799778046046334,tp,11.539999999999964,23.079999999999927
2026-07-07 11:58:00+00:00,2026-07-07 15:54:00+00:00,4153.075,4139.295,4139.345,4180.534999999999,-1.6656191739768644,sl,13.729999999999563,27.459999999999127
2026-07-07 16:20:00+00:00,2026-07-07 18:49:00+00:00,4143.925,4135.495,4135.545,4160.685,-1.0210332854090578,sl,8.38000000000011,16.76000000000022
2026-07-07 19:55:00+00:00,2026-07-07 20:18:00+00:00,4115.345,4107.804999999999,4107.855,4130.325000000002,-0.9194860238576983,sl,7.490000000000691,14.980000000001382
2026-07-07 23:05:00+00:00,2026-07-08 00:37:00+00:00,4100.715,4111.445000000001,4095.325,4111.495000000001,1.3130473390333859,tp,5.390000000000327,10.780000000000655
2026-07-08 01:46:00+00:00,2026-07-08 08:17:00+00:00,4110.085,4096.014999999999,4096.065,4138.125000000001,-1.7180680361540825,sl,14.020000000000437,28.040000000000873
2026-07-08 10:20:00+00:00,2026-07-08 11:46:00+00:00,4050.545,4070.7749999999996,4040.405,4070.825,2.506138933757878,tp,10.139999999999873,20.279999999999745
2026-07-08 12:04:00+00:00,2026-07-08 12:43:00+00:00,4064.945,4077.3350000000005,4058.725,4077.3850000000007,1.5298462732331908,tp,6.220000000000255,12.44000000000051
2026-07-08 13:33:00+00:00,2026-07-08 13:49:00+00:00,4078.625,4069.365,4069.415,4097.045,-1.1397105062799218,sl,9.210000000000036,18.420000000000073
2026-07-08 15:41:00+00:00,2026-07-08 16:44:00+00:00,4032.625,4054.7749999999996,4021.525,4054.825,2.7569820027245773,tp,11.099999999999909,22.199999999999818
2026-07-08 17:07:00+00:00,2026-07-09 12:09:00+00:00,4065.965,4119.575,4039.135,4119.625,6.619870079482087,tp,26.829999999999927,53.659999999999854
2026-07-09 12:32:00+00:00,2026-07-09 12:38:00+00:00,4110.615,4120.424999999998,4105.685,4120.4749999999985,1.1989904256917012,tp,4.9299999999993815,9.859999999998763
2026-07-09 13:09:00+00:00,2026-07-09 16:32:00+00:00,4116.415,4136.244999999999,4106.475,4136.294999999999,2.4205212056918226,tp,9.9399999999996,19.8799999999992
2026-07-09 17:29:00+00:00,2026-07-09 17:47:00+00:00,4128.405,4135.734999999999,4124.715,4135.784999999999,0.8923425509651951,tp,3.6899999999996,7.3799999999992
2026-07-09 18:45:00+00:00,2026-07-09 19:25:00+00:00,4125.195000000001,4121.165,4121.215,4133.155000000002,-0.4910311453988565,sl,3.980000000000473,7.960000000000946
2026-07-09 19:52:00+00:00,2026-07-10 00:24:00+00:00,4122.785,4118.675,4118.725,4130.904999999999,-0.5010469198396512,sl,4.059999999999491,8.119999999998981
2026-07-10 00:46:00+00:00,2026-07-10 01:39:00+00:00,4124.675,4113.985,4114.035,4145.955000000001,-1.3025475458328524,sl,10.640000000000327,21.280000000000655
2026-07-10 02:09:00+00:00,2026-07-10 05:47:00+00:00,4124.245,4108.485,4108.535,4155.665,-1.9202646567515322,sl,15.710000000000036,31.420000000000073
2026-07-10 05:58:00+00:00,2026-07-10 07:43:00+00:00,4115.395,4107.905,4107.955,4130.2750000000015,-0.9144008847740357,sl,7.440000000000509,14.880000000001019
2026-07-10 09:15:00+00:00,2026-07-10 12:13:00+00:00,4100.6050000000005,4113.335000000001,4094.215,4113.385000000001,1.5595786805747829,tp,6.390000000000327,12.780000000000655
2026-07-10 13:10:00+00:00,2026-07-10 13:23:00+00:00,4105.475,4098.425,4098.475,4119.475,-0.8628194658053829,sl,7.0,14.0
2026-07-10 13:52:00+00:00,2026-07-10 14:32:00+00:00,4102.625,4087.535,4087.585,4132.705,-1.8479250662066746,sl,15.039999999999964,30.079999999999927
2026-07-10 15:24:00+00:00,2026-07-12 22:00:00+00:00,4105.955,4096.804999999999,4096.855,4124.155000000001,-1.119396566873933,sl,9.100000000000364,18.200000000000728
2026-07-12 23:26:00+00:00,2026-07-12 23:41:00+00:00,4071.885,4078.3550000000005,4068.625,4078.4050000000007,0.7980634940569363,tp,3.2600000000002183,6.520000000000437
2026-07-12 23:51:00+00:00,2026-07-13 00:27:00+00:00,4080.815,4075.3849999999998,4075.435,4091.5750000000003,-0.6683686844499873,sl,5.380000000000109,10.760000000000218
2026-07-13 00:59:00+00:00,2026-07-13 01:00:00+00:00,4076.485,4068.2949999999996,4068.345,4092.765000000001,-1.0090956380767235,sl,8.140000000000327,16.280000000000655
2026-07-13 01:08:00+00:00,2026-07-13 02:30:00+00:00,4079.125,4064.8849999999998,4064.935,4107.505,-1.7532087205551887,sl,14.190000000000055,28.38000000000011
2026-07-13 02:36:00+00:00,2026-07-13 03:04:00+00:00,4076.125,4064.075,4064.125,4100.125,-1.4844117673687822,sl,12.0,24.0
2026-07-13 03:51:00+00:00,2026-07-13 04:01:00+00:00,4060.3250000000003,4056.9849999999997,4057.035,4066.905000000001,-0.4129869288660096,sl,3.2900000000004184,6.580000000000837
2026-07-13 04:56:00+00:00,2026-07-13 05:06:00+00:00,4055.835,4062.705,4052.375,4062.755,0.8503725491633529,tp,3.4600000000000364,6.920000000000073
2026-07-13 06:21:00+00:00,2026-07-13 08:15:00+00:00,4054.0150000000003,4074.8250000000007,4043.585,4074.875000000001,2.5772484250794174,tp,10.430000000000291,20.860000000000582
2026-07-13 08:22:00+00:00,2026-07-13 10:41:00+00:00,4078.125,4055.825,4055.875,4122.625,-2.74615682562817,sl,22.25,44.5
2026-07-13 12:19:00+00:00,2026-07-13 13:40:00+00:00,4060.2450000000003,4053.3149999999996,4053.365,4074.0050000000015,-0.8569258482012018,sl,6.880000000000564,13.760000000001128
2026-07-13 15:20:00+00:00,2026-07-13 15:51:00+00:00,4018.855,4010.4849999999997,4010.535,4035.4950000000003,-1.0455584236953845,sl,8.320000000000164,16.640000000000327
2026-07-13 16:00:00+00:00,2026-07-13 16:24:00+00:00,4015.885,4010.035,4010.085,4027.4850000000006,-0.7312309341605256,sl,5.800000000000182,11.600000000000364
2026-07-13 17:10:00+00:00,2026-07-14 00:07:00+00:00,3998.0150000000003,3985.115,3985.165,4023.715000000001,-1.6195472203628036,sl,12.850000000000364,25.700000000000728
2026-07-14 00:33:00+00:00,2026-07-14 05:32:00+00:00,3999.2050000000004,4027.4550000000013,3985.055,4027.5050000000015,3.5450555020948022,tp,14.150000000000546,28.30000000000109
2026-07-14 07:06:00+00:00,2026-07-14 07:58:00+00:00,4027.585,4020.415,4020.465,4041.825,-0.8937294276793735,sl,7.119999999999891,14.239999999999782
2026-07-14 08:26:00+00:00,2026-07-14 09:00:00+00:00,4020.895,4013.995,4014.045,4034.595,-0.8614286602009718,sl,6.849999999999909,13.699999999999818
2026-07-14 09:12:00+00:00,2026-07-14 09:34:00+00:00,4023.565,4013.645,4013.695,4043.305,-1.2375317331239108,sl,9.86999999999989,19.73999999999978
2026-07-14 09:50:00+00:00,2026-07-14 12:30:00+00:00,4022.9350000000004,4041.925000000001,4013.415,4041.9750000000013,2.369103870776118,tp,9.520000000000437,19.040000000000873
2026-07-14 13:23:00+00:00,2026-07-14 14:16:00+00:00,4081.125,4071.6549999999997,4071.705,4099.965,-1.1648626654341103,sl,9.420000000000073,18.840000000000146
2026-07-14 14:56:00+00:00,2026-07-14 15:08:00+00:00,4083.885,4098.555,4076.525,4098.6050000000005,1.8030628408014981,tp,7.360000000000127,14.720000000000255
2026-07-14 17:02:00+00:00,2026-07-14 17:07:00+00:00,4063.5150000000003,4056.915,4056.965,4076.6150000000007,-0.8154067788154642,sl,6.550000000000182,13.100000000000364
2026-07-14 17:52:00+00:00,2026-07-14 18:24:00+00:00,4062.9550000000004,4057.035,4057.085,4074.695000000001,-0.7314365748828965,sl,5.870000000000346,11.740000000000691
2026-07-14 19:13:00+00:00,2026-07-14 19:26:00+00:00,4056.0950000000003,4051.875,4051.925,4064.4350000000004,-0.5222394439210034,sl,4.170000000000073,8.340000000000146
2026-07-14 19:54:00+00:00,2026-07-14 20:36:00+00:00,4055.4550000000004,4050.0049999999997,4050.055,4066.2550000000015,-0.6745275001743724,sl,5.400000000000546,10.800000000001091
2026-07-14 20:53:00+00:00,2026-07-14 22:10:00+00:00,4051.7850000000003,4049.7749999999996,4049.825,4055.7050000000013,-0.24897929175682662,sl,1.9600000000004911,3.9200000000009823
2026-07-14 22:33:00+00:00,2026-07-14 22:43:00+00:00,4051.9350000000004,4048.825,4048.875,4058.055000000001,-0.38521279938457326,sl,3.0600000000004,6.1200000000008
2026-07-14 23:24:00+00:00,2026-07-15 00:27:00+00:00,4050.0150000000003,4057.045000000001,4046.475,4057.095000000001,0.871133702283392,tp,3.5400000000004184,7.080000000000837
2026-07-15 00:33:00+00:00,2026-07-15 01:33:00+00:00,4056.2050000000004,4048.5449999999996,4048.595,4071.4250000000015,-0.9478348808622299,sl,7.610000000000582,15.220000000001164
2026-07-15 04:18:00+00:00,2026-07-15 04:41:00+00:00,4033.315,4029.7349999999997,4029.785,4040.3750000000005,-0.44545484720255646,sl,3.5300000000002,7.0600000000004
2026-07-15 05:01:00+00:00,2026-07-15 05:11:00+00:00,4035.2250000000004,4027.7749999999996,4027.825,4050.0250000000015,-0.9265141290621196,sl,7.400000000000546,14.800000000001091
2026-07-15 05:39:00+00:00,2026-07-15 06:22:00+00:00,4029.565,4021.615,4021.665,4045.3650000000002,-0.9899936292840132,sl,7.900000000000091,15.800000000000182
2026-07-15 06:37:00+00:00,2026-07-15 07:26:00+00:00,4028.835,4022.2349999999997,4022.285,4041.9350000000004,-0.8219493334875245,sl,6.550000000000182,13.100000000000364
2026-07-15 08:29:00+00:00,2026-07-15 12:04:00+00:00,4025.385,4041.795,4017.155,4041.8450000000003,2.045248939865852,tp,8.230000000000018,16.460000000000036
2026-07-15 12:31:00+00:00,2026-07-15 16:17:00+00:00,4048.355,4035.4649999999997,4035.515,4074.0350000000003,-1.5977464509831847,sl,12.840000000000146,25.68000000000029
2026-07-15 17:03:00+00:00,2026-07-15 17:35:00+00:00,4038.165,4056.0549999999994,4029.195,4056.1049999999996,2.222750250276526,tp,8.9699999999998,17.9399999999996
2026-07-15 18:04:00+00:00,2026-07-15 18:57:00+00:00,4068.255,4060.085,4060.135,4084.495,-1.0078002640014811,sl,8.11999999999989,16.23999999999978
2026-07-15 20:17:00+00:00,2026-07-15 23:31:00+00:00,4059.715,4055.895,4055.945,4067.255,-0.4721552078815677,sl,3.769999999999982,7.539999999999964
2026-07-16 00:23:00+00:00,2026-07-16 00:44:00+00:00,4058.815,4054.535,4054.585,4067.275,-0.5291040027237817,sl,4.230000000000018,8.460000000000036
2026-07-16 01:40:00+00:00,2026-07-16 02:05:00+00:00,4044.0350000000003,4033.3849999999998,4033.435,4065.235000000001,-1.3213210025100377,sl,10.600000000000364,21.200000000000728
2026-07-16 02:57:00+00:00,2026-07-16 06:35:00+00:00,4031.5150000000003,4023.535,4023.585,4047.375000000001,-0.9930041367346051,sl,7.930000000000291,15.860000000000582
2026-07-16 07:41:00+00:00,2026-07-16 09:02:00+00:00,4027.425,4036.5350000000008,4022.845,4036.585000000001,1.1346564269079724,tp,4.580000000000382,9.160000000000764
2026-07-16 09:06:00+00:00,2026-07-16 09:24:00+00:00,4035.925,4032.8849999999998,4032.935,4041.9050000000007,-0.3778792757142017,sl,2.9900000000002365,5.980000000000473
2026-07-16 09:44:00+00:00,2026-07-16 10:01:00+00:00,4034.5950000000003,4030.1349999999998,4030.185,4043.415000000001,-0.5545505417514942,sl,4.410000000000309,8.820000000000618
2026-07-16 10:19:00+00:00,2026-07-16 10:58:00+00:00,4032.5950000000003,4029.375,4029.425,4038.9350000000004,-0.40054699746888817,sl,3.1700000000000728,6.3400000000001455
2026-07-16 11:36:00+00:00,2026-07-16 12:16:00+00:00,4030.2850000000003,4020.9449999999997,4020.995,4048.865000000001,-1.1624545850804733,sl,9.290000000000418,18.580000000000837
2026-07-16 13:25:00+00:00,2026-07-16 19:35:00+00:00,3998.855,3973.2749999999996,3973.325,4049.9150000000004,-3.2083329708844026,sl,25.5300000000002,51.0600000000004
2026-07-16 19:52:00+00:00,2026-07-17 01:17:00+00:00,3977.7250000000004,3995.0350000000008,3969.045,3995.085000000001,2.181915544625077,tp,8.680000000000291,17.360000000000582
2026-07-17 02:58:00+00:00,2026-07-17 03:18:00+00:00,3979.2450000000003,3996.855000000001,3970.415,3996.905000000001,2.2193652743050163,tp,8.830000000000382,17.660000000000764
2026-07-17 05:31:00+00:00,2026-07-17 06:20:00+00:00,3984.3450000000003,4002.7750000000005,3975.105,4002.8250000000007,2.320249007657864,tp,9.240000000000236,18.480000000000473
2026-07-17 06:34:00+00:00,2026-07-17 06:37:00+00:00,4006.8250000000003,4000.575,4000.625,4019.225000000001,-0.7826115831443627,sl,6.200000000000273,12.400000000000546
2026-07-17 06:58:00+00:00,2026-07-17 07:08:00+00:00,4001.1850000000004,3995.4249999999997,3995.475,4012.6050000000014,-0.7222151718095045,sl,5.710000000000491,11.420000000000982
2026-07-17 07:45:00+00:00,2026-07-17 07:56:00+00:00,3998.395,3993.705,3993.755,4007.6749999999997,-0.5884216481019963,sl,4.639999999999873,9.279999999999745
2026-07-17 08:05:00+00:00,2026-07-17 08:11:00+00:00,3999.0350000000003,3993.705,3993.755,4009.5950000000007,-0.6685717586559515,sl,5.2800000000002,10.5600000000004
2026-07-17 08:48:00+00:00,2026-07-17 12:20:00+00:00,3995.485,3987.5449999999996,3987.595,4011.265000000001,-0.9967771613162312,sl,7.890000000000327,15.780000000000655
2026-07-17 13:05:00+00:00,2026-07-17 13:30:00+00:00,3974.0750000000003,3963.835,3963.885,3994.4550000000004,-1.292313329465825,sl,10.190000000000055,20.38000000000011
2026-07-17 13:37:00+00:00,2026-07-17 15:04:00+00:00,3977.315,4004.6249999999995,3963.635,4004.6749999999997,3.443338213323248,tp,13.679999999999836,27.359999999999673
2026-07-17 15:30:00+00:00,2026-07-17 19:24:00+00:00,4013.2450000000003,4002.6949999999997,4002.745,4034.2450000000013,-1.3187237684053135,sl,10.500000000000455,21.00000000000091
2026-07-17 19:32:00+00:00,2026-07-17 20:51:00+00:00,4006.985,4016.735,4002.085,4016.7850000000003,1.2204692992224861,tp,4.900000000000091,9.800000000000182
2026-07-19 23:35:00+00:00,2026-07-19 23:41:00+00:00,3993.895,3990.325,3990.375,4000.935,-0.44839872339288944,sl,3.519999999999982,7.039999999999964
2026-07-19 23:52:00+00:00,2026-07-20 00:00:00+00:00,3994.465,3989.1549999999997,3989.205,4004.9850000000006,-0.6668210251359507,sl,5.260000000000218,10.520000000000437
2026-07-20 00:14:00+00:00,2026-07-20 02:48:00+00:00,3997.275,4027.905,3981.935,4027.9550000000004,3.8435053166639883,tp,15.340000000000146,30.68000000000029
2026-07-20 03:40:00+00:00,2026-07-20 04:58:00+00:00,4024.875,4018.3149999999996,4018.365,4037.8950000000004,-0.8178286507883472,sl,6.510000000000218,13.020000000000437
2026-07-20 07:23:00+00:00,2026-07-20 07:36:00+00:00,4006.8250000000003,4016.7950000000005,4001.815,4016.8450000000007,1.2484474560080039,tp,5.010000000000218,10.020000000000437
2026-07-20 08:01:00+00:00,2026-07-20 09:06:00+00:00,4022.4350000000004,4015.535,4015.585,4036.135000000001,-0.8607748502207319,sl,6.850000000000364,13.700000000000728
2026-07-20 09:16:00+00:00,2026-07-20 09:31:00+00:00,4020.8250000000003,4014.895,4014.945,4032.5850000000005,-0.740000111006583,sl,5.880000000000109,11.760000000000218
2026-07-20 09:50:00+00:00,2026-07-20 11:34:00+00:00,4022.7250000000004,4038.875000000001,4014.625,4038.925000000001,2.0142455770676926,tp,8.100000000000364,16.200000000000728
2026-07-20 13:32:00+00:00,2026-07-20 13:58:00+00:00,4013.1850000000004,4006.705,4006.755,4026.045000000001,-0.8102764771558445,sl,6.430000000000291,12.860000000000582
2026-07-20 14:26:00+00:00,2026-07-20 15:09:00+00:00,4004.315,4016.8250000000003,3998.035,4016.8750000000005,1.5676222453536233,tp,6.2800000000002,12.5600000000004
2026-07-20 15:14:00+00:00,2026-07-20 16:41:00+00:00,4015.145,4004.205,4004.255,4036.9249999999997,-1.3674021695616039,sl,10.889999999999873,21.779999999999745
2026-07-20 17:27:00+00:00,2026-07-20 17:43:00+00:00,4012.525,4008.685,4008.735,4020.105,-0.480213626740605,sl,3.7899999999999636,7.579999999999927
2026-07-20 18:10:00+00:00,2026-07-20 18:23:00+00:00,4009.505,4003.365,4003.415,4021.6850000000004,-0.7683831573318429,sl,6.0900000000001455,12.180000000000291
2026-07-20 18:47:00+00:00,2026-07-20 19:13:00+00:00,4007.965,4004.185,4004.235,4015.425,-0.47318922866503976,sl,3.730000000000018,7.460000000000036
2026-07-20 19:20:00+00:00,2026-07-20 19:30:00+00:00,4008.065,4015.2549999999997,4004.445,4015.305,0.8999960945934398,tp,3.619999999999891,7.239999999999782
2026-07-20 20:22:00+00:00,2026-07-20 22:09:00+00:00,4008.635,4005.4649999999997,4005.515,4014.875000000001,-0.39677855421440944,sl,3.1200000000003456,6.240000000000691
2026-07-20 23:08:00+00:00,2026-07-21 01:05:00+00:00,4008.5750000000003,4027.105000000001,3999.285,4027.155000000001,2.319282632914395,tp,9.290000000000418,18.580000000000837
2026-07-21 01:07:00+00:00,2026-07-21 03:26:00+00:00,4027.415,4046.3049999999994,4017.945,4046.3549999999996,2.35382521898556,tp,9.4699999999998,18.9399999999996
2026-07-21 04:43:00+00:00,2026-07-21 05:26:00+00:00,4047.175,4054.745000000001,4043.365,4054.795000000001,0.9388892585492472,tp,3.8100000000004,7.6200000000008
2026-07-21 06:10:00+00:00,2026-07-21 06:48:00+00:00,4067.585,4080.9750000000004,4060.865,4081.0250000000005,1.652551599344959,tp,6.720000000000255,13.44000000000051
2026-07-21 07:36:00+00:00,2026-07-21 08:01:00+00:00,4074.445,4067.935,4067.985,4087.3650000000002,-0.8022229721488808,sl,6.460000000000036,12.920000000000073
2026-07-21 09:02:00+00:00,2026-07-21 11:04:00+00:00,4063.7250000000004,4058.915,4058.965,4073.245000000001,-0.5942492394085586,sl,4.760000000000218,9.520000000000437
2026-07-21 11:37:00+00:00,2026-07-21 11:42:00+00:00,4060.0750000000003,4055.955,4056.005,4068.2150000000006,-0.5094309487365164,sl,4.070000000000164,8.140000000000327
2026-07-21 12:04:00+00:00,2026-07-21 12:37:00+00:00,4058.335,4054.5649999999996,4054.615,4065.7750000000005,-0.46633024816615065,sl,3.7200000000002547,7.440000000000509
2026-07-21 13:16:00+00:00,2026-07-21 13:24:00+00:00,4060.2650000000003,4052.5249999999996,4052.575,4075.6450000000013,-0.9568999649718466,sl,7.690000000000509,15.380000000001019
2026-07-21 14:06:00+00:00,2026-07-21 18:25:00+00:00,4057.385,4083.7750000000005,4044.165,4083.8250000000007,3.2646131982969377,tp,13.220000000000255,26.44000000000051
2026-07-21 19:03:00+00:00,2026-07-21 20:45:00+00:00,4084.715,4079.0449999999996,4079.095,4095.955000000001,-0.6969491191957765,sl,5.620000000000346,11.240000000000691
2026-07-21 22:21:00+00:00,2026-07-22 00:00:00+00:00,4080.855,4076.375,4076.425,4089.7149999999997,-0.5511584647975527,sl,4.429999999999836,8.859999999999673
2026-07-22 00:07:00+00:00,2026-07-22 01:00:00+00:00,4085.605,4104.115000000001,4076.325,4104.165000000001,2.2744470707888413,tp,9.2800000000002,18.560000000000855
2026-07-22 01:44:00+00:00,2026-07-22 03:07:00+00:00,4121.805,4140.015,4112.675,4140.0650000000005,2.2184347763970313,tp,9.13000000000011,18.26000000000022
2026-07-22 03:24:00+00:00,2026-07-22 03:32:00+00:00,4140.765,4134.695,4134.745,4152.805000000001,-0.7362548899693647,sl,6.020000000000437,12.040000000000873
2026-07-22 05:03:00+00:00,2026-07-22 05:16:00+00:00,4127.725,4124.815,4124.865,4133.4450000000015,-0.3540547988239433,sl,2.860000000000582,5.720000000001164
2026-07-22 05:38:00+00:00,2026-07-22 06:25:00+00:00,4131.5650000000005,4122.815,4122.865,4148.965000000002,-1.063570802207842,sl,8.700000000000728,17.400000000001455
2026-07-22 06:46:00+00:00,2026-07-22 06:57:00+00:00,4120.245,4113.655,4113.705,4133.325,-0.8031364299331477,sl,6.539999999999964,13.079999999999927
2026-07-22 07:18:00+00:00,2026-07-22 07:41:00+00:00,4118.1050000000005,4111.474999999999,4111.525,4131.265000000002,-0.8083665469232307,sl,6.580000000000837,13.160000000001673
2026-07-22 08:05:00+00:00,2026-07-22 12:01:00+00:00,4114.775000000001,4126.225000000002,4109.025,4126.275000000002,1.3970651288475022,tp,5.7500000000009095,11.500000000001819
2026-07-22 12:21:00+00:00,2026-07-22 12:46:00+00:00,4129.075,4123.304999999999,4123.355,4140.515,-0.7016826217045421,sl,5.720000000000255,11.44000000000051
2026-07-22 13:10:00+00:00,2026-07-22 13:48:00+00:00,4121.095,4148.705,4107.265,4148.755,3.3638847973322066,tp,13.829999999999927,27.659999999999854
2026-07-22 13:53:00+00:00,2026-07-22 19:53:00+00:00,4147.595,4131.025,4131.075,4180.635000000001,-2.0065914479396647,sl,16.520000000000437,33.04000000000087
2026-07-22 20:19:00+00:00,2026-07-22 20:46:00+00:00,4136.225,4128.6849999999995,4128.735,4151.205000000002,-0.9154048742261147,sl,7.490000000000691,14.980000000001382
2026-07-22 22:27:00+00:00,2026-07-22 22:41:00+00:00,4128.1050000000005,4120.4349999999995,4120.485,4143.345000000002,-0.9329343261627814,sl,7.6200000000008,15.2400000000016
2026-07-22 23:38:00+00:00,2026-07-22 23:48:00+00:00,4122.645,4130.475000000001,4118.705,4130.5250000000015,0.9535685497134442,tp,3.9400000000005093,7.880000000001019
2026-07-22 23:56:00+00:00,2026-07-23 01:46:00+00:00,4131.755,4120.835,4120.885,4153.495,-1.3270748335599407,sl,10.86999999999989,21.73999999999978
2026-07-23 02:31:00+00:00,2026-07-23 03:18:00+00:00,4118.585,4129.775,4112.965,4129.825,1.364055354733939,tp,5.619999999999891,11.239999999999782
2026-07-23 04:14:00+00:00,2026-07-23 04:45:00+00:00,4126.775000000001,4122.115,4122.165,4135.995000000002,-0.5670013087631108,sl,4.610000000000582,9.220000000001164
2026-07-23 05:08:00+00:00,2026-07-23 05:19:00+00:00,4123.185,4121.155,4121.205,4127.145000000001,-0.24719952449633809,sl,1.980000000000473,3.960000000000946
2026-07-23 05:30:00+00:00,2026-07-23 06:40:00+00:00,4125.435,4119.535,4119.585,4137.135000000001,-0.7180521486711506,sl,5.850000000000364,11.700000000000728
2026-07-23 08:35:00+00:00,2026-07-23 08:48:00+00:00,4092.4350000000004,4088.2149999999997,4088.265,4100.7750000000015,-0.5176942335169538,sl,4.1700000000005275,8.340000000001055
2026-07-23 08:57:00+00:00,2026-07-23 10:21:00+00:00,4094.125,4086.7349999999997,4086.785,4108.805,-0.9061573444996315,sl,7.3400000000001455,14.680000000000291
2026-07-23 10:49:00+00:00,2026-07-23 11:15:00+00:00,4091.0350000000003,4086.3149999999996,4086.365,4100.375000000002,-0.5791484266165342,sl,4.6700000000005275,9.34000000000151
2026-07-23 11:52:00+00:00,2026-07-23 12:16:00+00:00,4083.965,4072.705,4072.755,4106.385,-1.3839245143555179,sl,11.210000000000036,22.420000000000073
2026-07-23 14:25:00+00:00,2026-07-23 17:40:00+00:00,4051.9550000000004,4041.9849999999997,4042.035,4071.7950000000014,-1.2348855072836409,sl,9.920000000000528,19.840000000001055
2026-07-23 18:29:00+00:00,2026-07-24 01:04:00+00:00,4044.875,4040.4249999999997,4040.475,4053.675,-0.5520744159687753,sl,4.400000000000091,8.800000000000182
2026-07-24 01:42:00+00:00,2026-07-24 01:58:00+00:00,4045.735,4041.1749999999997,4041.225,4054.7550000000006,-0.5655698316846152,sl,4.510000000000218,9.020000000000437
2026-07-24 02:14:00+00:00,2026-07-24 02:45:00+00:00,4045.045,4040.685,4040.735,4053.665,-0.540825900044742,sl,4.309999999999945,8.61999999999989
2026-07-24 05:06:00+00:00,2026-07-24 05:16:00+00:00,4029.3250000000003,4025.165,4025.215,4037.5450000000005,-0.5180026433303474,sl,4.110000000000127,8.220000000000255
2026-07-24 05:35:00+00:00,2026-07-24 05:39:00+00:00,4031.215,4025.1949999999997,4025.245,4043.1550000000007,-0.7492194686466186,sl,5.970000000000255,11.94000000000051
2026-07-24 06:13:00+00:00,2026-07-24 07:21:00+00:00,4030.415,4047.865,4021.665,4047.915,2.1720096987546476,tp,8.75,17.5
2026-07-24 07:25:00+00:00,2026-07-24 08:53:00+00:00,4048.045,4056.575,4043.755,4056.625,1.0573379015403497,tp,4.289999999999964,8.579999999999927
2026-07-24 09:53:00+00:00,2026-07-24 11:57:00+00:00,4056.9750000000004,4051.395,4051.445,4068.0350000000008,-0.6902202916675224,sl,5.5300000000002,11.0600000000004
2026-07-24 12:25:00+00:00,2026-07-24 13:05:00+00:00,4058.2650000000003,4051.145,4051.195,4072.4050000000007,-0.8803706973655244,sl,7.070000000000164,14.140000000000327
2026-07-24 13:32:00+00:00,2026-07-24 13:48:00+00:00,4049.545,4059.215,4044.685,4059.2650000000003,1.1981415620413138,tp,4.860000000000127,9.720000000000255
2026-07-24 13:53:00+00:00,2026-07-24 15:15:00+00:00,4058.145,4078.395,4047.995,4078.445,2.504016612466402,tp,10.150000000000091,20.300000000000182
2026-07-24 15:38:00+00:00,2026-07-24 15:43:00+00:00,4077.945,4072.2749999999996,4072.325,4089.185000000001,-0.697894500179181,sl,5.620000000000346,11.240000000000691
2026-07-24 16:26:00+00:00,2026-07-24 16:28:00+00:00,4077.375,4073.5649999999996,4073.615,4084.8950000000004,-0.468988515148441,sl,3.7600000000002183,7.520000000000437
2026-07-24 17:25:00+00:00,2026-07-24 18:01:00+00:00,4068.5750000000003,4062.6949999999997,4062.745,4080.235000000001,-0.725324915913128,sl,5.830000000000382,11.660000000000764
2026-07-24 19:36:00+00:00,2026-07-26 22:00:00+00:00,4055.195,4067.5450000000005,4048.995,4067.5950000000007,1.5283450951343267,tp,6.200000000000273,12.400000000000546
2026-07-26 22:33:00+00:00,2026-07-26 23:03:00+00:00,4091.175,4082.0449999999996,4082.095,4109.335000000001,-1.1200955194892408,sl,9.080000000000382,18.160000000000764
2026-07-26 23:35:00+00:00,2026-07-26 23:51:00+00:00,4085.7450000000003,4095.935000000001,4080.625,4095.985000000001,1.2516612391782016,tp,5.120000000000346,10.240000000000691
2026-07-27 00:01:00+00:00,2026-07-27 12:19:00+00:00,4100.885,4082.9849999999997,4083.035,4136.585000000001,-2.190854175315957,sl,17.850000000000364,35.70000000000073
2026-07-27 12:46:00+00:00,2026-07-27 12:49:00+00:00,4088.125,4082.895,4082.945,4098.485,-0.641978909136104,sl,5.179999999999836,10.359999999999673
2026-07-27 13:39:00+00:00,2026-07-27 13:56:00+00:00,4085.4750000000004,4075.325,4075.375,4105.675000000001,-1.246633927534346,sl,10.100000000000364,20.200000000000728
2026-07-27 14:47:00+00:00,2026-07-27 16:25:00+00:00,4072.375,4086.9449999999997,4065.065,4086.995,1.7950365445157859,tp,7.309999999999945,14.61999999999989
2026-07-27 16:28:00+00:00,2026-07-27 17:02:00+00:00,4086.0550000000003,4079.375,4079.425,4099.3150000000005,-0.8203731599096944,sl,6.630000000000109,13.260000000000218
2026-07-27 18:04:00+00:00,2026-07-27 22:24:00+00:00,4078.7250000000004,4071.805,4071.855,4092.465000000001,-0.8513053389818263,sl,6.870000000000346,13.740000000000691
2026-07-28 02:10:00+00:00,2026-07-28 02:41:00+00:00,4046.255,4042.115,4042.165,4054.4350000000004,-0.5133504376182592,sl,4.0900000000001455,8.180000000000291
2026-07-28 03:10:00+00:00,2026-07-28 05:00:00+00:00,4045.605,4040.1349999999998,4040.185,4056.445,-0.6783416369701624,sl,5.420000000000073,10.840000000000146
2026-07-28 05:55:00+00:00,2026-07-28 09:35:00+00:00,4043.815,4034.365,4034.415,4062.6150000000002,-1.172345969381798,sl,9.400000000000091,18.800000000000182
2026-07-28 10:47:00+00:00,2026-07-28 12:27:00+00:00,4025.005,4034.2350000000006,4020.365,4034.2850000000008,1.1502700013569078,tp,4.640000000000327,9.280000000000655
2026-07-28 12:41:00+00:00,2026-07-28 13:36:00+00:00,4030.715,4025.1949999999997,4025.245,4041.6550000000007,-0.6870230302333451,sl,5.470000000000255,10.94000000000051
2026-07-28 14:06:00+00:00,2026-07-28 14:19:00+00:00,4029.465,4021.4249999999997,4021.475,4045.4450000000006,-1.000905858748908,sl,7.9900000000002365,15.980000000000473
2026-07-28 14:49:00+00:00,2026-07-28 15:20:00+00:00,4025.145,4038.275,4018.555,4038.3250000000003,1.6361549746662334,tp,6.5900000000001455,13.180000000000291
2026-07-28 15:44:00+00:00,2026-07-28 17:36:00+00:00,4040.795,4032.2949999999996,4032.345,4057.6950000000006,-1.0552714193396318,sl,8.450000000000273,16.900000000000546
2026-07-28 18:10:00+00:00,2026-07-28 18:31:00+00:00,4029.695,4025.575,4025.625,4037.8350000000005,-0.5128512609333075,sl,4.070000000000164,8.140000000000327
2026-07-28 19:31:00+00:00,2026-07-28 20:03:00+00:00,4025.7050000000004,4023.4249999999997,4023.475,4030.1650000000013,-0.28407766274101637,sl,2.230000000000473,4.460000000000946
2026-07-28 20:28:00+00:00,2026-07-28 22:18:00+00:00,4026.9750000000004,4022.305,4022.355,4036.215000000001,-0.5816608514916461,sl,4.620000000000346,9.240000000000691
2026-07-28 22:58:00+00:00,2026-07-28 23:25:00+00:00,4019.2050000000004,4015.0249999999996,4015.075,4027.4650000000015,-0.5216063004182352,sl,4.130000000000564,8.260000000001128
2026-07-28 23:31:00+00:00,2026-07-29 00:21:00+00:00,4019.4550000000004,4029.0050000000006,4014.655,4029.0550000000007,1.1915720877786171,tp,4.800000000000182,9.600000000000364
2026-07-29 01:29:00+00:00,2026-07-29 02:22:00+00:00,4019.6150000000002,4031.565000000001,4013.615,4031.615000000001,1.4911425316159308,tp,6.000000000000455,12.00000000000091
2026-07-29 02:42:00+00:00,2026-07-29 02:52:00+00:00,4036.485,4030.2549999999997,4030.305,4048.8450000000007,-0.7742566884529994,sl,6.180000000000291,12.360000000000582
2026-07-29 03:36:00+00:00,2026-07-29 03:41:00+00:00,4027.815,4025.165,4025.215,4033.015,-0.33002216174544313,sl,2.599999999999909,5.199999999999818
2026-07-29 04:26:00+00:00,2026-07-29 05:30:00+00:00,4024.8050000000003,4033.8950000000004,4020.235,4033.9450000000006,1.132847624232594,tp,4.570000000000164,9.140000000000327
2026-07-29 05:34:00+00:00,2026-07-29 05:37:00+00:00,4031.875,4029.455,4029.505,4036.615,-0.30109934126939913,sl,2.369999999999891,4.739999999999782
2026-07-29 05:43:00+00:00,2026-07-29 06:34:00+00:00,4034.125,4043.335,4029.495,4043.385,1.145245895897909,tp,4.630000000000109,9.260000000000218
2026-07-29 07:02:00+00:00,2026-07-29 08:12:00+00:00,4042.7050000000004,4039.4249999999997,4039.475,4049.1650000000013,-0.4070425678254915,sl,3.230000000000473,6.460000000000946
2026-07-29 08:39:00+00:00,2026-07-29 09:14:00+00:00,4038.165,4035.2349999999997,4035.285,4043.925,-0.36400217527385875,sl,2.880000000000109,5.760000000000218
2026-07-29 10:30:00+00:00,2026-07-29 10:38:00+00:00,4032.855,4030.0649999999996,4030.115,4038.3350000000005,-0.3470533643747223,sl,2.7400000000002365,5.480000000000473
2026-07-29 11:02:00+00:00,2026-07-29 11:06:00+00:00,4028.7050000000004,4025.7149999999997,4025.765,4034.5850000000014,-0.37230199279776927,sl,2.9400000000005093,5.880000000001019
2026-07-29 11:15:00+00:00,2026-07-29 12:16:00+00:00,4029.355,4024.645,4024.695,4038.6749999999997,-0.586352658932124,sl,4.6599999999998545,9.319999999999709
2026-07-29 13:01:00+00:00,2026-07-29 13:04:00+00:00,4024.815,4018.665,4018.715,4037.015,-0.7664385366352894,sl,6.099999999999909,12.199999999999818
2026-07-29 13:22:00+00:00,2026-07-29 13:29:00+00:00,4019.405,4013.9249999999997,4013.975,4030.265000000001,-0.6838073244974893,sl,5.430000000000291,10.860000000000582
2026-07-29 14:19:00+00:00,2026-07-29 17:03:00+00:00,4008.215,4033.285,3995.655,4033.335,3.136813343636577,tp,12.559999999999945,25.11999999999989
2026-07-29 18:01:00+00:00,2026-07-30 05:37:00+00:00,4076.3650000000002,4036.115,4036.165,4156.765000000001,-4.953520552688606,sl,40.20000000000027,80.400000000001
2026-07-30 06:06:00+00:00,2026-07-30 06:28:00+00:00,4038.8050000000003,4029.705,4029.755,4056.9050000000007,-1.1297834062063417,sl,9.050000000000182,18.100000000000364
2026-07-30 06:52:00+00:00,2026-07-30 08:07:00+00:00,4039.945,4051.7950000000005,4033.995,4051.8450000000007,1.4706206273608977,tp,5.950000000000273,11.900000000000546
2026-07-30 09:22:00+00:00,2026-07-30 09:30:00+00:00,4071.875,4064.2149999999997,4064.265,4087.0950000000003,-0.9433129072804215,sl,7.610000000000127,15.220000000000255
2026-07-30 09:50:00+00:00,2026-07-30 13:37:00+00:00,4069.2050000000004,4086.9150000000013,4060.325,4086.9650000000015,2.182175044202865,tp,8.880000000000564,17.760000000001128
2026-07-30 13:49:00+00:00,2026-07-31 02:45:00+00:00,4099.285,4074.605,4074.655,4148.544999999999,-3.019340772069442,sl,24.629999999999654,49.25999999999931
2026-07-31 03:35:00+00:00,2026-07-31 06:17:00+00:00,4076.4750000000004,4086.1850000000013,4071.595,4086.2350000000015,1.194204715599499,tp,4.880000000000564,9.760000000001128
2026-07-31 08:48:00+00:00,2026-07-31 09:22:00+00:00,4061.7850000000003,4054.055,4054.105,4077.145000000001,-0.9542421987093059,sl,7.680000000000291,15.360000000000582
2026-07-31 09:48:00+00:00,2026-07-31 12:23:00+00:00,4055.005,4050.075,4050.125,4064.7650000000003,-0.609551288311041,sl,4.880000000000109,9.760000000000218
2026-07-31 14:17:00+00:00,2026-08-02 22:00:00+00:00,4033.7450000000003,4060.0950000000007,4020.545,4060.145000000001,3.2749185755555894,tp,13.200000000000273,26.400000000000546
2026-08-02 23:11:00+00:00,2026-08-02 23:50:00+00:00,4063.7250000000004,4073.2350000000006,4058.945,4073.2850000000008,1.1736169122623252,tp,4.7800000000002,9.5600000000004
2026-08-02 23:57:00+00:00,2026-08-03 00:21:00+00:00,4073.4550000000004,4067.5649999999996,4067.615,4085.1350000000016,-0.725225955755477,sl,5.8400000000006,11.6800000000012
2026-08-03 01:02:00+00:00,2026-08-03 01:03:00+00:00,4061.7650000000003,4055.765,4055.815,4073.665000000001,-0.7408427329205257,sl,5.950000000000273,11.900000000000546
2026-08-03 01:06:00+00:00,2026-08-03 01:14:00+00:00,4060.8250000000003,4051.535,4051.585,4079.3050000000007,-1.147252280555651,sl,9.240000000000236,18.480000000000473
2026-08-03 01:37:00+00:00,2026-08-03 01:42:00+00:00,4056.2850000000003,4049.835,4049.885,4069.0850000000005,-0.7973317589050214,sl,6.400000000000091,12.800000000000182
2026-08-03 02:01:00+00:00,2026-08-03 09:30:00+00:00,4058.9350000000004,4049.625,4049.675,4077.455000000001,-1.1500344863249168,sl,9.260000000000218,18.520000000000437
2026-08-03 11:42:00+00:00,2026-08-03 12:40:00+00:00,4053.505,4045.2349999999997,4045.285,4069.9450000000006,-1.0228177728367565,sl,8.220000000000255,16.44000000000051
2026-08-03 14:24:00+00:00,2026-08-03 19:23:00+00:00,4034.895,4051.765,4026.435,4051.815,2.09585874731117,tp,8.460000000000036,16.920000000000073
2026-08-03 19:48:00+00:00,2026-08-03 19:55:00+00:00,4054.7450000000003,4051.6949999999997,4051.745,4060.7450000000013,-0.37714316144163645,sl,3.0000000000004547,6.0000000000009095
2026-08-03 20:25:00+00:00,2026-08-03 22:00:00+00:00,4054.155,4049.8849999999998,4049.935,4062.5950000000007,-0.5280574046454415,sl,4.220000000000255,8.44000000000051
2026-08-03 22:18:00+00:00,2026-08-04 00:01:00+00:00,4051.905,4058.775,4048.445,4058.8250000000003,0.8500181944950028,tp,3.4600000000000364,6.920000000000073
2026-08-04 00:09:00+00:00,2026-08-04 00:58:00+00:00,4063.125,4050.915,4050.965,4087.4449999999997,-1.5066869805009402,sl,12.159999999999854,24.31999999999971
2026-08-04 01:37:00+00:00,2026-08-04 11:51:00+00:00,4054.775,4079.5850000000005,4042.345,4079.6350000000007,3.0673426952778087,tp,12.430000000000291,24.860000000000582
2026-08-04 13:21:00+00:00,2026-08-04 13:50:00+00:00,4072.6150000000002,4093.945,4061.925,4093.9950000000003,2.626350233557373,tp,10.690000000000055,21.38000000000011
2026-08-04 15:10:00+00:00,2026-08-04 17:06:00+00:00,4084.815,4105.964999999999,4074.215,4106.014999999999,2.597089014273822,tp,10.599999999999909,21.199999999999363
2026-08-04 22:05:00+00:00,2026-08-04 22:17:00+00:00,4078.2050000000004,4075.585,4075.635,4083.3450000000007,-0.3223246444872042,sl,2.5700000000001637,5.140000000000327
2026-08-04 22:28:00+00:00,2026-08-04 22:40:00+00:00,4078.675,4085.4050000000007,4075.285,4085.455000000001,0.8278340516485044,tp,3.3900000000003274,6.780000000000655
2026-08-05 00:19:00+00:00,2026-08-05 01:00:00+00:00,4075.395,4084.1249999999995,4071.005,4084.1749999999997,1.0748000732764191,tp,4.389999999999873,8.779999999999745
2026-08-05 01:13:00+00:00,2026-08-05 02:20:00+00:00,4085.8450000000003,4103.015,4077.235,4103.0650000000005,2.1087159013823737,tp,8.610000000000127,17.220000000000255
2026-08-05 02:22:00+00:00,2026-08-05 02:37:00+00:00,4103.005,4116.635,4096.165,4116.685,1.6673037125317953,tp,6.8400000000001455,13.680000000000291
2026-08-05 03:15:00+00:00,2026-08-05 05:38:00+00:00,4135.575,4153.644999999999,4126.515,4153.694999999999,2.1933871165065875,tp,9.05999999999949,18.11999999999898
2026-08-05 06:14:00+00:00,2026-08-05 08:47:00+00:00,4173.335,4159.945,4159.995,4200.015,-1.6109617780530865,sl,13.340000000000146,26.68000000000029
2026-08-05 09:39:00+00:00,2026-08-05 09:56:00+00:00,4158.705,4154.385,4154.435,4167.244999999999,-0.5214874517701343,sl,4.269999999999527,8.539999999999054
2026-08-05 09:59:00+00:00,2026-08-05 10:02:00+00:00,4158.8550000000005,4154.264999999999,4154.315,4167.935000000002,-0.5540316556633562,sl,4.540000000000873,9.080000000001746
2026-08-05 10:56:00+00:00,2026-08-05 11:12:00+00:00,4159.595,4170.705,4154.015,4170.755,1.3407095961355087,tp,5.579999999999927,11.159999999999854
2026-08-05 11:28:00+00:00,2026-08-05 14:07:00+00:00,4176.455,4222.364999999999,4153.475,4222.414999999999,5.518603442240589,tp,22.979999999999563,45.95999999999913
2026-08-05 14:19:00+00:00,2026-08-07 12:30:00+00:00,4235.645,4328.335000000002,4189.275,4328.385000000002,10.992125160972366,tp,46.3700000000008,92.7400000000016
2026-08-07 13:38:00+00:00,2026-08-07 14:02:00+00:00,4359.375,4338.815,4338.865,4400.395,-2.3716038567833437,sl,20.51000000000022,41.02000000000044
2026-08-07 14:19:00+00:00,2026-08-07 20:59:00+00:00,4345.685,4340.345,4327.125,4382.805000000001,-0.6177657922719102,eod,18.5600000000004,37.1200000000008
