entry_time,exit_time,entry,exit,sl,tp,pnl,fees,equity_after,exit_hit,risk,reward
2025-08-11 08:22:00+00:00,2025-08-11 09:05:00+00:00,3362.675,3358.515,3358.565,3370.8950000000004,-0.6185551681325595,0.0,9999.381444831868,sl,4.110000000000127,8.220000000000255
2025-08-11 13:32:00+00:00,2025-08-11 14:37:00+00:00,3352.989,3347.9649999999997,3348.015,3362.9370000000004,-0.7491359556926481,0.0,9998.632308876175,sl,4.97400000000016,9.94800000000032
2025-08-11 15:23:00+00:00,2025-08-11 16:32:00+00:00,3348.385,3344.595,3344.645,3355.8650000000007,-0.5658670739870846,0.0,9998.066441802188,sl,3.7400000000002365,7.480000000000473
2025-08-11 17:36:00+00:00,2025-08-11 20:59:00+00:00,3348.315,3341.915,3341.965,3361.015,-0.9555197946957636,0.0,9997.110922007492,sl,6.349999999999909,12.699999999999818
2025-08-12 07:30:00+00:00,2025-08-12 07:36:00+00:00,3349.135,3355.3650000000007,3345.995,3355.415000000001,0.9298221935531323,0.0,9998.040744201046,tp,3.1400000000003274,6.280000000000655
2025-08-12 11:41:00+00:00,2025-08-12 12:23:00+00:00,3344.6850000000004,3339.048,3339.098,3355.8590000000013,-0.8425151497834257,0.0,9997.198229051262,sl,5.587000000000444,11.174000000000888
2025-08-12 12:31:00+00:00,2025-08-12 13:12:00+00:00,3348.7050000000004,3343.595,3343.645,3358.825000000001,-0.7627677408200747,0.0,9996.435461310442,sl,5.0600000000004,10.1200000000008
2025-08-12 13:45:00+00:00,2025-08-12 13:54:00+00:00,3354.355,3343.868,3343.918,3375.229,-1.5626345256057188,0.0,9994.872826784836,sl,10.436999999999898,20.873999999999796
2025-08-12 17:22:00+00:00,2025-08-12 17:26:00+00:00,3350.465,3347.888,3347.938,3355.5190000000002,-0.38437630708911713,0.0,9994.488450477747,sl,2.5270000000000437,5.054000000000087
2025-08-12 19:29:00+00:00,2025-08-12 22:17:00+00:00,3348.079,3352.717,3345.735,3352.7670000000003,0.6922542364340117,0.0,9995.180704714181,tp,2.344000000000051,4.688000000000102
2025-08-13 07:13:00+00:00,2025-08-13 08:02:00+00:00,3358.498,3353.705,3353.755,3367.984,-0.713219140188505,0.0,9994.467485573992,sl,4.742999999999938,9.485999999999876
2025-08-13 09:53:00+00:00,2025-08-13 12:07:00+00:00,3366.2850000000003,3358.348,3358.398,3382.0590000000007,-1.1782437974355155,0.0,9993.289241776556,sl,7.887000000000171,15.774000000000342
2025-08-13 13:31:00+00:00,2025-08-13 13:54:00+00:00,3357.748,3365.4159999999997,3353.889,3365.466,1.141070472023798,0.0,9994.43031224858,tp,3.8589999999999236,7.717999999999847
2025-08-13 14:04:00+00:00,2025-08-13 15:09:00+00:00,3368.248,3359.805,3359.855,3385.034,-1.2526241405964893,0.0,9993.177688107984,sl,8.393000000000029,16.786000000000058
2025-08-13 18:51:00+00:00,2025-08-13 19:22:00+00:00,3353.255,3355.2250000000004,3352.245,3355.2750000000005,0.29354403475988666,0.0,9993.471232142743,tp,1.0100000000002183,2.0200000000004366
2025-08-14 09:03:00+00:00,2025-08-14 09:11:00+00:00,3348.4350000000004,3353.639000000001,3345.808,3353.689000000001,0.7765721044618927,0.0,9994.247804247205,tp,2.6270000000004075,5.254000000000815
2025-08-14 09:29:00+00:00,2025-08-14 09:43:00+00:00,3358.585,3355.125,3355.175,3365.4049999999997,-0.5148015816585808,0.0,9993.733002665545,sl,3.4099999999998545,6.819999999999709
2025-08-14 12:04:00+00:00,2025-08-14 12:18:00+00:00,3356.348,3352.9849999999997,3353.035,3362.974,-0.5006769871295685,0.0,9993.232325678417,sl,3.313000000000102,6.626000000000204
2025-08-14 12:44:00+00:00,2025-08-14 14:05:00+00:00,3352.2850000000003,3340.6899999999996,3340.74,3375.3750000000014,-1.7282469840161014,0.0,9991.504078694401,sl,11.545000000000528,23.090000000001055
2025-08-14 15:41:00+00:00,2025-08-14 16:08:00+00:00,3340.9350000000004,3337.705,3337.755,3347.295000000001,-0.4829869209396118,0.0,9991.021091773462,sl,3.180000000000291,6.360000000000582
2025-08-14 17:08:00+00:00,2025-08-14 19:05:00+00:00,3335.2980000000002,3340.4740000000006,3332.685,3340.524000000001,0.7752459476038317,0.0,9991.796337721065,tp,2.6130000000002838,5.2260000000005675
2025-08-14 19:17:00+00:00,2025-08-14 19:24:00+00:00,3340.6980000000003,3339.455,3339.505,3343.0840000000007,-0.1858863454252855,0.0,9991.61045137564,sl,1.193000000000211,2.386000000000422
2025-08-15 07:20:00+00:00,2025-08-15 08:25:00+00:00,3344.1850000000004,3339.875,3339.925,3352.705000000001,-0.6438615244885226,0.0,9990.966589851152,sl,4.260000000000218,8.520000000000437
2025-08-15 08:47:00+00:00,2025-08-15 09:09:00+00:00,3341.2980000000002,3338.575,3338.625,3346.6440000000007,-0.40710828582438313,0.0,9990.559481565328,sl,2.673000000000229,5.346000000000458
2025-08-15 09:59:00+00:00,2025-08-15 10:06:00+00:00,3342.998,3340.305,3340.355,3348.284,-0.40240192611329023,0.0,9990.157079639213,sl,2.643000000000029,5.286000000000058
2025-08-15 10:50:00+00:00,2025-08-15 10:57:00+00:00,3340.215,3336.685,3336.735,3347.175,-0.5278889905459442,0.0,9989.629190648668,sl,3.480000000000018,6.960000000000036
2025-08-15 11:56:00+00:00,2025-08-15 12:17:00+00:00,3343.895,3337.448,3337.498,3356.689,-0.9629958385671967,0.0,9988.666194810101,sl,6.3969999999999345,12.793999999999869
2025-08-15 12:40:00+00:00,2025-08-15 13:51:00+00:00,3341.065,3333.298,3333.348,3356.4990000000003,-1.161036530793218,0.0,9987.505158279308,sl,7.717000000000098,15.434000000000196
2025-08-15 14:20:00+00:00,2025-08-17 22:03:00+00:00,3341.525,3332.6549999999997,3332.705,3359.1650000000004,-1.325579948585465,0.0,9986.179578330723,sl,8.820000000000164,17.640000000000327
2025-08-18 07:06:00+00:00,2025-08-18 07:53:00+00:00,3351.0150000000003,3347.6549999999997,3347.705,3357.635000000001,-0.5006477646802094,0.0,9985.678930566042,sl,3.3100000000004,6.6200000000008
2025-08-18 08:28:00+00:00,2025-08-18 12:54:00+00:00,3346.9480000000003,3344.198,3344.248,3352.348000000001,-0.41023369737236964,0.0,9985.26869686867,sl,2.700000000000273,5.400000000000546
2025-08-18 14:31:00+00:00,2025-08-18 14:38:00+00:00,3337.695,3334.765,3334.815,3343.4550000000004,-0.4382790710629358,0.0,9984.830417797608,sl,2.880000000000109,5.760000000000218
2025-08-18 15:22:00+00:00,2025-08-18 16:05:00+00:00,3335.755,3331.9849999999997,3332.035,3343.1950000000006,-0.5642322454002369,0.0,9984.266185552207,sl,3.7200000000002547,7.440000000000509
2025-08-18 16:37:00+00:00,2025-08-18 17:02:00+00:00,3332.945,3331.6549999999997,3331.705,3335.4250000000006,-0.19321806059455715,0.0,9984.072967491613,sl,1.2400000000002365,2.480000000000473
2025-08-18 19:51:00+00:00,2025-08-18 23:53:00+00:00,3333.0350000000003,3331.095,3331.145,3336.815000000001,-0.2905625287004009,0.0,9983.782404962913,sl,1.8900000000003274,3.780000000000655
2025-08-19 07:06:00+00:00,2025-08-19 10:16:00+00:00,3338.3450000000003,3343.915000000001,3335.535,3343.965000000001,0.8328927656615717,0.0,9984.615297728575,tp,2.8100000000004,5.6200000000008
2025-08-19 11:03:00+00:00,2025-08-19 11:27:00+00:00,3344.065,3341.475,3341.525,3349.145,-0.3866574606223034,0.0,9984.228640267953,sl,2.5399999999999636,5.079999999999927
2025-08-19 17:44:00+00:00,2025-08-19 23:51:00+00:00,3319.885,3314.725,3314.775,3330.1050000000005,-0.7759097044594273,0.0,9983.452730563493,sl,5.110000000000127,10.220000000000255
2025-08-20 08:51:00+00:00,2025-08-20 11:17:00+00:00,3323.7980000000002,3329.8480000000004,3320.748,3329.8980000000006,0.9085974692191124,0.0,9984.361328032712,tp,3.050000000000182,6.100000000000364
2025-08-20 13:45:00+00:00,2025-08-20 15:54:00+00:00,3346.5550000000003,3338.6549999999997,3338.705,3362.255000000001,-1.178472406571293,0.0,9983.18285562614,sl,7.850000000000364,15.700000000000728
2025-08-20 16:05:00+00:00,2025-08-20 20:30:00+00:00,3343.025,3349.029,3339.998,3349.079,0.896478935472789,0.0,9984.079334561613,tp,3.0270000000000437,6.054000000000087
2025-08-21 07:09:00+00:00,2025-08-21 07:51:00+00:00,3337.235,3341.1250000000005,3335.265,3341.1750000000006,0.5818899270121515,0.0,9984.661224488626,tp,1.9700000000002547,3.9400000000005093
2025-08-21 08:34:00+00:00,2025-08-21 08:42:00+00:00,3340.665,3339.075,3339.125,3343.745,-0.23761154361389678,0.0,9984.423612945011,sl,1.5399999999999636,3.0799999999999272
2025-08-21 08:56:00+00:00,2025-08-21 10:33:00+00:00,3340.9350000000004,3337.598,3337.648,3347.509000000001,-0.4986331909540582,0.0,9983.924979754056,sl,3.287000000000262,6.574000000000524
2025-08-21 11:47:00+00:00,2025-08-21 12:06:00+00:00,3332.9350000000004,3338.8590000000013,3329.948,3338.9090000000015,0.8872776033746815,0.0,9984.812257357431,tp,2.987000000000535,5.97400000000107
2025-08-21 12:35:00+00:00,2025-08-21 13:45:00+00:00,3344.6980000000003,3336.205,3336.255,3361.5840000000007,-1.2676930847230539,0.0,9983.544564272708,sl,8.443000000000211,16.886000000000422
2025-08-21 14:32:00+00:00,2025-08-21 14:45:00+00:00,3345.5480000000002,3342.165,3342.215,3352.2140000000004,-0.5047653069233683,0.0,9983.039798965785,sl,3.3330000000000837,6.666000000000167
2025-08-21 15:39:00+00:00,2025-08-21 17:56:00+00:00,3345.1980000000003,3337.305,3337.355,3360.884000000001,-1.1777499139548955,0.0,9981.86204905183,sl,7.843000000000302,15.686000000000604
2025-08-21 18:16:00+00:00,2025-08-21 19:19:00+00:00,3338.3650000000002,3340.8350000000005,3337.105,3340.8850000000007,0.36927057498446936,0.0,9982.231319626813,tp,1.2600000000002183,2.5200000000004366
2025-08-21 20:58:00+00:00,2025-08-21 22:25:00+00:00,3338.4750000000004,3339.9450000000006,3337.715,3339.995000000001,0.21976920659663401,0.0,9982.45108883341,tp,0.7600000000002183,1.5200000000004366
2025-08-22 07:17:00+00:00,2025-08-22 07:31:00+00:00,3334.0550000000003,3331.008,3331.058,3340.049000000001,-0.4561491707197421,0.0,9981.99493966269,sl,2.9970000000002983,5.994000000000597
2025-08-22 08:01:00+00:00,2025-08-22 08:22:00+00:00,3328.405,3325.475,3325.525,3334.1650000000004,-0.43935826879863754,0.0,9981.555581393892,sl,2.880000000000109,5.760000000000218
2025-08-22 08:27:00+00:00,2025-08-22 12:12:00+00:00,3329.4950000000003,3325.738,3325.788,3336.909000000001,-0.5631590424268846,0.0,9980.992422351464,sl,3.7070000000003347,7.414000000000669
2025-08-22 12:20:00+00:00,2025-08-22 12:32:00+00:00,3329.485,3324.8849999999998,3324.935,3338.5850000000005,-0.6894844869825267,0.0,9980.302937864482,sl,4.550000000000182,9.100000000000364
2025-08-22 13:18:00+00:00,2025-08-22 14:00:00+00:00,3328.105,3336.6749999999997,3323.795,3336.725,1.2849834391868,0.0,9981.58792130367,tp,4.309999999999945,8.61999999999989
2025-08-22 15:31:00+00:00,2025-08-22 15:43:00+00:00,3377.8250000000003,3373.895,3373.945,3385.5850000000005,-0.5806641926495055,0.0,9981.00725711102,sl,3.880000000000109,7.760000000000218
2025-08-22 17:02:00+00:00,2025-08-22 19:23:00+00:00,3372.0350000000003,3369.585,3369.635,3376.8350000000005,-0.3625921406498557,0.0,9980.64466497037,sl,2.400000000000091,4.800000000000182
2025-08-22 19:46:00+00:00,2025-08-22 19:58:00+00:00,3370.248,3372.796,3368.949,3372.846,0.3772820665770331,0.0,9981.021947036947,tp,1.2989999999999782,2.5979999999999563
2025-08-22 20:56:00+00:00,2025-08-24 22:01:00+00:00,3371.848,3369.875,3369.925,3375.6939999999995,-0.29201429455751654,0.0,9980.72993274239,sl,1.9229999999997744,3.845999999999549
2025-08-25 09:43:00+00:00,2025-08-25 14:44:00+00:00,3365.965,3374.1950000000006,3361.825,3374.245000000001,1.2201761953329073,0.0,9981.950108937723,tp,4.140000000000327,8.280000000000655
2025-08-25 14:50:00+00:00,2025-08-25 19:04:00+00:00,3374.3450000000003,3369.015,3369.065,3384.9050000000007,-0.7883573564742471,0.0,9981.161751581249,sl,5.2800000000002,10.5600000000004
2025-08-25 22:00:00+00:00,2025-08-25 22:05:00+00:00,3365.1850000000004,3366.835000000001,3364.335,3366.885000000001,0.24469556488149247,0.0,9981.40644714613,tp,0.8500000000003638,1.7000000000007276
2025-08-26 08:30:00+00:00,2025-08-26 09:00:00+00:00,3378.7850000000003,3375.375,3375.425,3385.5050000000006,-0.5036809975297539,0.0,9980.9027661486,sl,3.3600000000001273,6.720000000000255
2025-08-26 09:19:00+00:00,2025-08-26 09:29:00+00:00,3377.9280000000003,3374.355,3374.405,3384.9740000000006,-0.52786450130749,0.0,9980.374901647292,sl,3.5230000000001382,7.0460000000002765
2025-08-26 11:48:00+00:00,2025-08-26 12:09:00+00:00,3379.695,3376.185,3376.235,3386.6150000000002,-0.5182585396727245,0.0,9979.85664310762,sl,3.4600000000000364,6.920000000000073
2025-08-26 12:21:00+00:00,2025-08-26 12:30:00+00:00,3379.1180000000004,3375.835,3375.885,3385.5840000000007,-0.48479913041399963,0.0,9979.371843977206,sl,3.2330000000001746,6.466000000000349
2025-08-26 12:42:00+00:00,2025-08-26 12:55:00+00:00,3378.7450000000003,3375.245,3375.295,3385.645000000001,-0.516875370202912,0.0,9978.854968607002,sl,3.450000000000273,6.900000000000546
2025-08-26 15:24:00+00:00,2025-08-26 15:56:00+00:00,3382.5350000000003,3388.7850000000003,3379.385,3388.8350000000005,0.9219098036501286,0.0,9979.776878410652,tp,3.150000000000091,6.300000000000182
2025-08-26 17:03:00+00:00,2025-08-26 17:38:00+00:00,3383.598,3382.098,3382.148,3386.4979999999996,-0.22120927659869727,0.0,9979.555669134053,sl,1.449999999999818,2.899999999999636
2025-08-26 18:34:00+00:00,2025-08-26 19:05:00+00:00,3383.3050000000003,3385.7350000000006,3382.065,3385.7850000000008,0.35838211860885516,0.0,9979.914051252663,tp,1.2400000000002365,2.480000000000473
2025-08-26 19:23:00+00:00,2025-08-27 01:21:00+00:00,3388.7980000000002,3384.408,3384.458,3397.4780000000005,-0.6464212780608708,0.0,9979.267629974602,sl,4.3400000000001455,8.680000000000291
2025-08-27 07:38:00+00:00,2025-08-27 08:02:00+00:00,3376.905,3382.395,3374.135,3382.445,0.8111892293173539,0.0,9980.07881920392,tp,2.769999999999982,5.539999999999964
2025-08-27 11:49:00+00:00,2025-08-27 12:27:00+00:00,3376.4350000000004,3381.805000000001,3373.725,3381.8550000000014,0.7936332738396124,0.0,9980.872452477759,tp,2.710000000000491,5.420000000000982
2025-08-27 13:09:00+00:00,2025-08-27 13:30:00+00:00,3383.405,3379.855,3379.905,3390.405,-0.523615960937249,0.0,9980.348836516821,sl,3.5,7.0
2025-08-27 14:52:00+00:00,2025-08-27 16:19:00+00:00,3383.9350000000004,3390.165000000001,3380.795,3390.215000000001,0.9187170151244707,0.0,9981.267553531947,tp,3.1400000000003274,6.280000000000655
2025-08-27 16:21:00+00:00,2025-08-27 16:48:00+00:00,3389.815,3396.805,3386.295,3396.855,1.0290983460629286,0.0,9982.29665187801,tp,3.519999999999982,7.039999999999964
2025-08-27 17:29:00+00:00,2025-08-27 17:35:00+00:00,3397.175,3395.115,3395.165,3401.1950000000006,-0.30265634097261246,0.0,9981.993995537037,sl,2.0100000000002183,4.020000000000437
2025-08-27 19:06:00+00:00,2025-08-28 00:54:00+00:00,3395.7980000000002,3393.3779999999997,3393.428,3400.538000000001,-0.35568113105085897,0.0,9981.638314405987,sl,2.3700000000003456,4.740000000000691
2025-08-28 07:02:00+00:00,2025-08-28 07:06:00+00:00,3395.775,3393.598,3393.648,3400.029,-0.31995680824647066,0.0,9981.31835759774,sl,2.1269999999999527,4.253999999999905
2025-08-28 07:43:00+00:00,2025-08-28 08:37:00+00:00,3395.485,3399.3350000000005,3393.535,3399.3850000000007,0.5658702022944428,0.0,9981.884227800034,tp,1.9500000000002728,3.9000000000005457
2025-08-28 10:29:00+00:00,2025-08-28 11:24:00+00:00,3396.525,3401.1349999999998,3394.195,3401.185,0.6774053818263502,0.0,9982.56163318186,tp,2.3299999999999272,4.6599999999998545
2025-08-28 13:34:00+00:00,2025-08-29 14:01:00+00:00,3406.3250000000003,3431.2550000000006,3393.835,3431.3050000000007,3.652987626184035,0.0,9986.214620808045,tp,12.490000000000236,24.980000000000473
2025-08-29 15:44:00+00:00,2025-08-29 16:03:00+00:00,3447.295,3443.9849999999997,3444.035,3453.8150000000005,-0.47942474309391314,0.0,9985.73519606495,sl,3.2600000000002183,6.520000000000437
2025-08-29 16:56:00+00:00,2025-08-29 17:40:00+00:00,3448.355,3445.055,3445.105,3454.855,-0.47780646347339756,0.0,9985.257389601476,sl,3.25,6.5
2025-08-29 18:25:00+00:00,2025-08-29 19:50:00+00:00,3444.235,3450.845,3440.905,3450.895,0.958159814084441,0.0,9986.215549415561,tp,3.3299999999999272,6.6599999999998545
2025-09-01 08:21:00+00:00,2025-09-01 09:03:00+00:00,3479.025,3474.2549999999997,3474.305,3488.4650000000006,-0.6845919211663697,0.0,9985.530957494395,sl,4.720000000000255,9.44000000000051
2025-09-01 11:22:00+00:00,2025-09-01 11:44:00+00:00,3471.385,3469.4049999999997,3469.455,3475.245000000001,-0.2847761238791379,0.0,9985.246181370516,sl,1.930000000000291,3.860000000000582
2025-09-01 13:04:00+00:00,2025-09-01 13:06:00+00:00,3470.545,3474.6949999999997,3468.445,3474.745,0.5970066899101439,0.0,9985.843188060426,tp,2.099999999999909,4.199999999999818
2025-09-01 13:33:00+00:00,2025-09-01 14:00:00+00:00,3478.445,3474.895,3474.945,3485.445,-0.5095630851949121,0.0,9985.33362497523,sl,3.5,7.0
2025-09-01 15:22:00+00:00,2025-09-01 15:25:00+00:00,3478.105,3476.1349999999998,3476.185,3481.945,-0.2827848388878965,0.0,9985.050840136342,sl,1.9200000000000728,3.8400000000001455
2025-09-01 17:27:00+00:00,2025-09-01 18:12:00+00:00,3477.4550000000004,3475.955,3476.005,3480.355000000001,-0.2153525532351828,0.0,9984.835487583106,sl,1.4500000000002728,2.9000000000005457
2025-09-02 09:24:00+00:00,2025-09-02 10:02:00+00:00,3479.8650000000002,3475.665,3475.715,3488.1650000000004,-0.6025565510134986,0.0,9984.232931032093,sl,4.150000000000091,8.300000000000182
2025-09-02 10:09:00+00:00,2025-09-02 11:01:00+00:00,3479.5750000000003,3486.1250000000005,3476.275,3486.1750000000006,0.9397228928570589,0.0,9985.17265392495,tp,3.300000000000182,6.600000000000364
2025-09-02 11:52:00+00:00,2025-09-02 12:36:00+00:00,3487.545,3478.105,3478.155,3506.325,-1.3513808402909797,0.0,9983.821273084659,sl,9.389999999999873,18.779999999999745
2025-09-02 13:44:00+00:00,2025-09-02 14:46:00+00:00,3489.3590000000004,3510.897000000001,3478.565,3510.947000000001,3.0812470511016783,0.0,9986.90252013576,tp,10.794000000000324,21.588000000000648
2025-09-02 15:34:00+00:00,2025-09-02 16:06:00+00:00,3514.235,3522.837,3509.909,3522.887,1.2222764766472136,0.0,9988.124796612406,tp,4.326000000000022,8.652000000000044
2025-09-02 16:15:00+00:00,2025-09-03 00:24:00+00:00,3525.855,3541.8250000000003,3517.845,3541.8750000000005,2.2620095409752055,0.0,9990.386806153381,tp,8.010000000000218,16.020000000000437
2025-09-03 08:03:00+00:00,2025-09-03 08:26:00+00:00,3535.915,3540.205,3533.745,3540.255,0.606049062242696,0.0,9990.992855215623,tp,2.1700000000000728,4.3400000000001455
2025-09-03 09:09:00+00:00,2025-09-03 09:22:00+00:00,3541.045,3538.285,3538.335,3546.465,-0.38936444298783696,0.0,9990.603490772635,sl,2.7100000000000364,5.420000000000073
2025-09-03 10:50:00+00:00,2025-09-03 13:01:00+00:00,3538.835,3552.325,3532.065,3552.375,1.9042035174078569,0.0,9992.507694290043,tp,6.769999999999982,13.539999999999964
2025-09-03 15:19:00+00:00,2025-09-04 00:06:00+00:00,3564.065,3554.0649999999996,3554.115,3583.9650000000006,-1.4018413937863785,0.0,9991.105852896257,sl,9.950000000000273,19.900000000000546
2025-09-04 07:57:00+00:00,2025-09-04 13:23:00+00:00,3540.5950000000003,3551.6050000000005,3535.065,3551.6550000000007,1.5534405296340017,0.0,9992.659293425892,tp,5.5300000000002,11.0600000000004
2025-09-04 15:40:00+00:00,2025-09-04 22:08:00+00:00,3548.148,3542.1349999999998,3542.185,3560.0740000000005,-0.8467214492091879,0.0,9991.812571976683,sl,5.963000000000193,11.926000000000386
2025-09-05 09:08:00+00:00,2025-09-05 12:30:00+00:00,3549.855,3560.305,3544.605,3560.355,1.4706860051629507,0.0,9993.283257981846,tp,5.25,10.5
2025-09-05 13:43:00+00:00,2025-09-05 14:39:00+00:00,3583.8650000000002,3575.125,3575.175,3601.2450000000003,-1.218534957019359,0.0,9992.064723024827,sl,8.690000000000055,17.38000000000011
2025-09-05 18:51:00+00:00,2025-09-05 20:00:00+00:00,3595.155,3592.2349999999997,3592.285,3600.895000000001,-0.40577984803489375,0.0,9991.658943176792,sl,2.8700000000003456,5.740000000000691
2025-09-08 07:08:00+00:00,2025-09-08 07:17:00+00:00,3598.835,3606.559,3594.948,3606.6090000000004,1.0722299532640303,0.0,9992.731173130056,tp,3.887000000000171,7.774000000000342
2025-09-08 07:33:00+00:00,2025-09-08 10:15:00+00:00,3610.875,3621.365,3605.605,3621.415,1.4515006751290491,0.0,9994.182673805186,tp,5.269999999999982,10.539999999999964
2025-09-08 11:32:00+00:00,2025-09-08 11:40:00+00:00,3617.6150000000002,3615.0249999999996,3615.075,3622.695000000001,-0.35776240873008086,0.0,9993.824911396456,sl,2.5400000000004184,5.080000000000837
2025-09-08 11:55:00+00:00,2025-09-08 13:14:00+00:00,3618.465,3630.549,3612.398,3630.599,1.6687377137724575,0.0,9995.493649110229,tp,6.067000000000007,12.134000000000015
2025-09-08 13:44:00+00:00,2025-09-09 01:49:00+00:00,3629.0150000000003,3647.059000000001,3619.968,3647.1090000000013,2.4849537326871443,0.0,9997.978602842915,tp,9.04700000000048,18.09400000000096
2025-09-09 07:23:00+00:00,2025-09-09 07:45:00+00:00,3647.755,3644.7479999999996,3644.798,3653.669000000001,-0.4120880056192619,0.0,9997.566514837295,sl,2.9570000000003347,5.914000000000669
2025-09-09 08:27:00+00:00,2025-09-09 09:14:00+00:00,3645.915,3654.4049999999997,3641.645,3654.455,1.1640334416870177,0.0,9998.730548278982,tp,4.269999999999982,8.539999999999964
2025-09-09 10:03:00+00:00,2025-09-09 10:09:00+00:00,3655.505,3652.0049999999997,3652.055,3662.4050000000007,-0.4786692525243568,0.0,9998.251879026457,sl,3.450000000000273,6.900000000000546
2025-09-09 11:01:00+00:00,2025-09-09 11:56:00+00:00,3653.3250000000003,3648.535,3648.585,3662.8050000000007,-0.6554525877185975,0.0,9997.596426438738,sl,4.7400000000002365,9.480000000000473
2025-09-09 12:09:00+00:00,2025-09-09 12:38:00+00:00,3654.045,3646.575,3646.625,3668.885,-1.0219092171210251,0.0,9996.574517221617,sl,7.420000000000073,14.840000000000146
2025-09-09 13:03:00+00:00,2025-09-09 13:27:00+00:00,3649.098,3659.214,3644.015,3659.264,1.3856211564640597,0.0,9997.960138378081,tp,5.083000000000084,10.166000000000167
2025-09-09 14:01:00+00:00,2025-09-09 14:03:00+00:00,3670.148,3663.995,3664.045,3682.3540000000003,-0.838078583362889,0.0,9997.122059794718,sl,6.1030000000000655,12.206000000000131
2025-09-09 18:16:00+00:00,2025-09-09 18:38:00+00:00,3644.2450000000003,3641.835,3641.885,3648.9650000000006,-0.3305631778888132,0.0,9996.791496616828,sl,2.3600000000001273,4.720000000000255
2025-09-09 19:04:00+00:00,2025-09-09 19:09:00+00:00,3640.7980000000002,3639.4179999999997,3639.468,3643.458000000001,-0.18945808398786285,0.0,9996.602038532841,sl,1.330000000000382,2.660000000000764
2025-09-10 07:05:00+00:00,2025-09-10 12:52:00+00:00,3646.465,3640.355,3640.405,3658.585,-0.8375130222755042,0.0,9995.764525510565,sl,6.059999999999945,12.11999999999989
2025-09-10 13:32:00+00:00,2025-09-10 14:49:00+00:00,3649.348,3645.685,3645.735,3656.5739999999996,-0.5016579051510751,0.0,9995.262867605414,sl,3.612999999999829,7.225999999999658
2025-09-10 15:14:00+00:00,2025-09-10 15:23:00+00:00,3647.915,3643.7149999999997,3643.765,3656.215,-0.5753986050106084,0.0,9994.687469000402,sl,4.150000000000091,8.300000000000182
2025-09-10 16:53:00+00:00,2025-09-10 17:27:00+00:00,3642.9750000000004,3641.455,3641.505,3645.915000000001,-0.20850987109278785,0.0,9994.47895912931,sl,1.4700000000002547,2.9400000000005093
2025-09-10 17:32:00+00:00,2025-09-10 18:20:00+00:00,3644.415,3648.679,3642.258,3648.7290000000003,0.5846817429097484,0.0,9995.06364087222,tp,2.157000000000153,4.314000000000306
2025-09-10 19:48:00+00:00,2025-09-11 00:14:00+00:00,3638.775,3646.145,3635.065,3646.195,1.012203544231605,0.0,9996.075844416451,tp,3.7100000000000364,7.420000000000073
2025-09-11 07:56:00+00:00,2025-09-11 09:03:00+00:00,3629.895,3623.5049999999997,3623.555,3642.5750000000003,-0.8798453487748874,0.0,9995.195999067677,sl,6.3400000000001455,12.680000000000291
2025-09-11 09:48:00+00:00,2025-09-11 11:39:00+00:00,3621.465,3617.848,3617.898,3628.599,-0.4991436328755031,0.0,9994.696855434802,sl,3.5670000000000073,7.1340000000000146
2025-09-11 12:21:00+00:00,2025-09-11 12:30:00+00:00,3621.025,3617.335,3617.385,3628.305,-0.5092540288530867,0.0,9994.187601405949,sl,3.6399999999998727,7.279999999999745
2025-09-11 15:15:00+00:00,2025-09-12 01:46:00+00:00,3633.8450000000003,3646.4750000000004,3627.505,3646.5250000000005,1.7368185682900372,0.0,9995.924419974239,tp,6.3400000000001455,12.680000000000291
2025-09-12 08:05:00+00:00,2025-09-12 08:10:00+00:00,3649.8050000000003,3647.595,3647.645,3654.125000000001,-0.3026325100676335,0.0,9995.621787464172,sl,2.1600000000003092,4.3200000000006185
2025-09-12 10:02:00+00:00,2025-09-12 12:21:00+00:00,3647.025,3643.555,3643.605,3653.8650000000002,-0.4755219336651547,0.0,9995.146265530506,sl,3.4200000000000728,6.8400000000001455
2025-09-12 13:34:00+00:00,2025-09-12 13:35:00+00:00,3650.898,3648.285,3648.335,3656.0240000000003,-0.3576834684485029,0.0,9994.788582062058,sl,2.563000000000102,5.126000000000204
2025-09-12 13:46:00+00:00,2025-09-12 13:48:00+00:00,3651.208,3646.8579999999997,3646.908,3659.8080000000004,-0.5953828203155447,0.0,9994.193199241741,sl,4.300000000000182,8.600000000000364
2025-09-12 14:20:00+00:00,2025-09-12 14:36:00+00:00,3653.248,3648.9249999999997,3648.975,3661.7940000000003,-0.5913217115334799,0.0,9993.601877530207,sl,4.273000000000138,8.546000000000276
2025-09-12 16:46:00+00:00,2025-09-12 19:33:00+00:00,3647.635,3645.665,3645.715,3651.4750000000004,-0.2698652099063784,0.0,9993.332012320301,sl,1.9200000000000728,3.8400000000001455
2025-09-12 20:58:00+00:00,2025-09-14 22:20:00+00:00,3643.2980000000002,3640.725,3640.775,3648.3440000000005,-0.3528786729455473,0.0,9992.979133647355,sl,2.5230000000001382,5.0460000000002765
2025-09-15 07:34:00+00:00,2025-09-15 12:49:00+00:00,3638.505,3648.527,3633.469,3648.577,1.3762470695713367,0.0,9994.355380716926,tp,5.036000000000058,10.072000000000116
2025-09-15 13:21:00+00:00,2025-09-15 15:23:00+00:00,3652.998,3665.774,3646.585,3665.824,1.7477135813383673,0.0,9996.103094298265,tp,6.413000000000011,12.826000000000022
2025-09-15 17:02:00+00:00,2025-09-16 06:59:00+00:00,3680.8650000000002,3693.6750000000006,3674.435,3693.725000000001,1.7394020242248056,0.0,9997.84249632249,tp,6.430000000000291,12.860000000000582
2025-09-16 09:22:00+00:00,2025-09-16 10:54:00+00:00,3696.1150000000002,3692.765,3692.815,3702.7150000000006,-0.4530807667332317,0.0,9997.389415555757,sl,3.300000000000182,6.600000000000364
2025-09-16 13:22:00+00:00,2025-09-16 13:38:00+00:00,3689.1980000000003,3696.9940000000006,3685.275,3697.044000000001,1.0563223752652398,0.0,9998.445737931022,tp,3.923000000000229,7.846000000000458
2025-09-16 16:16:00+00:00,2025-09-16 23:10:00+00:00,3687.7650000000003,3694.2750000000005,3684.485,3694.3250000000007,0.8825112467027202,0.0,9999.328249177725,tp,3.2800000000002,6.5600000000004
2025-09-17 09:11:00+00:00,2025-09-17 10:10:00+00:00,3666.165,3663.685,3663.735,3671.0249999999996,-0.3382053734346509,0.0,9998.99004380429,sl,2.4299999999998363,4.859999999999673
2025-09-17 11:22:00+00:00,2025-09-17 12:53:00+00:00,3665.985,3678.275,3659.815,3678.3250000000003,1.6760514246287745,0.0,10000.666095228918,tp,6.170000000000073,12.340000000000146
2025-09-17 13:35:00+00:00,2025-09-17 18:00:00+00:00,3679.915,3692.299,3673.698,3692.349,1.6827596415041526,0.0,10002.348854870423,tp,6.217000000000098,12.434000000000196
2025-09-17 18:03:00+00:00,2025-09-17 18:30:00+00:00,3688.898,3678.455,3678.505,3709.684,-1.415795843249311,0.0,10000.933059027173,sl,10.393000000000029,20.786000000000058
2025-09-17 20:29:00+00:00,2025-09-17 22:06:00+00:00,3659.915,3656.145,3656.195,3667.3549999999996,-0.5150873399045096,0.0,10000.417971687268,sl,3.7199999999998,7.4399999999996
2025-09-18 07:05:00+00:00,2025-09-18 07:18:00+00:00,3639.5550000000003,3645.8050000000003,3636.405,3645.8550000000005,0.8586573402935994,0.0,10001.276629027561,tp,3.150000000000091,6.300000000000182
2025-09-18 12:18:00+00:00,2025-09-18 12:30:00+00:00,3668.945,3665.835,3665.885,3675.065,-0.42388166511458997,0.0,10000.852747362447,sl,3.0599999999999454,6.119999999999891
2025-09-18 14:49:00+00:00,2025-09-19 01:51:00+00:00,3646.1850000000004,3634.075,3634.125,3670.305000000001,-1.660781430050382,0.0,9999.191965932398,sl,12.0600000000004,24.1200000000008
2025-09-19 07:01:00+00:00,2025-09-19 07:07:00+00:00,3650.0750000000003,3644.345,3644.395,3661.435000000001,-0.7848519546145952,0.0,9998.407113977783,sl,5.680000000000291,11.360000000000582
2025-09-19 07:49:00+00:00,2025-09-19 08:15:00+00:00,3654.3250000000003,3650.875,3650.925,3661.1250000000005,-0.47196820949458623,0.0,9997.935145768288,sl,3.400000000000091,6.800000000000182
2025-09-19 08:31:00+00:00,2025-09-19 11:31:00+00:00,3654.0950000000003,3649.365,3649.415,3663.455000000001,-0.6470854375637295,0.0,9997.288060330724,sl,4.680000000000291,9.360000000000582
2025-09-19 12:03:00+00:00,2025-09-19 12:50:00+00:00,3650.525,3645.4449999999997,3645.495,3660.5850000000005,-0.6956016373875525,0.0,9996.592458693336,sl,5.0300000000002,10.0600000000004
2025-09-19 13:12:00+00:00,2025-09-19 13:57:00+00:00,3649.855,3662.525,3643.495,3662.5750000000003,1.735093948275278,0.0,9998.327552641611,tp,6.360000000000127,12.720000000000255
2025-09-19 14:54:00+00:00,2025-09-19 17:46:00+00:00,3667.2850000000003,3676.435000000001,3662.685,3676.485000000001,1.2473082553806998,0.0,9999.574860896992,tp,4.600000000000364,9.200000000000728
2025-09-19 17:54:00+00:00,2025-09-22 06:20:00+00:00,3678.665,3701.549,3667.198,3701.599,3.1102352499720265,0.0,10002.685096146964,tp,11.467000000000098,22.934000000000196
2025-09-22 07:30:00+00:00,2025-09-22 09:19:00+00:00,3713.385,3723.335,3708.385,3723.385,1.3401077010148488,0.0,10004.02520384798,tp,5.0,10.0
2025-09-22 12:00:00+00:00,2025-09-22 12:14:00+00:00,3724.5750000000003,3721.4049999999997,3721.455,3730.815000000001,-0.42572320192509716,0.0,10003.599480646055,sl,3.1200000000003456,6.240000000000691
2025-09-22 13:02:00+00:00,2025-09-22 13:47:00+00:00,3723.4750000000004,3713.8779999999997,3713.928,3742.5690000000013,-1.2891793850605524,0.0,10002.310301260994,sl,9.54700000000048,19.09400000000096
2025-09-22 15:09:00+00:00,2025-09-22 15:39:00+00:00,3726.925,3733.835,3723.445,3733.885,0.9272518789848468,0.0,10003.237553139978,tp,3.480000000000018,6.960000000000036
2025-09-22 16:45:00+00:00,2025-09-22 17:40:00+00:00,3739.025,3745.2950000000005,3735.865,3745.3450000000007,0.8387253289051562,0.0,10004.076278468883,tp,3.1600000000003092,6.3200000000006185
2025-09-22 17:54:00+00:00,2025-09-22 18:30:00+00:00,3746.7850000000003,3744.538,3744.588,3751.1790000000005,-0.29997930756265123,0.0,10003.77629916132,sl,2.1970000000001164,4.394000000000233
2025-09-22 18:54:00+00:00,2025-09-22 19:27:00+00:00,3746.585,3744.345,3744.395,3750.965,-0.2990517886304958,0.0,10003.47724737269,sl,2.1900000000000546,4.380000000000109
2025-09-22 19:51:00+00:00,2025-09-22 22:00:00+00:00,3747.585,3745.1549999999997,3745.205,3752.3450000000003,-0.3243215258775791,0.0,10003.152925846813,sl,2.380000000000109,4.760000000000218
2025-09-23 08:16:00+00:00,2025-09-23 08:33:00+00:00,3755.835,3763.9390000000003,3751.758,3763.9890000000005,1.079194790387028,0.0,10004.2321206372,tp,4.0770000000002256,8.154000000000451
2025-09-23 09:23:00+00:00,2025-09-23 09:42:00+00:00,3786.3650000000002,3781.9849999999997,3782.035,3795.025000000001,-0.5786359303500399,0.0,10003.65348470685,sl,4.330000000000382,8.660000000000764
2025-09-23 10:19:00+00:00,2025-09-23 10:29:00+00:00,3786.498,3782.5449999999996,3782.595,3794.3040000000005,-0.5221769855028376,0.0,10003.131307721347,sl,3.9030000000002474,7.806000000000495
2025-09-23 11:24:00+00:00,2025-09-23 12:11:00+00:00,3785.795,3779.4049999999997,3779.455,3798.4750000000004,-0.8442085355432966,0.0,10002.287099185804,sl,6.3400000000001455,12.680000000000291
2025-09-23 13:02:00+00:00,2025-09-23 13:02:00+00:00,3785.665,3783.515,3783.565,3789.865,-0.28403090689813265,0.0,10002.003068278906,sl,2.099999999999909,4.199999999999818
2025-09-23 13:08:00+00:00,2025-09-23 13:20:00+00:00,3785.425,3782.4649999999997,3782.515,3791.245000000001,-0.3910515871019829,0.0,10001.612016691804,sl,2.9100000000003092,5.8200000000006185
2025-09-23 13:40:00+00:00,2025-09-23 13:48:00+00:00,3786.5750000000003,3780.145,3780.195,3799.3350000000005,-0.8491891124212675,0.0,10000.762827579383,sl,6.380000000000109,12.760000000000218
2025-09-23 15:31:00+00:00,2025-09-23 15:47:00+00:00,3780.835,3777.305,3777.355,3787.795,-0.466863705786648,0.0,10000.295963873596,sl,3.480000000000018,6.960000000000036
2025-09-23 17:23:00+00:00,2025-09-23 17:33:00+00:00,3783.348,3779.615,3779.665,3790.714,-0.4933607063524408,0.0,9999.802603167243,sl,3.6829999999999927,7.3659999999999854
2025-09-23 18:32:00+00:00,2025-09-23 18:51:00+00:00,3779.5480000000002,3776.915,3776.965,3784.7140000000004,-0.3483151987240539,0.0,9999.45428796852,sl,2.5830000000000837,5.166000000000167
2025-09-23 19:42:00+00:00,2025-09-24 02:33:00+00:00,3765.369,3751.7549999999997,3751.805,3792.4970000000008,-1.8076922962451794,0.0,9997.646595672275,sl,13.564000000000306,27.12800000000061
2025-09-24 07:05:00+00:00,2025-09-24 08:25:00+00:00,3775.005,3771.4049999999997,3771.455,3782.1050000000005,-0.47670834534555356,0.0,9997.169887326929,sl,3.550000000000182,7.100000000000364
2025-09-24 09:52:00+00:00,2025-09-24 10:19:00+00:00,3768.735,3762.875,3762.925,3780.355,-0.777229170261866,0.0,9996.392658156667,sl,5.809999999999945,11.61999999999989
2025-09-24 11:16:00+00:00,2025-09-24 13:21:00+00:00,3763.855,3772.565,3759.475,3772.6150000000002,1.1566409977608718,0.0,9997.549299154427,tp,4.380000000000109,8.760000000000218
2025-09-24 17:13:00+00:00,2025-09-24 17:26:00+00:00,3738.4950000000003,3734.0249999999996,3734.075,3747.3350000000014,-0.5976876439212487,0.0,9996.951611510505,sl,4.4200000000005275,8.840000000001055
2025-09-24 17:52:00+00:00,2025-09-24 17:58:00+00:00,3734.6150000000002,3732.845,3732.895,3738.0550000000007,-0.23689997968168014,0.0,9996.714711530823,sl,1.7200000000002547,3.4400000000005093
2025-09-24 18:39:00+00:00,2025-09-24 18:49:00+00:00,3730.945,3726.415,3726.465,3739.905,-0.6068853553622022,0.0,9996.107826175461,sl,4.480000000000018,8.960000000000036
2025-09-24 19:54:00+00:00,2025-09-25 08:14:00+00:00,3731.195,3758.8390000000004,3717.348,3758.8890000000006,3.703001380881953,0.0,9999.810827556343,tp,13.847000000000207,27.694000000000415
2025-09-25 09:46:00+00:00,2025-09-25 11:03:00+00:00,3757.165,3750.1549999999997,3750.205,3771.085,-0.9328665882543373,0.0,9998.877960968088,sl,6.960000000000036,13.920000000000073
2025-09-25 11:59:00+00:00,2025-09-25 12:06:00+00:00,3753.5550000000003,3749.9849999999997,3750.035,3760.595000000001,-0.4754958209039465,0.0,9998.402465147185,sl,3.5200000000004366,7.040000000000873
2025-09-25 12:22:00+00:00,2025-09-25 12:30:00+00:00,3754.635,3750.725,3750.775,3762.3550000000005,-0.5206065787850028,0.0,9997.8818585684,sl,3.8600000000001273,7.720000000000255
2025-09-25 14:24:00+00:00,2025-09-25 14:39:00+00:00,3735.065,3725.6549999999997,3725.705,3753.7850000000003,-1.2594167476219524,0.0,9996.622441820778,sl,9.360000000000127,18.720000000000255
2025-09-25 15:43:00+00:00,2025-09-25 18:28:00+00:00,3735.2850000000003,3747.9550000000004,3728.925,3748.0050000000006,1.695415561836245,0.0,9998.317857382615,tp,6.360000000000127,12.720000000000255
2025-09-25 18:36:00+00:00,2025-09-26 03:00:00+00:00,3751.4750000000004,3736.395,3736.445,3781.5350000000008,-2.0095380255677253,0.0,9996.308319357047,sl,15.0300000000002,30.0600000000004
2025-09-26 08:06:00+00:00,2025-09-26 10:40:00+00:00,3750.835,3746.6279999999997,3746.678,3759.1490000000003,-0.5606014274093428,0.0,9995.747717929638,sl,4.157000000000153,8.314000000000306
2025-09-26 11:03:00+00:00,2025-09-26 11:36:00+00:00,3745.7980000000002,3751.8340000000003,3742.755,3751.8840000000005,0.8053602092988448,0.0,9996.553078138937,tp,3.04300000000012,6.08600000000024
2025-09-26 12:32:00+00:00,2025-09-26 12:43:00+00:00,3756.0750000000003,3749.375,3749.425,3769.3750000000005,-0.8915810470176129,0.0,9995.66149709192,sl,6.650000000000091,13.300000000000182
2025-09-26 14:01:00+00:00,2025-09-29 00:46:00+00:00,3763.9750000000004,3785.719000000001,3753.078,3785.769000000001,2.887182614028688,0.0,9998.54867970595,tp,10.89700000000039,21.79400000000078
2025-09-29 07:12:00+00:00,2025-09-29 07:27:00+00:00,3817.795,3813.1749999999997,3813.225,3826.9350000000004,-0.6049734846979073,0.0,9997.943706221251,sl,4.570000000000164,9.140000000000327
2025-09-29 08:47:00+00:00,2025-09-29 09:47:00+00:00,3816.9750000000004,3808.048,3808.098,3834.729000000001,-1.1691410536543074,0.0,9996.774565167596,sl,8.877000000000407,17.754000000000815
2025-09-29 10:39:00+00:00,2025-09-30 01:01:00+00:00,3818.125,3841.8149999999996,3806.255,3841.865,3.1013074408095123,0.0,9999.875872608405,tp,11.86999999999989,23.73999999999978
2025-09-30 11:32:00+00:00,2025-09-30 13:47:00+00:00,3811.735,3826.645,3804.255,3826.695,1.9557780021511182,0.0,10001.831650610557,tp,7.480000000000018,14.960000000000036
2025-09-30 14:06:00+00:00,2025-09-30 19:39:00+00:00,3831.635,3854.9450000000006,3819.955,3854.995000000001,3.042339572737696,0.0,10004.873990183294,tp,11.680000000000291,23.360000000000582
2025-09-30 19:50:00+00:00,2025-10-01 02:04:00+00:00,3854.898,3870.754,3846.945,3870.804,2.057606738081578,0.0,10006.931596921375,tp,7.9529999999999745,15.905999999999949
2025-10-01 07:50:00+00:00,2025-10-01 08:11:00+00:00,3874.248,3886.5840000000003,3868.055,3886.6340000000005,1.593154441579688,0.0,10008.524751362955,tp,6.193000000000211,12.386000000000422
2025-10-01 11:58:00+00:00,2025-10-01 12:15:00+00:00,3884.065,3890.5350000000003,3880.805,3890.5850000000005,0.8336003020201884,0.0,10009.358351664974,tp,3.2600000000002183,6.520000000000437
2025-10-01 13:31:00+00:00,2025-10-01 14:47:00+00:00,3873.3650000000002,3865.285,3865.335,3889.4250000000006,-1.043996828099815,0.0,10008.314354836873,sl,8.0300000000002,16.0600000000004
2025-10-01 15:43:00+00:00,2025-10-01 18:00:00+00:00,3865.098,3859.4979999999996,3859.548,3876.1980000000003,-0.7250341438572857,0.0,10007.589320693016,sl,5.550000000000182,11.100000000000364
2025-10-01 18:32:00+00:00,2025-10-02 01:00:00+00:00,3865.385,3854.835,3854.885,3886.385,-1.3657121778724906,0.0,10006.223608515143,sl,10.5,21.0
2025-10-02 07:50:00+00:00,2025-10-02 10:21:00+00:00,3868.025,3880.989,3861.518,3881.039,1.6768335631335078,0.0,10007.900442078277,tp,6.507000000000062,13.014000000000124
2025-10-02 11:40:00+00:00,2025-10-02 12:08:00+00:00,3885.1850000000004,3891.675000000001,3881.915,3891.7250000000013,0.8358839266224766,0.0,10008.736326004899,tp,3.2700000000004366,6.540000000000873
2025-10-02 13:04:00+00:00,2025-10-02 13:48:00+00:00,3889.8250000000003,3880.395,3880.445,3908.5850000000005,-1.2131957550047767,0.0,10007.523130249894,sl,9.38000000000011,18.76000000000022
2025-10-02 16:48:00+00:00,2025-10-03 07:42:00+00:00,3845.0480000000002,3864.704,3835.195,3864.7540000000004,2.5579378287109993,0.0,10010.081068078605,tp,9.853000000000065,19.70600000000013
2025-10-03 10:39:00+00:00,2025-10-03 11:14:00+00:00,3864.098,3862.2149999999997,3862.265,3867.764,-0.24389886916939835,0.0,10009.837169209435,sl,1.8330000000000837,3.6660000000001673
2025-10-03 12:33:00+00:00,2025-10-03 13:22:00+00:00,3867.268,3881.084,3860.335,3881.134,1.7880311156324777,0.0,10011.625200325068,tp,6.932999999999993,13.865999999999985
2025-10-03 13:48:00+00:00,2025-10-03 14:09:00+00:00,3885.8250000000003,3872.5649999999996,3872.615,3912.2450000000013,-1.70818487909668,0.0,10009.917015445972,sl,13.210000000000491,26.420000000000982
2025-10-03 14:50:00+00:00,2025-10-05 22:59:00+00:00,3880.2850000000003,3896.5550000000007,3872.125,3896.605000000001,2.098574587192826,0.0,10012.015590033165,tp,8.16000000000031,16.32000000000062
2025-10-06 07:08:00+00:00,2025-10-06 07:21:00+00:00,3935.335,3930.515,3930.565,3944.875,-0.6131360499673026,0.0,10011.402453983197,sl,4.769999999999982,9.539999999999964
2025-10-06 07:48:00+00:00,2025-10-06 08:05:00+00:00,3936.5750000000003,3946.945000000001,3931.365,3946.9950000000013,1.3186366758897488,0.0,10012.721090659086,tp,5.210000000000491,10.420000000000982
2025-10-06 10:36:00+00:00,2025-10-06 11:09:00+00:00,3942.1150000000002,3938.165,3938.215,3949.9150000000004,-0.5016374244296035,0.0,10012.219453234657,sl,3.900000000000091,7.800000000000182
2025-10-06 11:56:00+00:00,2025-10-06 12:02:00+00:00,3937.915,3934.055,3934.105,3945.535,-0.4907059584765929,0.0,10011.72874727618,sl,3.8099999999999454,7.619999999999891
2025-10-06 12:15:00+00:00,2025-10-06 12:20:00+00:00,3939.808,3933.325,3933.375,3952.674,-0.8237208192454204,0.0,10010.905026456934,sl,6.432999999999993,12.865999999999985
2025-10-06 13:38:00+00:00,2025-10-06 14:03:00+00:00,3937.4080000000004,3948.3780000000006,3931.898,3948.428000000001,1.3945675446922838,0.0,10012.299594001626,tp,5.510000000000218,11.020000000000437
2025-10-06 14:34:00+00:00,2025-10-06 22:25:00+00:00,3954.0750000000003,3973.3450000000007,3944.415,3973.395000000001,2.439723742928696,0.0,10014.739317744556,tp,9.66000000000031,19.32000000000062
2025-10-07 07:31:00+00:00,2025-10-07 07:58:00+00:00,3952.1780000000003,3943.6349999999998,3943.685,3969.164000000001,-1.0823894823499536,0.0,10013.656928262206,sl,8.493000000000393,16.986000000000786
2025-10-07 08:16:00+00:00,2025-10-07 11:39:00+00:00,3948.385,3963.7350000000006,3940.685,3963.7850000000008,1.9464874100274987,0.0,10015.603415672233,tp,7.700000000000273,15.400000000000546
2025-10-07 12:01:00+00:00,2025-10-07 12:55:00+00:00,3967.885,3978.5350000000008,3962.535,3978.585000000001,1.3441187985150116,0.0,10016.947534470748,tp,5.350000000000364,10.700000000000728
2025-10-07 15:01:00+00:00,2025-10-07 15:07:00+00:00,3987.135,3978.975,3979.025,4003.3550000000005,-1.0250253864151126,0.0,10015.922509084332,sl,8.110000000000127,16.220000000000255
2025-10-07 16:35:00+00:00,2025-10-07 23:50:00+00:00,3973.8050000000003,3995.6950000000006,3962.835,3995.745000000001,2.7586726540917246,0.0,10018.681181738424,tp,10.970000000000255,21.94000000000051
2025-10-08 07:03:00+00:00,2025-10-08 09:46:00+00:00,4033.2850000000003,4042.815000000001,4028.495,4042.865000000001,1.1836261467014324,0.0,10019.864807885126,tp,4.790000000000418,9.580000000000837
2025-10-08 11:41:00+00:00,2025-10-08 12:09:00+00:00,4037.065,4045.1150000000002,4033.015,4045.1650000000004,0.9989919867958169,0.0,10020.863799871922,tp,4.050000000000182,8.100000000000364
2025-10-08 13:58:00+00:00,2025-10-08 16:11:00+00:00,4036.395,4054.185,4027.475,4054.235,2.2082968465638415,0.0,10023.072096718486,tp,8.920000000000073,17.840000000000146
2025-10-08 19:01:00+00:00,2025-10-08 19:06:00+00:00,4051.335,4048.098,4048.148,4057.709,-0.4004196687891589,0.0,10022.671677049697,sl,3.186999999999898,6.373999999999796
2025-10-09 07:47:00+00:00,2025-10-09 10:57:00+00:00,4031.898,4042.374,4026.635,4042.424,1.3020853762764981,0.0,10023.973762425974,tp,5.26299999999992,10.52599999999984
2025-10-09 12:38:00+00:00,2025-10-09 12:54:00+00:00,4042.835,4049.245,4039.605,4049.295,0.7946610709706065,0.0,10024.768423496946,tp,3.230000000000018,6.460000000000036
2025-10-09 18:14:00+00:00,2025-10-10 09:43:00+00:00,3963.7450000000003,4001.615000000001,3944.785,4001.6650000000013,4.788879963239781,0.0,10029.557303460186,tp,18.96000000000049,37.92000000000098
2025-10-10 13:20:00+00:00,2025-10-10 13:56:00+00:00,3988.898,3979.1949999999997,3979.245,4008.2040000000006,-1.2198456129422022,0.0,10028.337457847243,sl,9.653000000000247,19.306000000000495
2025-10-10 14:32:00+00:00,2025-10-10 15:30:00+00:00,3987.315,4020.9249999999997,3970.485,4020.975,4.226558748910515,0.0,10032.564016596154,tp,16.829999999999927,33.659999999999854
2025-10-10 15:36:00+00:00,2025-10-10 15:45:00+00:00,4015.708,4002.9249999999997,4002.975,4041.1740000000004,-1.5968076591245208,0.0,10030.967208937029,sl,12.733000000000175,25.46600000000035
2025-10-10 17:36:00+00:00,2025-10-10 19:44:00+00:00,3988.5480000000002,4015.904000000001,3974.845,4015.954000000001,3.439937778957256,0.0,10034.407146715987,tp,13.70300000000043,27.40600000000086
2025-10-10 19:56:00+00:00,2025-10-10 19:59:00+00:00,4019.5950000000003,4011.4049999999997,4011.455,4035.875000000001,-1.0222646128728023,0.0,10033.384882103113,sl,8.140000000000327,16.280000000000655
2025-10-10 20:51:00+00:00,2025-10-12 22:00:00+00:00,4013.5350000000003,4007.515,4007.565,4025.475000000001,-0.7524660553634779,0.0,10032.63241604775,sl,5.970000000000255,11.94000000000051
2025-10-13 07:14:00+00:00,2025-10-13 10:50:00+00:00,4071.2980000000002,4081.5540000000005,4066.145,4081.6040000000007,1.263659379133987,0.0,10033.896075426885,tp,5.153000000000247,10.306000000000495
2025-10-13 12:20:00+00:00,2025-10-13 13:15:00+00:00,4078.045,4088.1549999999997,4072.965,4088.205,1.2437661835826055,0.0,10035.139841610468,tp,5.079999999999927,10.159999999999854
2025-10-13 13:25:00+00:00,2025-10-13 16:15:00+00:00,4090.905,4116.595,4078.035,4116.645,3.1509255596374572,0.0,10038.290767170105,tp,12.870000000000346,25.740000000000236
2025-10-13 16:49:00+00:00,2025-10-13 19:05:00+00:00,4112.265,4097.335,4097.385,4142.025000000001,-1.8222522278337192,0.0,10036.468514942271,sl,14.88000000000011,29.76000000000022
2025-10-13 19:54:00+00:00,2025-10-13 23:34:00+00:00,4108.505,4121.735000000001,4101.865,4121.785000000001,1.6159464142393765,0.0,10038.084461356511,tp,6.640000000000327,13.280000000000655
2025-10-14 09:32:00+00:00,2025-10-14 09:36:00+00:00,4142.448,4137.815,4137.865,4151.614000000001,-0.5613401219456701,0.0,10037.523121234566,sl,4.583000000000538,9.166000000001077
2025-10-14 12:01:00+00:00,2025-10-14 12:21:00+00:00,4131.525000000001,4125.519,4125.569,4143.437000000001,-0.7295776240751047,0.0,10036.79354361049,sl,5.956000000000131,11.912000000000262
2025-10-14 13:41:00+00:00,2025-10-14 22:13:00+00:00,4121.898,4156.0740000000005,4104.785,4156.124000000001,4.160916356329487,0.0,10040.95445996682,tp,17.113000000000284,34.22600000000057
2025-10-15 07:32:00+00:00,2025-10-15 07:38:00+00:00,4200.8550000000005,4207.285000000002,4197.615,4207.335000000002,0.7684547214507369,0.0,10041.722914688271,tp,3.240000000000691,6.480000000001382
2025-10-15 07:56:00+00:00,2025-10-15 09:15:00+00:00,4208.465,4197.565,4197.615,4230.165000000001,-1.3004121427896824,0.0,10040.422502545482,sl,10.850000000000364,21.700000000000728
2025-10-15 10:09:00+00:00,2025-10-15 10:43:00+00:00,4196.395,4190.955,4191.005,4207.175000000001,-0.6507954853374448,0.0,10039.771707060145,sl,5.390000000000327,10.780000000000655
2025-10-15 11:28:00+00:00,2025-10-15 11:32:00+00:00,4202.955,4198.925,4198.975,4210.914999999999,-0.48133134877068423,0.0,10039.290375711375,sl,3.9799999999995634,7.959999999999127
2025-10-15 11:41:00+00:00,2025-10-15 11:44:00+00:00,4203.475,4197.465,4197.515,4215.395,-0.7176935173639376,0.0,10038.57268219401,sl,5.960000000000036,11.920000000000073
2025-10-15 12:58:00+00:00,2025-10-15 14:12:00+00:00,4190.755,4210.225,4180.995,4210.275000000001,2.331930763338825,0.0,10040.904612957349,tp,9.760000000000218,19.520000000000437
2025-10-15 18:54:00+00:00,2025-10-15 19:18:00+00:00,4199.688,4207.338000000001,4195.838,4207.388000000001,0.9145074620915792,0.0,10041.81912041944,tp,3.850000000000364,7.700000000000728
2025-10-15 19:33:00+00:00,2025-10-15 19:37:00+00:00,4211.785,4208.105,4208.155,4219.045,-0.43869635277140767,0.0,10041.380424066669,sl,3.630000000000109,7.260000000000218
2025-10-16 08:02:00+00:00,2025-10-16 09:26:00+00:00,4234.195000000001,4226.498,4226.548,4249.489000000002,-0.9126705917423672,0.0,10040.467753474926,sl,7.647000000000844,15.294000000001688
2025-10-16 10:45:00+00:00,2025-10-16 12:36:00+00:00,4239.098,4249.553999999999,4233.845,4249.603999999999,1.238272043136606,0.0,10041.706025518062,tp,5.252999999999702,10.505999999999403
2025-10-16 13:42:00+00:00,2025-10-16 13:56:00+00:00,4256.205,4244.947999999999,4244.998,4278.619000000001,-1.3279375021793125,0.0,10040.378088015883,sl,11.207000000000335,22.41400000000067
2025-10-16 14:32:00+00:00,2025-10-16 14:46:00+00:00,4265.8150000000005,4255.215,4255.265,4286.915000000001,-1.2474522187784984,0.0,10039.130635797104,sl,10.550000000000182,21.100000000000364
2025-10-16 15:06:00+00:00,2025-10-16 16:18:00+00:00,4265.148,4287.784,4253.805,4287.834,2.663984474535214,0.0,10041.79462027164,tp,11.342999999999847,22.685999999999694
2025-10-16 17:14:00+00:00,2025-10-16 20:48:00+00:00,4288.939,4323.497,4271.635,4323.5470000000005,4.045573258180488,0.0,10045.84019352982,tp,17.304000000000087,34.608000000000175
2025-10-17 18:04:00+00:00,2025-10-17 19:19:00+00:00,4229.085,4217.197999999999,4217.248,4252.759000000001,-1.4118290644488733,0.0,10044.428364465371,sl,11.837000000000444,23.674000000000888
2025-10-17 19:32:00+00:00,2025-10-19 22:03:00+00:00,4228.695000000001,4261.265000000001,4212.385,4261.315000000001,3.8681795663986565,0.0,10048.29654403177,tp,16.3100000000004,32.6200000000008
2025-10-20 07:08:00+00:00,2025-10-20 11:57:00+00:00,4243.338,4270.048,4229.958,4270.098,3.1624867108287034,0.0,10051.459030742599,tp,13.38000000000011,26.76000000000022
2025-10-20 12:13:00+00:00,2025-10-20 12:24:00+00:00,4281.055,4298.405000000002,4272.355,4298.455000000002,2.0367971701297565,0.0,10053.495827912728,tp,8.700000000000728,17.400000000001455
2025-10-20 12:34:00+00:00,2025-10-20 19:50:00+00:00,4305.8150000000005,4372.685000000002,4272.355,4372.735000000002,7.806620419276505,0.0,10061.302448332004,tp,33.460000000000946,66.92000000000189
2025-10-21 13:38:00+00:00,2025-10-21 13:47:00+00:00,4221.235000000001,4190.974999999999,4191.025,4281.6550000000025,-3.6062314948887915,0.0,10057.696216837116,sl,30.210000000000946,60.42000000000189
2025-10-21 16:54:00+00:00,2025-10-21 17:27:00+00:00,4124.915,4100.255,4100.305,4174.134999999999,-3.006398782850093,0.0,10054.689818054265,sl,24.609999999999673,49.219999999999345
2025-10-21 18:33:00+00:00,2025-10-21 18:45:00+00:00,4120.415,4111.485,4111.535,4138.175,-1.0895550578670778,0.0,10053.600262996397,sl,8.88000000000011,17.76000000000022
2025-10-21 19:01:00+00:00,2025-10-21 19:14:00+00:00,4118.215,4106.125,4106.175,4142.295,-1.4757367837719484,0.0,10052.124526212625,sl,12.039999999999964,24.079999999999927
2025-10-21 20:03:00+00:00,2025-10-21 23:55:00+00:00,4114.875,4101.195,4101.245,4142.135,-1.6709263770903324,0.0,10050.453599835535,sl,13.63000000000011,27.26000000000022
2025-10-22 10:25:00+00:00,2025-10-22 10:38:00+00:00,4079.605,4062.5049999999997,4062.555,4113.705,-2.1063651573766493,0.0,10048.347234678158,sl,17.050000000000182,34.09999999999991
2025-10-22 11:49:00+00:00,2025-10-22 13:04:00+00:00,4031.065,4063.6290000000004,4014.758,4063.6790000000005,4.05865918001896,0.0,10052.405893858177,tp,16.307000000000244,32.61400000000049
2025-10-22 13:08:00+00:00,2025-10-22 14:45:00+00:00,4057.815,4022.595,4022.645,4128.155000000001,-4.362516965185544,0.0,10048.04337689299,sl,35.17000000000007,70.3400000000006
2025-10-22 15:57:00+00:00,2025-10-22 16:12:00+00:00,4045.848,4022.915,4022.965,4091.6139999999996,-2.84775625236399,0.0,10045.195620640627,sl,22.88299999999981,45.76599999999962
2025-10-22 16:28:00+00:00,2025-10-22 19:03:00+00:00,4043.505,4084.5550000000003,4022.955,4084.6050000000005,5.098983186954134,0.0,10050.29460382758,tp,20.550000000000182,41.100000000000364
2025-10-22 19:23:00+00:00,2025-10-23 00:21:00+00:00,4093.9750000000004,4074.0049999999997,4074.055,4133.815000000001,-2.4512165223095392,0.0,10047.84338730527,sl,19.920000000000528,39.840000000001055
2025-10-23 08:05:00+00:00,2025-10-23 13:18:00+00:00,4108.3550000000005,4137.919000000002,4093.548,4137.969000000002,3.6152479751908637,0.0,10051.458635280462,tp,14.807000000000698,29.614000000001397
2025-10-23 14:08:00+00:00,2025-10-23 14:15:00+00:00,4151.795,4140.175,4140.225,4174.9349999999995,-1.4065958138824035,0.0,10050.05203946658,sl,11.569999999999709,23.139999999999418
2025-10-23 14:48:00+00:00,2025-10-23 16:20:00+00:00,4148.898,4135.755,4135.805,4175.084,-1.59184238748108,0.0,10048.460197079099,sl,13.092999999999847,26.185999999999694
2025-10-23 17:55:00+00:00,2025-10-23 19:21:00+00:00,4136.655,4129.775,4129.825,4150.315,-0.8356196752678832,0.0,10047.62457740383,sl,6.829999999999927,13.659999999999854
2025-10-23 20:42:00+00:00,2025-10-23 23:32:00+00:00,4116.625,4107.195,4107.245,4135.385,-1.1508104304487419,0.0,10046.473766973382,sl,9.38000000000011,18.76000000000022
2025-10-24 08:48:00+00:00,2025-10-24 11:02:00+00:00,4065.505,4050.2949999999996,4050.345,4095.8250000000007,-1.8793097781907793,0.0,10044.594457195191,sl,15.16000000000031,30.32000000000062
2025-10-24 11:47:00+00:00,2025-10-24 12:30:00+00:00,4062.175,4077.6050000000005,4054.435,4077.6550000000007,1.9076983694021643,0.0,10046.502155564593,tp,7.7400000000002365,15.480000000000473
2025-10-24 13:02:00+00:00,2025-10-24 13:07:00+00:00,4084.2050000000004,4104.8870000000015,4073.839,4104.937000000002,2.5437234122846246,0.0,10049.045878976876,tp,10.36600000000044,20.732000000001335
2025-10-24 14:41:00+00:00,2025-10-24 14:52:00+00:00,4130.035,4119.155,4119.205,4151.695,-1.3236403464288986,0.0,10047.722238630447,sl,10.829999999999927,21.659999999999854
2025-10-24 15:22:00+00:00,2025-10-24 17:42:00+00:00,4124.485000000001,4114.8949999999995,4114.945,4143.565000000002,-1.1681174288241634,0.0,10046.554121201623,sl,9.540000000000873,19.080000000001746
2025-10-24 18:35:00+00:00,2025-10-24 20:01:00+00:00,4111.155,4101.705,4101.755,4129.954999999999,-1.1546625759105837,0.0,10045.399458625712,sl,9.399999999999636,18.799999999999272
2025-10-24 20:32:00+00:00,2025-10-24 20:51:00+00:00,4103.035,4113.284999999999,4097.885,4113.334999999999,1.2547461141679808,0.0,10046.65420473988,tp,5.149999999999636,10.299999999999272
2025-10-27 08:16:00+00:00,2025-10-27 08:21:00+00:00,4068.9350000000004,4063.435,4063.485,4079.835000000001,-0.6790056627357515,0.0,10045.975199077144,sl,5.450000000000273,10.900000000000546
2025-10-27 09:37:00+00:00,2025-10-27 10:29:00+00:00,4048.915,4035.355,4035.405,4075.9349999999995,-1.682221332128305,0.0,10044.292977745015,sl,13.509999999999764,27.019999999999527
2025-10-27 10:38:00+00:00,2025-10-27 11:10:00+00:00,4045.275,4028.605,4028.655,4078.515,-2.06955477611547,0.0,10042.2234229689,sl,16.61999999999989,33.23999999999978
2025-10-27 12:03:00+00:00,2025-10-27 13:32:00+00:00,4034.2050000000004,4021.415,4021.465,4059.685000000001,-1.59188783886511,0.0,10040.631535130035,sl,12.740000000000236,25.480000000000473
2025-10-27 16:01:00+00:00,2025-10-27 20:52:00+00:00,3991.665,3979.085,3979.135,4016.7249999999995,-1.5821861893712912,0.0,10039.049348940664,sl,12.529999999999745,25.05999999999949
2025-10-28 07:14:00+00:00,2025-10-28 07:18:00+00:00,3947.445,3935.935,3935.985,3970.3650000000002,-1.4635980742772758,0.0,10037.585750866387,sl,11.460000000000036,22.920000000000073
2025-10-28 09:45:00+00:00,2025-10-28 09:55:00+00:00,3909.735,3898.8149999999996,3898.865,3931.475000000001,-1.4017629890448615,0.0,10036.183987877343,sl,10.870000000000346,21.74000000000069
2025-10-28 10:27:00+00:00,2025-10-28 10:49:00+00:00,3907.605,3923.0350000000003,3899.865,3923.0850000000005,1.9814991399201087,0.0,10038.165487017262,tp,7.7400000000002365,15.480000000000473
2025-10-28 11:31:00+00:00,2025-10-28 12:49:00+00:00,3921.0750000000003,3910.575,3910.625,3941.975000000001,-1.344028584172527,0.0,10036.821458433089,sl,10.450000000000273,20.900000000000546
2025-10-28 13:05:00+00:00,2025-10-29 00:36:00+00:00,3927.6150000000002,3972.1250000000005,3905.335,3972.1750000000006,5.687152675540486,0.0,10042.50861110863,tp,22.2800000000002,44.5600000000004
2025-10-29 07:55:00+00:00,2025-10-29 08:30:00+00:00,3997.9950000000003,4011.825000000001,3991.055,4011.8750000000014,1.7369693320231858,0.0,10044.245580440653,tp,6.940000000000509,13.880000000001019
2025-10-29 08:46:00+00:00,2025-10-29 09:49:00+00:00,4013.925,4027.8150000000005,4006.955,4027.8650000000007,1.737882136715608,0.0,10045.98346257737,tp,6.970000000000255,13.94000000000051
2025-10-29 10:47:00+00:00,2025-10-29 11:15:00+00:00,4029.268,4020.8849999999998,4020.935,4045.934,-1.0450468840343798,0.0,10044.938415693336,sl,8.333000000000084,16.666000000000167
2025-10-29 12:11:00+00:00,2025-10-29 13:13:00+00:00,4020.145,4013.265,4013.315,4033.805,-0.8595358662432729,0.0,10044.078879827093,sl,6.829999999999927,13.659999999999854
2025-10-29 13:55:00+00:00,2025-10-29 15:27:00+00:00,4010.6980000000003,4002.3379999999997,4002.388,4027.318000000001,-1.0468065588004922,0.0,10043.032073268292,sl,8.3100000000004,16.6200000000008
2025-10-29 18:03:00+00:00,2025-10-29 18:05:00+00:00,3998.275,3991.0049999999997,3991.055,4012.7150000000006,-0.9130542943227374,0.0,10042.11901897397,sl,7.220000000000255,14.44000000000051
2025-10-29 20:25:00+00:00,2025-10-29 20:47:00+00:00,3951.8250000000003,3932.035,3932.085,3991.3050000000007,-2.514452631195702,0.0,10039.604566342774,sl,19.740000000000236,39.48000000000047
2025-10-30 08:13:00+00:00,2025-10-30 09:03:00+00:00,3966.9750000000004,3989.585000000001,3955.645,3989.635000000001,2.8610649077069548,0.0,10042.465631250481,tp,11.330000000000382,22.660000000000764
2025-10-30 12:03:00+00:00,2025-10-30 12:29:00+00:00,3980.1850000000004,3970.9449999999997,3970.995,3998.5650000000014,-1.1656792640638736,0.0,10041.299951986417,sl,9.19000000000051,18.38000000000102
2025-10-30 13:05:00+00:00,2025-10-30 13:30:00+00:00,3974.4550000000004,3966.705,3966.755,3989.855000000001,-0.9790030913408163,0.0,10040.320948895076,sl,7.700000000000273,15.400000000000546
2025-10-30 13:33:00+00:00,2025-10-30 17:46:00+00:00,3978.4750000000004,4015.465000000001,3959.955,4015.5150000000012,4.667510439296914,0.0,10044.988459334372,tp,18.520000000000437,37.04000000000087
2025-10-30 18:21:00+00:00,2025-10-30 18:36:00+00:00,4007.5480000000002,4016.198000000001,4003.198,4016.248000000001,1.0840687394542472,0.0,10046.072528073826,tp,4.350000000000364,8.700000000000728
2025-10-30 19:01:00+00:00,2025-10-30 22:52:00+00:00,4017.699,4039.051,4006.998,4039.101,2.6694849541918266,0.0,10048.742013028017,tp,10.701000000000022,21.402000000000044
2025-10-31 07:04:00+00:00,2025-10-31 08:06:00+00:00,4011.965,4025.6550000000007,4005.095,4025.705000000001,1.7144625907548878,0.0,10050.456475618772,tp,6.870000000000346,13.740000000000691
2025-10-31 09:38:00+00:00,2025-10-31 12:22:00+00:00,4005.6150000000002,4017.9650000000006,3999.415,4018.015000000001,1.5493642982899691,0.0,10052.005839917061,tp,6.200000000000273,12.400000000000546
2025-10-31 12:40:00+00:00,2025-10-31 13:39:00+00:00,4025.915,4016.115,4016.165,4045.415,-1.2234443254662484,0.0,10050.782395591596,sl,9.75,19.5
2025-10-31 14:03:00+00:00,2025-10-31 15:04:00+00:00,4023.735,4009.935,4009.985,4051.235,-1.7235329495998846,0.0,10049.058862641996,sl,13.75,27.5
2025-10-31 15:34:00+00:00,2025-10-31 15:45:00+00:00,4019.4950000000003,4014.845,4014.895,4028.695000000001,-0.5812685886074092,0.0,10048.47759405339,sl,4.600000000000364,9.200000000000728
2025-10-31 17:08:00+00:00,2025-10-31 18:17:00+00:00,3988.3680000000004,4007.7840000000006,3978.635,4007.8340000000007,2.4458781256662157,0.0,10050.923472179054,tp,9.733000000000175,19.46600000000035
2025-10-31 19:59:00+00:00,2025-11-02 23:00:00+00:00,4000.885,3994.475,3994.525,4013.6050000000005,-0.8051521033055293,0.0,10050.11832007575,sl,6.360000000000127,12.720000000000255
2025-11-03 07:02:00+00:00,2025-11-03 07:17:00+00:00,4020.978,4013.975,4014.025,4034.884,-0.8751723908398907,0.0,10049.24314768491,sl,6.9529999999999745,13.905999999999949
2025-11-03 07:37:00+00:00,2025-11-03 08:25:00+00:00,4021.898,4013.225,4013.275,4039.1440000000002,-1.083531778029596,0.0,10048.159615906881,sl,8.623000000000047,17.246000000000095
2025-11-03 10:29:00+00:00,2025-11-03 10:32:00+00:00,3999.125,3994.1349999999998,3994.185,4009.005,-0.6268910884678238,0.0,10047.532724818413,sl,4.940000000000055,9.88000000000011
2025-11-03 11:12:00+00:00,2025-11-03 13:02:00+00:00,4001.175,4015.2790000000005,3994.098,4015.3290000000006,1.77085982931066,0.0,10049.303584647723,tp,7.0770000000002256,14.154000000000451
2025-11-03 15:01:00+00:00,2025-11-03 16:16:00+00:00,4026.0480000000002,4001.365,4001.415,4075.3140000000008,-3.0805266154286315,0.0,10046.223058032294,sl,24.633000000000266,49.26600000000053
2025-11-03 17:21:00+00:00,2025-11-03 18:09:00+00:00,4011.025,4003.165,4003.215,4026.645,-0.9843283604083134,0.0,10045.238729671886,sl,7.809999999999945,15.61999999999989
2025-11-03 19:50:00+00:00,2025-11-03 20:02:00+00:00,4003.145,4008.395,4000.495,4008.445,0.6587008880614792,0.0,10045.897430559948,tp,2.650000000000091,5.300000000000182
2025-11-03 20:52:00+00:00,2025-11-03 21:08:00+00:00,4010.4350000000004,4006.865,4006.915,4017.4750000000013,-0.44713171796956225,0.0,10045.450298841979,sl,3.5200000000004366,7.040000000000873
2025-11-04 08:05:00+00:00,2025-11-04 08:13:00+00:00,3997.545,3992.4649999999997,3992.515,4007.6050000000005,-0.6382778369989717,0.0,10044.81202100498,sl,5.0300000000002,10.0600000000004
2025-11-04 08:28:00+00:00,2025-11-04 09:08:00+00:00,3999.465,3992.298,3992.348,4013.6990000000005,-0.9000099732657546,0.0,10043.912011031714,sl,7.117000000000189,14.234000000000378
2025-11-04 09:34:00+00:00,2025-11-04 09:56:00+00:00,3994.7250000000004,3990.9579999999996,3991.008,4002.1590000000015,-0.4735672235956649,0.0,10043.438443808118,sl,3.717000000000553,7.434000000001106
2025-11-04 13:12:00+00:00,2025-11-04 13:27:00+00:00,3993.848,3983.415,3983.465,4014.6139999999996,-1.311807475951138,0.0,10042.126636332167,sl,10.38299999999981,20.76599999999962
2025-11-04 15:33:00+00:00,2025-11-04 18:35:00+00:00,3953.875,3940.955,3941.005,3979.615,-1.6407230393147525,0.0,10040.485913292852,sl,12.86999999999989,25.73999999999978
2025-11-04 19:13:00+00:00,2025-11-04 20:03:00+00:00,3942.355,3934.355,3934.405,3958.2549999999997,-1.018729760591611,0.0,10039.46718353226,sl,7.949999999999818,15.899999999999636
2025-11-04 20:28:00+00:00,2025-11-04 21:26:00+00:00,3936.3250000000003,3931.615,3931.665,3945.645000000001,-0.6006349886561942,0.0,10038.866548543605,sl,4.660000000000309,9.320000000000618
2025-11-05 07:35:00+00:00,2025-11-05 08:05:00+00:00,3967.945,3976.815,3963.485,3976.8650000000002,1.1220511661021093,0.0,10039.988599709706,tp,4.460000000000036,8.920000000000073
2025-11-05 08:39:00+00:00,2025-11-05 09:00:00+00:00,3984.9950000000003,3978.165,3978.215,3998.5550000000007,-0.8603915705794,0.0,10039.128208139127,sl,6.7800000000002,13.5600000000004
2025-11-05 09:56:00+00:00,2025-11-05 10:01:00+00:00,3972.215,3968.765,3968.815,3979.0150000000003,-0.43596573093453816,0.0,10038.692242408193,sl,3.400000000000091,6.800000000000182
2025-11-05 12:17:00+00:00,2025-11-05 13:10:00+00:00,3965.835,3973.5649999999996,3961.945,3973.615,0.9783449265263299,0.0,10039.67058733472,tp,3.8899999999998727,7.779999999999745
2025-11-05 13:54:00+00:00,2025-11-05 14:49:00+00:00,3977.4950000000003,3970.825,3970.875,3990.735000000001,-0.8417936768937216,0.0,10038.828793657827,sl,6.620000000000346,13.240000000000691
2025-11-05 16:46:00+00:00,2025-11-05 23:00:00+00:00,3984.145,3977.225,3977.275,3997.8849999999998,-0.8718143447604555,0.0,10037.956979313067,sl,6.869999999999891,13.739999999999782
2025-11-06 07:17:00+00:00,2025-11-06 15:03:00+00:00,4000.2850000000003,3981.9849999999997,3982.035,4036.785000000001,-2.2960190676593726,0.0,10035.660960245408,sl,18.250000000000455,36.50000000000091
2025-11-06 16:54:00+00:00,2025-11-06 17:16:00+00:00,3982.895,3976.185,3976.235,3996.2149999999997,-0.8453560167070316,0.0,10034.815604228701,sl,6.6599999999998545,13.319999999999709
2025-11-06 18:41:00+00:00,2025-11-06 20:45:00+00:00,3989.7050000000004,3981.6349999999998,3981.685,4005.7450000000013,-1.0148740561787377,0.0,10033.800730172523,sl,8.020000000000437,16.040000000000873
2025-11-07 07:14:00+00:00,2025-11-07 07:23:00+00:00,4009.275,4005.285,4005.335,4017.155,-0.49927811029912816,0.0,10033.301452062224,sl,3.9400000000000546,7.880000000000109
2025-11-07 08:11:00+00:00,2025-11-07 08:24:00+00:00,4009.945,4004.785,4004.835,4020.1650000000004,-0.6455429624676171,0.0,10032.655909099756,sl,5.110000000000127,10.220000000000255
2025-11-07 09:00:00+00:00,2025-11-07 09:34:00+00:00,4009.545,4004.7949999999996,4004.845,4018.9450000000006,-0.5942708657494604,0.0,10032.061638234007,sl,4.700000000000273,9.400000000000546
2025-11-07 10:25:00+00:00,2025-11-07 10:30:00+00:00,4009.025,4005.305,4005.355,4016.3650000000002,-0.46544071556342326,0.0,10031.596197518444,sl,3.6700000000000728,7.3400000000001455
2025-11-07 12:07:00+00:00,2025-11-07 12:49:00+00:00,4007.905,3993.4849999999997,3993.535,4036.645000000001,-1.8046288169033602,0.0,10029.791568701541,sl,14.370000000000346,28.74000000000069
2025-11-07 13:23:00+00:00,2025-11-07 13:30:00+00:00,4000.605,3994.615,3994.665,4012.485,-0.7508670750614546,0.0,10029.04070162648,sl,5.940000000000055,11.88000000000011
2025-11-07 13:51:00+00:00,2025-11-07 14:31:00+00:00,3998.5150000000003,3992.5049999999997,3992.555,4010.4350000000013,-0.7537114981034445,0.0,10028.286990128376,sl,5.960000000000491,11.920000000000982
2025-11-07 16:23:00+00:00,2025-11-07 16:38:00+00:00,4001.425,4024.6550000000007,3989.785,4024.705000000001,2.9109268170800013,0.0,10031.197916945455,tp,11.640000000000327,23.280000000000655
2025-11-07 20:58:00+00:00,2025-11-07 21:40:00+00:00,4004.315,3998.855,3998.905,4015.1349999999998,-0.6838915098652648,0.0,10030.51402543559,sl,5.4099999999998545,10.819999999999709
2025-11-10 07:12:00+00:00,2025-11-10 07:21:00+00:00,4077.915,4072.725,4072.775,4088.1949999999997,-0.6382963817540491,0.0,10029.875729053836,sl,5.139999999999873,10.279999999999745
2025-11-10 08:07:00+00:00,2025-11-10 09:15:00+00:00,4080.2850000000003,4073.7549999999997,4073.805,4093.2450000000013,-0.8025798260504856,0.0,10029.073149227786,sl,6.480000000000473,12.960000000000946
2025-11-10 10:22:00+00:00,2025-11-10 10:29:00+00:00,4081.175,4078.475,4078.525,4086.4750000000004,-0.3317487917440169,0.0,10028.741400436042,sl,2.650000000000091,5.300000000000182
2025-11-10 11:40:00+00:00,2025-11-10 12:51:00+00:00,4082.735,4096.905,4075.625,4096.955,1.7403439807405439,0.0,10030.481744416782,tp,7.110000000000127,14.2199999999998
2025-11-10 13:03:00+00:00,2025-11-10 13:47:00+00:00,4103.695000000001,4093.375,4093.425,4124.2350000000015,-1.2612361737700704,0.0,10029.220508243012,sl,10.270000000000437,20.540000000000873
2025-11-10 14:56:00+00:00,2025-11-10 15:49:00+00:00,4085.395,4078.055,4078.105,4099.975,-0.9009468916776122,0.0,10028.319561351334,sl,7.289999999999964,14.580000000000382
2025-11-10 17:01:00+00:00,2025-11-10 18:26:00+00:00,4095.9550000000004,4110.785000000001,4088.515,4110.835000000001,1.8154493774326637,0.0,10030.135010728767,tp,7.440000000000509,14.880000000000564
2025-11-10 19:12:00+00:00,2025-11-10 20:17:00+00:00,4112.218,4107.588,4107.638,4121.378,-0.5646530059894113,0.0,10029.570357722778,sl,4.579999999999927,9.159999999999854
2025-11-10 20:45:00+00:00,2025-11-10 20:55:00+00:00,4112.898,4107.945,4107.995,4122.704000000001,-0.6039106972967142,0.0,10028.966447025481,sl,4.903000000000247,9.806000000000495
2025-11-11 07:19:00+00:00,2025-11-11 07:51:00+00:00,4130.895,4125.8949999999995,4125.945,4140.795000000002,-0.6069487633447053,0.0,10028.359498262136,sl,4.950000000000728,9.900000000001455
2025-11-11 08:03:00+00:00,2025-11-11 14:33:00+00:00,4133.585,4124.745,4124.795,4151.165,-1.0723221847940558,0.0,10027.287176077341,sl,8.789999999999964,17.579999999999927
2025-11-11 16:15:00+00:00,2025-11-11 20:53:00+00:00,4113.265,4131.115000000002,4104.315,4131.165000000002,2.1757299382971107,0.0,10029.462906015639,tp,8.950000000000728,17.900000000001455
2025-11-12 07:06:00+00:00,2025-11-12 08:08:00+00:00,4120.475,4112.708,4112.758,4135.9090000000015,-0.9452652714921318,0.0,10028.517640744147,sl,7.717000000000553,15.434000000001106
2025-11-12 09:03:00+00:00,2025-11-12 09:11:00+00:00,4133.095,4128.728,4128.778,4141.729,-0.5298031685351,0.0,10027.987837575613,sl,4.317000000000007,8.634000000000015
2025-11-12 10:17:00+00:00,2025-11-12 10:25:00+00:00,4127.619000000001,4121.615,4121.665,4139.527000000002,-0.7293313527340113,0.0,10027.258506222879,sl,5.954000000000633,11.908000000001266
2025-11-12 11:11:00+00:00,2025-11-12 11:20:00+00:00,4130.885,4126.385,4126.435,4139.785,-0.546162181687495,0.0,10026.712344041192,sl,4.449999999999818,8.899999999999636
2025-11-12 11:39:00+00:00,2025-11-12 12:32:00+00:00,4128.135,4137.765,4123.295,4137.8150000000005,1.1695019648475375,0.0,10027.88184600604,tp,4.8400000000001455,9.680000000000291
2025-11-12 13:29:00+00:00,2025-11-12 14:40:00+00:00,4128.0650000000005,4138.215000000001,4122.965,4138.265000000001,1.232817321638186,0.0,10029.114663327677,tp,5.100000000000364,10.200000000000728
2025-11-12 15:05:00+00:00,2025-11-12 15:14:00+00:00,4141.705,4161.755,4131.655,4161.805,2.4275479422088457,0.0,10031.542211269885,tp,10.050000000000182,20.100000000000364
2025-11-12 15:34:00+00:00,2025-11-12 18:26:00+00:00,4175.6990000000005,4207.397000000002,4159.825,4207.447000000002,3.807504144968844,0.0,10035.349715414854,tp,15.874000000000706,31.74800000000141
2025-11-13 07:24:00+00:00,2025-11-13 08:01:00+00:00,4212.705,4221.774999999999,4208.145,4221.824999999999,1.080310891918621,0.0,10036.430026306773,tp,4.559999999999491,9.119999999998981
2025-11-13 10:10:00+00:00,2025-11-13 10:30:00+00:00,4235.425,4231.345,4231.395,4243.485,-0.4834064409986117,0.0,10035.946619865774,sl,4.029999999999745,8.05999999999949
2025-11-13 12:09:00+00:00,2025-11-13 13:05:00+00:00,4234.055,4228.175,4228.225,4245.715,-0.6968658428481898,0.0,10035.249754022925,sl,5.829999999999927,11.659999999999854
2025-11-13 13:25:00+00:00,2025-11-13 13:33:00+00:00,4236.585,4225.625,4225.675,4258.405,-1.298054179298794,0.0,10033.951699843627,sl,10.909999999999854,21.81999999999971
2025-11-13 17:35:00+00:00,2025-11-13 18:27:00+00:00,4205.845,4192.8949999999995,4192.945,4231.645000000001,-1.5447511084334096,0.0,10032.406948735194,sl,12.900000000000546,25.80000000000109
2025-11-14 09:11:00+00:00,2025-11-14 09:31:00+00:00,4179.805,4167.804999999999,4167.855,4203.705000000002,-1.4401255965868198,0.0,10030.966823138606,sl,11.950000000000728,23.900000000001455
2025-11-14 10:50:00+00:00,2025-11-14 11:03:00+00:00,4169.215,4165.445,4165.495,4176.655000000001,-0.4535235640670597,0.0,10030.513299574539,sl,3.7200000000002547,7.440000000000509
2025-11-14 14:38:00+00:00,2025-11-14 15:48:00+00:00,4061.2050000000004,4090.7950000000005,4046.385,4090.8450000000007,3.6541234502372086,0.0,10034.167423024775,tp,14.820000000000164,29.640000000000327
2025-11-14 16:39:00+00:00,2025-11-14 18:22:00+00:00,4105.155,4080.685,4080.735,4153.994999999999,-2.9905822903326946,0.0,10031.176840734443,sl,24.419999999999618,48.839999999999236
2025-11-17 07:11:00+00:00,2025-11-17 08:00:00+00:00,4073.065,4089.2549999999997,4064.945,4089.305,1.9936430311262723,0.0,10033.170483765569,tp,8.11999999999989,16.23999999999978
2025-11-17 09:12:00+00:00,2025-11-17 10:53:00+00:00,4080.665,4072.0449999999996,4072.095,4097.805,-1.0597038665274248,0.0,10032.110779899042,sl,8.570000000000164,17.140000000000327
2025-11-17 11:35:00+00:00,2025-11-17 13:03:00+00:00,4072.4550000000004,4086.0850000000014,4065.615,4086.1350000000016,1.6788113058343694,0.0,10033.789591204875,tp,6.8400000000006,13.6800000000012
2025-11-17 14:12:00+00:00,2025-11-17 16:03:00+00:00,4073.105,4060.3849999999998,4060.435,4098.445,-1.5667384415590635,0.0,10032.222852763316,sl,12.670000000000073,25.33999999999969
2025-11-17 17:03:00+00:00,2025-11-17 18:54:00+00:00,4072.735,4064.915,4064.965,4088.275,-0.963136353195221,0.0,10031.25971641012,sl,7.769999999999982,15.539999999999964
2025-11-17 20:30:00+00:00,2025-11-17 21:09:00+00:00,4026.9950000000003,4044.8050000000007,4018.065,4044.855000000001,2.218238854893888,0.0,10033.477955265014,tp,8.930000000000291,17.860000000000582
2025-11-18 07:18:00+00:00,2025-11-18 07:30:00+00:00,4009.498,4001.875,4001.925,4024.644,-0.9538002320114101,0.0,10032.524155033003,sl,7.572999999999865,15.14599999999973
2025-11-18 07:41:00+00:00,2025-11-18 08:33:00+00:00,4012.855,4034.6649999999995,4001.925,4034.7149999999997,2.726355074146271,0.0,10035.25051010715,tp,10.929999999999836,21.859999999999673
2025-11-18 09:45:00+00:00,2025-11-18 12:57:00+00:00,4037.3650000000002,4029.9849999999997,4030.035,4052.025000000001,-0.9171842125321393,0.0,10034.333325894617,sl,7.330000000000382,14.660000000000764
2025-11-18 13:22:00+00:00,2025-11-18 13:36:00+00:00,4046.6980000000003,4062.974000000001,4038.535,4063.0240000000013,2.0179268283952534,0.0,10036.351252723012,tp,8.163000000000466,16.32600000000093
2025-11-18 14:41:00+00:00,2025-11-18 14:46:00+00:00,4080.755,4069.495,4069.545,4103.175,-1.3846618469580176,0.0,10034.966590876054,sl,11.210000000000036,22.420000000000073
2025-11-18 15:28:00+00:00,2025-11-18 15:50:00+00:00,4065.1150000000002,4053.7949999999996,4053.845,4087.655000000001,-1.3972030534034479,0.0,10033.56938782265,sl,11.270000000000437,22.540000000000873
2025-11-18 16:30:00+00:00,2025-11-19 05:18:00+00:00,4064.7250000000004,4085.715000000001,4054.205,4085.7650000000012,2.590638006881208,0.0,10036.160025829531,tp,10.520000000000437,21.040000000000873
2025-11-19 09:06:00+00:00,2025-11-19 09:45:00+00:00,4086.3450000000003,4098.615000000001,4080.185,4098.665000000001,1.5067705188491516,0.0,10037.66679634838,tp,6.160000000000309,12.320000000000618
2025-11-19 11:18:00+00:00,2025-11-19 13:10:00+00:00,4116.165,4106.195,4106.245,4136.005,-1.2156405046881735,0.0,10036.451155843692,sl,9.920000000000073,19.840000000000146
2025-11-19 13:29:00+00:00,2025-11-19 14:59:00+00:00,4109.415,4126.965,4100.615,4127.015,2.1431239943527074,0.0,10038.594279838044,tp,8.800000000000182,17.600000000000364
2025-11-19 17:42:00+00:00,2025-11-19 23:50:00+00:00,4076.175,4102.545,4062.965,4102.595,3.2471340307926932,0.0,10041.841413868837,tp,13.210000000000036,26.420000000000073
2025-11-20 08:57:00+00:00,2025-11-20 13:01:00+00:00,4062.465,4086.3950000000004,4050.475,4086.4450000000006,2.9575795118712924,0.0,10044.798993380708,tp,11.990000000000236,23.980000000000473
2025-11-20 14:45:00+00:00,2025-11-20 15:59:00+00:00,4088.6980000000003,4074.085,4074.135,4117.8240000000005,-1.7950047630110506,0.0,10043.003988617696,sl,14.563000000000102,29.126000000000204
2025-11-20 17:49:00+00:00,2025-11-20 19:23:00+00:00,4059.635,4080.8250000000007,4049.015,4080.875000000001,2.62106389513853,0.0,10045.625052512834,tp,10.620000000000346,21.24000000000069
2025-11-20 19:56:00+00:00,2025-11-20 20:09:00+00:00,4084.2850000000003,4078.955,4079.005,4094.8450000000007,-0.6554780277318704,0.0,10044.969574485103,sl,5.2800000000002,10.5600000000004
2025-11-20 20:46:00+00:00,2025-11-20 23:02:00+00:00,4079.605,4073.105,4073.155,4092.5049999999997,-0.8002282357501912,0.0,10044.169346249353,sl,6.449999999999818,12.899999999999636
2025-11-21 07:30:00+00:00,2025-11-21 08:03:00+00:00,4037.375,4024.488,4024.538,4063.049,-1.6030119863168166,0.0,10042.566334263036,sl,12.836999999999989,25.673999999999978
2025-11-21 08:07:00+00:00,2025-11-21 08:11:00+00:00,4035.395,4031.6949999999997,4031.745,4042.695,-0.4603947746970987,0.0,10042.10593948834,sl,3.650000000000091,7.300000000000182
2025-11-21 08:16:00+00:00,2025-11-21 13:45:00+00:00,4039.7450000000003,4075.035000000001,4022.075,4075.0850000000014,4.386241193498009,0.0,10046.492180681838,tp,17.670000000000528,35.340000000001055
2025-11-21 18:48:00+00:00,2025-11-21 20:23:00+00:00,4083.5950000000003,4076.335,4076.385,4098.015,-0.8930554233677965,0.0,10045.59912525847,sl,7.210000000000036,14.420000000000073
2025-11-21 20:59:00+00:00,2025-11-21 21:10:00+00:00,4063.965,4054.9049999999997,4054.955,4081.9850000000006,-1.1197577744252936,0.0,10044.479367484044,sl,9.010000000000218,18.020000000000437
2025-11-21 21:33:00+00:00,2025-11-24 01:08:00+00:00,4064.108,4054.9049999999997,4054.955,4082.4140000000007,-1.1372648514626085,0.0,10043.342102632581,sl,9.153000000000247,18.306000000000495
2025-11-24 07:33:00+00:00,2025-11-24 09:10:00+00:00,4058.135,4070.165000000001,4052.095,4070.215000000001,1.4886321610133293,0.0,10044.830734793595,tp,6.040000000000418,12.080000000000837
2025-11-24 10:01:00+00:00,2025-11-24 10:52:00+00:00,4072.965,4065.5049999999997,4065.555,4087.7850000000008,-0.9199003340510555,0.0,10043.910834459544,sl,7.410000000000309,14.820000000000618
2025-11-24 11:17:00+00:00,2025-11-24 12:45:00+00:00,4068.735,4080.3849999999998,4062.885,4080.435,1.43793539295936,0.0,10045.348769852504,tp,5.849999999999909,11.699999999999818
2025-11-24 13:21:00+00:00,2025-11-24 13:43:00+00:00,4082.255,4075.6949999999997,4075.745,4095.2750000000005,-0.8071211613463202,0.0,10044.541648691158,sl,6.510000000000218,13.020000000000437
2025-11-24 14:14:00+00:00,2025-11-24 14:20:00+00:00,4082.4350000000004,4075.665,4075.715,4095.875000000001,-0.8328552317629493,0.0,10043.708793459395,sl,6.720000000000255,13.44000000000051
2025-11-24 17:41:00+00:00,2025-11-24 17:58:00+00:00,4095.3050000000003,4092.285,4092.335,4101.245000000001,-0.3703265148291978,0.0,10043.338466944566,sl,2.9700000000002547,5.940000000000509
2025-11-24 18:21:00+00:00,2025-11-24 18:30:00+00:00,4092.0550000000003,4098.839000000001,4088.638,4098.889000000001,0.8325157916958296,0.0,10044.170982736261,tp,3.417000000000371,6.834000000000742
2025-11-24 18:52:00+00:00,2025-11-26 11:32:00+00:00,4116.205,4171.289,4088.638,4171.339,6.720670063967205,0.0,10050.891652800228,tp,27.567000000000007,55.134000000000015
2025-11-26 12:04:00+00:00,2025-11-26 12:28:00+00:00,4172.935,4165.945,4165.995,4186.815000000001,-0.8418023843299804,0.0,10050.049850415899,sl,6.940000000000509,13.880000000001019
2025-11-26 13:04:00+00:00,2025-11-26 14:06:00+00:00,4158.3550000000005,4148.554999999999,4148.605,4177.855000000002,-1.1842482007198372,0.0,10048.865602215179,sl,9.75000000000091,19.50000000000182
2025-11-26 14:33:00+00:00,2025-11-26 15:00:00+00:00,4150.5650000000005,4139.95,4140.0,4171.6950000000015,-1.2849902166032945,0.0,10047.580611998575,sl,10.56500000000051,21.13000000000102
2025-11-26 15:44:00+00:00,2025-11-27 01:16:00+00:00,4163.125,4155.315,4155.365,4178.645,-0.9424603462508679,0.0,10046.638151652325,sl,7.760000000000218,15.520000000000437
2025-11-27 07:15:00+00:00,2025-11-27 09:13:00+00:00,4160.685,4155.245,4155.295,4171.465000000001,-0.6567874225637577,0.0,10045.981364229761,sl,5.390000000000327,10.780000000000655
2025-11-27 10:51:00+00:00,2025-11-27 11:41:00+00:00,4155.725,4162.035000000001,4152.545,4162.085000000001,0.7626845184449622,0.0,10046.744048748205,tp,3.180000000000291,6.360000000000582
2025-11-27 13:32:00+00:00,2025-11-28 00:06:00+00:00,4154.765,4165.835000000001,4149.205,4165.885000000001,1.3384325782523059,0.0,10048.082481326457,tp,5.5600000000004,11.1200000000008
2025-11-28 10:52:00+00:00,2025-11-28 14:10:00+00:00,4168.935,4188.599,4159.078,4188.649,2.3697358427608135,0.0,10050.452217169219,tp,9.856999999999971,19.713999999999942
2025-11-28 14:33:00+00:00,2025-12-01 10:04:00+00:00,4200.085,4259.035,4170.585,4259.085,7.053121046385057,0.0,10057.505338215604,tp,29.5,59.0
2025-12-01 11:26:00+00:00,2025-12-01 12:09:00+00:00,4254.245,4250.4349999999995,4250.485,4261.765,-0.4503630531222988,0.0,10057.054975162482,sl,3.7600000000002183,7.520000000000437
2025-12-01 12:38:00+00:00,2025-12-01 12:45:00+00:00,4254.215,4250.335,4250.385,4261.875,-0.45862013677766084,0.0,10056.596355025704,sl,3.8299999999999272,7.6599999999998545
2025-12-01 13:22:00+00:00,2025-12-01 14:01:00+00:00,4256.755,4243.925,4243.975,4282.315,-1.51554565901701,0.0,10055.080809366687,sl,12.779999999999745,25.55999999999949
2025-12-01 16:07:00+00:00,2025-12-02 00:22:00+00:00,4237.0650000000005,4221.455,4221.505,4268.185000000001,-1.8522233130034567,0.0,10053.228586053683,sl,15.5600000000004,31.1200000000008
2025-12-02 07:18:00+00:00,2025-12-02 07:44:00+00:00,4215.005,4211.775,4211.825,4221.365000000001,-0.3851944224616359,0.0,10052.84339163122,sl,3.180000000000291,6.360000000000582
2025-12-02 08:14:00+00:00,2025-12-02 09:06:00+00:00,4214.665,4206.825,4206.875,4230.245,-0.9350006725373219,0.0,10051.908390958683,sl,7.789999999999964,15.579999999999927
2025-12-02 10:46:00+00:00,2025-12-02 10:48:00+00:00,4189.145,4184.264999999999,4184.315,4198.805000000002,-0.5854812013894077,0.0,10051.322909757293,sl,4.830000000000837,9.660000000001673
2025-12-02 11:28:00+00:00,2025-12-02 13:00:00+00:00,4193.845,4210.655000000001,4185.415,4210.705000000001,2.0144132426570858,0.0,10053.33732299995,tp,8.430000000000291,16.860000000000582
2025-12-02 13:43:00+00:00,2025-12-02 13:46:00+00:00,4208.298,4202.728,4202.778,4219.337999999999,-0.6653175332296667,0.0,10052.67200546672,sl,5.519999999999527,11.039999999999054
2025-12-02 17:01:00+00:00,2025-12-02 18:36:00+00:00,4191.155,4183.985,4184.035,4205.3949999999995,-0.8598782230578101,0.0,10051.812127243662,sl,7.119999999999891,14.239999999999782
2025-12-02 19:00:00+00:00,2025-12-02 20:35:00+00:00,4190.695000000001,4206.065000000002,4182.985,4206.1150000000025,1.843326135590305,0.0,10053.655453379251,tp,7.710000000000946,15.420000000001892
2025-12-02 21:25:00+00:00,2025-12-02 21:49:00+00:00,4210.115,4208.115,4208.165,4214.014999999999,-0.23879764456266045,0.0,10053.416655734689,sl,1.949999999999818,3.899999999999636
2025-12-03 08:43:00+00:00,2025-12-03 09:02:00+00:00,4207.515,4203.525,4203.575,4215.395000000001,-0.4766843666200638,0.0,10052.939971368069,sl,3.9400000000005093,7.880000000001019
2025-12-03 13:00:00+00:00,2025-12-03 13:15:00+00:00,4213.415,4219.164999999999,4210.515,4219.214999999999,0.6859566982525724,0.0,10053.625928066322,tp,2.899999999999636,5.799999999999272
2025-12-03 13:42:00+00:00,2025-12-03 13:55:00+00:00,4223.125,4236.235,4216.545,4236.285,1.5604917675530108,0.0,10055.186419833875,tp,6.579999999999927,13.159999999999854
2025-12-03 14:39:00+00:00,2025-12-03 14:45:00+00:00,4233.425,4223.295,4223.345,4253.585,-1.2030334591131089,0.0,10053.983386374763,sl,10.079999999999927,20.159999999999854
2025-12-03 15:34:00+00:00,2025-12-03 15:51:00+00:00,4226.115,4217.6849999999995,4217.735,4242.875,-1.00275406546133,0.0,10052.980632309302,sl,8.38000000000011,16.76000000000022
2025-12-03 16:32:00+00:00,2025-12-03 16:53:00+00:00,4222.085,4212.315,4212.365,4241.525000000001,-1.163141206035244,0.0,10051.817491103266,sl,9.720000000000255,19.44000000000051
2025-12-03 17:38:00+00:00,2025-12-03 18:04:00+00:00,4213.285,4207.325,4207.375,4225.105,-0.7109515763469102,0.0,10051.106539526918,sl,5.9099999999998545,11.819999999999709
2025-12-03 20:09:00+00:00,2025-12-03 20:46:00+00:00,4211.195000000001,4207.048,4207.098,4219.389000000002,-0.4948944280593348,0.0,10050.61164509886,sl,4.097000000000662,8.194000000001324
2025-12-04 07:12:00+00:00,2025-12-04 07:46:00+00:00,4190.955,4186.554999999999,4186.605,4199.655000000001,-0.5275968274348027,0.0,10050.084048271425,sl,4.350000000000364,8.700000000000728
2025-12-04 11:09:00+00:00,2025-12-04 12:04:00+00:00,4202.005,4196.355,4196.405,4213.205000000001,-0.6756652463852261,0.0,10049.40838302504,sl,5.600000000000364,11.200000000000728
2025-12-04 12:13:00+00:00,2025-12-04 12:29:00+00:00,4200.985000000001,4193.085,4193.135,4216.685000000001,-0.9449013294013582,0.0,10048.463481695639,sl,7.850000000000364,15.700000000000728
2025-12-04 13:27:00+00:00,2025-12-04 14:22:00+00:00,4192.848,4208.184,4185.155,4208.234,1.837691659169218,0.0,10050.301173354808,tp,7.693000000000211,15.386000000000422
2025-12-04 14:33:00+00:00,2025-12-04 14:37:00+00:00,4211.385,4202.325,4202.375,4229.405000000001,-1.0810663075282667,0.0,10049.22010704728,sl,9.010000000000218,18.020000000000437
2025-12-04 16:02:00+00:00,2025-12-04 19:08:00+00:00,4211.198,4202.345,4202.395,4228.804,-1.0562997228780293,0.0,10048.163807324403,sl,8.802999999999884,17.605999999999767
2025-12-04 21:00:00+00:00,2025-12-04 23:39:00+00:00,4209.725,4205.195,4205.245,4218.685000000001,-0.5406313007047506,0.0,10047.623176023699,sl,4.480000000000473,8.960000000000946
2025-12-05 07:16:00+00:00,2025-12-05 07:51:00+00:00,4228.585,4223.458,4223.508,4238.7390000000005,-0.6091182277697811,0.0,10047.014057795928,sl,5.0770000000002256,10.154000000000451
2025-12-05 08:06:00+00:00,2025-12-05 08:08:00+00:00,4226.768,4222.235,4222.285,4235.734,-0.5387463272646207,0.0,10046.475311468663,sl,4.483000000000175,8.96600000000035
2025-12-05 10:01:00+00:00,2025-12-05 10:29:00+00:00,4225.295,4223.135,4223.185,4229.514999999999,-0.25679137992460704,0.0,10046.218520088738,sl,2.1099999999996726,4.219999999999345
2025-12-05 11:15:00+00:00,2025-12-05 13:00:00+00:00,4223.895,4231.965000000001,4219.835,4232.015000000001,0.9596945882547071,0.0,10047.178214676993,tp,4.0600000000004,8.1200000000008
2025-12-05 13:26:00+00:00,2025-12-05 14:47:00+00:00,4230.365,4239.835,4225.605,4239.885,1.1245693656811373,0.0,10048.302784042675,tp,4.760000000000218,9.520000000000437
2025-12-05 15:22:00+00:00,2025-12-05 16:09:00+00:00,4246.305,4233.8949999999995,4233.945,4271.0250000000015,-1.4683287887937544,0.0,10046.834455253882,sl,12.360000000000582,24.720000000001164
2025-12-05 17:31:00+00:00,2025-12-05 17:34:00+00:00,4217.915,4212.804999999999,4212.855,4228.035000000001,-0.6085865180587232,0.0,10046.225868735823,sl,5.0600000000004,10.1200000000008
2025-12-05 20:58:00+00:00,2025-12-05 21:15:00+00:00,4202.125,4198.945,4198.995,4208.385,-0.3801290806744545,0.0,10045.845739655148,sl,3.130000000000109,6.260000000000218
2025-12-05 21:48:00+00:00,2025-12-07 23:14:00+00:00,4197.665,4193.505,4193.555,4205.884999999999,-0.49778529583666103,0.0,10045.347954359311,sl,4.109999999999673,8.219999999999345
2025-12-08 09:51:00+00:00,2025-12-08 10:29:00+00:00,4210.125,4205.625,4205.675,4219.025,-0.5368494497742573,0.0,10044.811104909537,sl,4.449999999999818,8.899999999999636
2025-12-08 12:39:00+00:00,2025-12-08 13:00:00+00:00,4212.915,4209.375,4209.425,4219.8949999999995,-0.4220193299814902,0.0,10044.389085579556,sl,3.4899999999997817,6.979999999999563
2025-12-08 14:24:00+00:00,2025-12-08 14:45:00+00:00,4211.125,4197.165,4197.215,4238.945,-1.664871876691988,0.0,10042.724213702864,sl,13.909999999999854,27.81999999999971
2025-12-08 14:57:00+00:00,2025-12-08 14:58:00+00:00,4204.475,4195.755,4195.805,4221.8150000000005,-1.0414208092983253,0.0,10041.682792893565,sl,8.670000000000073,17.340000000000146
2025-12-08 17:20:00+00:00,2025-12-08 18:56:00+00:00,4190.035,4185.345,4185.395,4199.314999999999,-0.5619940203204365,0.0,10041.120798873246,sl,4.639999999999418,9.279999999998836
2025-12-08 20:09:00+00:00,2025-12-09 03:26:00+00:00,4189.075,4197.7249999999985,4184.725,4197.774999999999,1.036693003947659,0.0,10042.157491877193,tp,4.349999999999454,8.699999999998909
2025-12-09 09:02:00+00:00,2025-12-09 09:05:00+00:00,4192.965,4202.075,4188.385,4202.125,1.0909231862297675,0.0,10043.248415063423,tp,4.579999999999927,9.159999999999854
2025-12-09 09:17:00+00:00,2025-12-10 10:32:00+00:00,4206.405,4188.335,4188.385,4242.444999999999,-2.1572042974962367,0.0,10041.091210765926,sl,18.019999999999527,36.039999999999054
2025-12-10 11:14:00+00:00,2025-12-10 12:02:00+00:00,4194.675,4199.145,4192.415,4199.195000000001,0.5350078100463831,0.0,10041.626218575972,tp,2.2600000000002183,4.520000000000437
2025-12-10 13:44:00+00:00,2025-12-10 14:12:00+00:00,4199.875,4206.384999999999,4196.595,4206.4349999999995,0.7782491941179515,0.0,10042.40446777009,tp,3.2799999999997453,6.559999999999491
2025-12-10 17:26:00+00:00,2025-12-10 17:35:00+00:00,4202.485000000001,4198.768,4198.818,4209.819000000001,-0.44411363046753255,0.0,10041.960354139623,sl,3.667000000000371,7.334000000000742
2025-12-10 18:52:00+00:00,2025-12-10 19:00:00+00:00,4194.775000000001,4191.785,4191.835,4200.655000000002,-0.35789120344815173,0.0,10041.602462936175,sl,2.9400000000005093,5.880000000001019
2025-12-10 19:08:00+00:00,2025-12-10 19:40:00+00:00,4212.195000000001,4189.447999999999,4189.498,4257.589000000003,-2.7113693837111206,0.0,10038.891093552464,sl,22.697000000001026,45.39400000000205
2025-12-10 20:50:00+00:00,2025-12-10 20:59:00+00:00,4235.548,4229.345,4229.395,4247.853999999998,-0.7351025351772795,0.0,10038.155991017285,sl,6.152999999999338,12.305999999998676
2025-12-10 21:45:00+00:00,2025-12-10 23:00:00+00:00,4227.835,4225.605,4225.655,4232.195000000001,-0.26473464385404466,0.0,10037.891256373432,sl,2.180000000000291,4.360000000000582
2025-12-11 07:21:00+00:00,2025-12-11 08:42:00+00:00,4213.285,4219.095,4210.355,4219.145,0.6920983057107893,0.0,10038.583354679144,tp,2.930000000000291,5.860000000000582
2025-12-11 09:45:00+00:00,2025-12-11 10:08:00+00:00,4217.528,4225.384000000001,4213.575,4225.434000000001,0.9349447215805816,0.0,10039.518299400725,tp,3.9530000000004293,7.906000000000859
2025-12-11 12:21:00+00:00,2025-12-11 13:16:00+00:00,4216.395,4208.474999999999,4208.525,4232.135000000002,-0.9429024668142286,0.0,10038.575396933911,sl,7.8700000000008,15.7400000000016
2025-12-11 14:24:00+00:00,2025-12-11 15:44:00+00:00,4230.275000000001,4255.405000000001,4217.685,4255.455000000001,2.9817139515155664,0.0,10041.557110885427,tp,12.590000000000146,25.18000000000029
2025-12-11 15:51:00+00:00,2025-12-12 07:10:00+00:00,4257.225,4287.835,4241.895,4287.885,3.6100049112297286,0.0,10045.167115796658,tp,15.329999999999927,30.659999999999854
2025-12-12 08:01:00+00:00,2025-12-12 08:35:00+00:00,4289.325,4297.695,4285.115,4297.745,0.9800848473736187,0.0,10046.14720064403,tp,4.210000000000036,8.420000000000073
2025-12-12 09:55:00+00:00,2025-12-12 11:11:00+00:00,4318.395,4337.899,4308.618,4337.9490000000005,2.2686675836897763,0.0,10048.415868227721,tp,9.777000000000044,19.554000000000087
2025-12-12 13:05:00+00:00,2025-12-12 14:53:00+00:00,4332.495,4348.465,4324.485,4348.515,1.8519721478685984,0.0,10050.267840375589,tp,8.010000000000218,16.020000000000437
2025-12-12 17:41:00+00:00,2025-12-15 01:35:00+00:00,4292.625,4318.554999999999,4279.635,4318.605,3.035478816585805,0.0,10053.303319192175,tp,12.989999999999782,25.979999999999563
2025-12-15 07:24:00+00:00,2025-12-15 07:35:00+00:00,4344.125,4340.447999999999,4340.498,4351.379000000001,-0.42547113981153345,0.0,10052.877848052363,sl,3.6270000000004075,7.254000000000815
2025-12-15 08:26:00+00:00,2025-12-15 10:31:00+00:00,4344.075,4340.065,4340.115,4351.995,-0.4639887682727874,0.0,10052.41385928409,sl,3.9600000000000364,7.920000000000073
2025-12-15 10:56:00+00:00,2025-12-15 11:00:00+00:00,4340.819,4337.825,4337.875,4346.707000000001,-0.3466733707936516,0.0,10052.067185913296,sl,2.9440000000004147,5.8880000000008295
2025-12-15 11:49:00+00:00,2025-12-15 13:05:00+00:00,4342.435,4338.885,4338.935,4349.435,-0.4108851198693133,0.0,10051.656300793427,sl,3.5,7.0
2025-12-15 13:47:00+00:00,2025-12-15 13:56:00+00:00,4341.545,4335.355,4335.405,4353.825000000001,-0.7165623355500915,0.0,10050.939738457877,sl,6.140000000000327,12.280000000000655
2025-12-15 14:38:00+00:00,2025-12-15 14:53:00+00:00,4332.465,4320.335,4320.385,4356.625,-1.4070269353300622,0.0,10049.532711522546,sl,12.079999999999927,24.159999999999854
2025-12-15 17:27:00+00:00,2025-12-16 02:54:00+00:00,4301.675,4293.035,4293.085,4318.8550000000005,-1.009234340432019,0.0,10048.523477182114,sl,8.590000000000146,17.18000000000029
2025-12-16 07:34:00+00:00,2025-12-16 08:19:00+00:00,4286.335,4279.195,4279.245,4300.515,-0.836920791621322,0.0,10047.686556390492,sl,7.0900000000001455,14.180000000000291
2025-12-16 08:35:00+00:00,2025-12-16 10:30:00+00:00,4281.585,4275.447999999999,4275.498,4293.759000000001,-0.7200914193759407,0.0,10046.966464971116,sl,6.087000000000444,12.174000000000888
2025-12-16 11:59:00+00:00,2025-12-16 12:08:00+00:00,4278.395,4284.565000000001,4275.285,4284.615000000002,0.7244513782491057,0.0,10047.690916349366,tp,3.110000000000582,6.220000000001164
2025-12-16 12:45:00+00:00,2025-12-16 13:30:00+00:00,4293.295,4304.685,4287.575,4304.735000000001,1.3328131369638303,0.0,10049.02372948633,tp,5.720000000000255,11.44000000000051
2025-12-16 14:14:00+00:00,2025-12-16 16:34:00+00:00,4319.825,4299.545,4299.595,4360.284999999999,-2.35882473519159,0.0,10046.664904751138,sl,20.229999999999563,40.45999999999913
2025-12-16 18:32:00+00:00,2025-12-16 19:25:00+00:00,4306.095,4297.965,4298.015,4322.255,-0.9484159740510584,0.0,10045.716488777087,sl,8.079999999999927,16.159999999999854
2025-12-17 08:20:00+00:00,2025-12-17 10:38:00+00:00,4315.995,4308.095,4308.145,4331.694999999999,-0.9193842933244285,0.0,10044.797104483763,sl,7.849999999999454,15.699999999998909
2025-12-17 11:52:00+00:00,2025-12-17 12:12:00+00:00,4318.478,4315.035,4315.085,4325.264,-0.40042158870254424,0.0,10044.396682895062,sl,3.393000000000029,6.786000000000058
2025-12-17 12:17:00+00:00,2025-12-17 13:01:00+00:00,4318.198,4315.425,4315.475,4323.644,-0.32250850935586317,0.0,10044.074174385705,sl,2.7229999999999563,5.445999999999913
2025-12-17 13:04:00+00:00,2025-12-17 13:07:00+00:00,4318.225,4323.535000000001,4315.545,4323.585000000001,0.6175457956219524,0.0,10044.691720181327,tp,2.680000000000291,5.360000000000582
2025-12-17 13:31:00+00:00,2025-12-17 16:23:00+00:00,4334.8150000000005,4322.514999999999,4322.565,4359.315000000002,-1.4250862857842985,0.0,10043.266633895542,sl,12.25000000000091,24.50000000000182
2025-12-17 16:45:00+00:00,2025-12-18 12:28:00+00:00,4333.395,4319.9349999999995,4319.985,4360.215000000002,-1.559774367352197,0.0,10041.70685952819,sl,13.410000000000764,26.820000000001528
2025-12-18 13:31:00+00:00,2025-12-18 14:41:00+00:00,4329.725,4318.655,4318.705,4351.765000000001,-1.2837038718969827,0.0,10040.423155656294,sl,11.020000000000437,22.040000000000873
2025-12-18 16:02:00+00:00,2025-12-18 16:11:00+00:00,4341.795,4357.125000000001,4334.105,4357.175000000001,1.772535172390905,0.0,10042.195690828685,tp,7.690000000000509,15.380000000001019
2025-12-18 20:06:00+00:00,2025-12-19 01:00:00+00:00,4334.045,4322.474999999999,4322.525,4357.085000000001,-1.3404129876696491,0.0,10040.855277841016,sl,11.520000000000437,23.040000000000873
2025-12-19 07:34:00+00:00,2025-12-19 07:45:00+00:00,4329.335,4322.865,4322.915,4342.175,-0.7502807434355845,0.0,10040.10499709758,sl,6.420000000000073,12.840000000000146
2025-12-19 08:18:00+00:00,2025-12-19 09:45:00+00:00,4324.825,4332.795,4320.815,4332.845,0.9251199392677192,0.0,10041.030117036848,tp,4.010000000000218,8.020000000000437
2025-12-19 11:46:00+00:00,2025-12-19 12:03:00+00:00,4328.095,4324.865,4324.915,4334.455000000001,-0.37467439229076266,0.0,10040.655442644556,sl,3.180000000000291,6.360000000000582
2025-12-19 13:06:00+00:00,2025-12-19 14:47:00+00:00,4329.655,4322.995,4323.045,4342.874999999999,-0.7722412668909103,0.0,10039.883201377665,sl,6.609999999999673,13.219999999999345
2025-12-19 15:24:00+00:00,2025-12-22 04:51:00+00:00,4346.375,4400.018999999999,4319.528,4400.0689999999995,6.195732011787946,0.0,10046.078933389452,tp,26.846999999999753,53.693999999999505
2025-12-22 10:08:00+00:00,2025-12-22 10:29:00+00:00,4415.3550000000005,4411.125,4411.175,4423.715000000001,-0.48121740933902407,0.0,10045.597715980113,sl,4.180000000000291,8.360000000000582
2025-12-22 11:21:00+00:00,2025-12-22 12:10:00+00:00,4409.818,4407.248,4407.298,4414.858000000001,-0.29272394155580916,0.0,10045.304992038557,sl,2.5200000000004366,5.040000000000873
2025-12-22 13:09:00+00:00,2025-12-22 23:03:00+00:00,4421.545,4449.794999999999,4407.395,4449.844999999999,3.2090577617674376,0.0,10048.514049800324,tp,14.149999999999636,28.299999999999272
2025-12-23 07:18:00+00:00,2025-12-23 09:53:00+00:00,4483.245,4478.005,4478.055,4493.624999999999,-0.5872332832686091,0.0,10047.926816517056,sl,5.1899999999996,10.3799999999992
2025-12-23 12:52:00+00:00,2025-12-23 13:51:00+00:00,4488.795,4483.905,4483.955,4498.475,-0.5473001343653664,0.0,10047.37951638269,sl,4.8400000000001455,9.680000000000291
2025-12-23 15:39:00+00:00,2025-12-23 18:12:00+00:00,4452.905,4480.074999999999,4439.295,4480.124999999999,3.065272012990501,0.0,10050.444788395682,tp,13.609999999999673,27.219999999999345
2025-12-23 18:57:00+00:00,2025-12-23 19:06:00+00:00,4479.875,4494.464999999999,4472.555,4494.514999999999,1.6366080466830584,0.0,10052.081396442365,tp,7.319999999999709,14.639999999999418
2025-12-23 19:36:00+00:00,2025-12-23 21:55:00+00:00,4491.508,4487.075,4487.125,4500.273999999999,-0.49605696828803303,0.0,10051.585339474077,sl,4.382999999999811,8.765999999999622
2025-12-24 09:45:00+00:00,2025-12-24 10:33:00+00:00,4491.275000000001,4485.985,4486.035,4501.755000000002,-0.5919575893908371,0.0,10050.993381884686,sl,5.240000000000691,10.480000000001382
2025-12-24 11:51:00+00:00,2025-12-24 13:09:00+00:00,4489.775000000001,4482.745,4482.795,4503.7350000000015,-0.7868822321236133,0.0,10050.206499652562,sl,6.980000000000473,13.960000000000946
2025-12-24 14:35:00+00:00,2025-12-24 14:36:00+00:00,4488.085,4481.755,4481.805,4500.6449999999995,-0.7087411127774986,0.0,10049.497758539785,sl,6.279999999999745,12.55999999999949
2025-12-24 15:09:00+00:00,2025-12-24 15:37:00+00:00,4472.485000000001,4460.285,4460.335,4496.785000000002,-1.370645990475012,0.0,10048.12711254931,sl,12.150000000000546,24.30000000000109
2025-12-24 16:59:00+00:00,2025-12-25 23:04:00+00:00,4477.115,4487.924999999998,4471.685,4487.9749999999985,1.2130608001653271,0.0,10049.340173349476,tp,5.4299999999993815,10.859999999998763
2025-12-26 08:03:00+00:00,2025-12-26 10:26:00+00:00,4512.695000000001,4523.059000000001,4507.488,4523.109000000001,1.15398183963905,0.0,10050.494155189115,tp,5.207000000000335,10.41400000000067
2025-12-26 13:05:00+00:00,2025-12-26 13:06:00+00:00,4514.185,4511.648,4511.698,4519.159000000001,-0.28242200609542384,0.0,10050.21173318302,sl,2.48700000000008,4.97400000000016
2025-12-26 13:17:00+00:00,2025-12-26 13:41:00+00:00,4515.108,4526.964000000001,4509.155,4527.014000000001,1.319517831119706,0.0,10051.53125101414,tp,5.953000000000429,11.906000000000859
2025-12-26 14:27:00+00:00,2025-12-26 14:41:00+00:00,4527.008,4522.407999999999,4522.458,4536.108,-0.5106799430735345,0.0,10051.020571071065,sl,4.550000000000182,9.100000000000364
2025-12-26 15:28:00+00:00,2025-12-26 17:33:00+00:00,4532.155,4512.335,4512.385,4571.694999999999,-2.19775391307916,0.0,10048.822817157987,sl,19.769999999999527,39.539999999999054
2025-12-26 17:47:00+00:00,2025-12-28 23:00:00+00:00,4520.7480000000005,4542.944000000001,4509.625,4542.9940000000015,2.466889010951804,0.0,10051.289706168938,tp,11.123000000000502,22.246000000001004
2025-12-29 12:30:00+00:00,2025-12-29 13:09:00+00:00,4456.408,4466.624000000002,4451.275,4466.674000000002,1.1520935205914105,0.0,10052.44179968953,tp,5.13300000000072,10.26600000000144
2025-12-29 16:02:00+00:00,2025-12-29 17:25:00+00:00,4332.615,4323.875,4323.925,4349.994999999999,-1.0139181686958605,0.0,10051.427881520834,sl,8.6899999999996,17.3799999999992
2025-12-29 17:58:00+00:00,2025-12-30 01:51:00+00:00,4328.255,4355.025,4314.845,4355.075,3.108374210718962,0.0,10054.536255731553,tp,13.409999999999854,26.81999999999971
2025-12-30 07:14:00+00:00,2025-12-30 07:48:00+00:00,4366.235000000001,4378.525000000002,4360.065,4378.575000000003,1.415066419729569,0.0,10055.951322151283,tp,6.170000000000982,12.340000000001965
2025-12-30 08:52:00+00:00,2025-12-30 10:26:00+00:00,4362.545,4379.495,4354.045,4379.545,1.953542885064365,0.0,10057.904865036347,tp,8.5,17.0
2025-12-30 11:10:00+00:00,2025-12-30 13:33:00+00:00,4389.025000000001,4378.335,4378.385,4410.305000000001,-1.2248620480316663,0.0,10056.680002988316,sl,10.640000000000327,21.280000000000655
2025-12-30 14:31:00+00:00,2025-12-30 14:32:00+00:00,4390.645,4380.575,4380.625,4410.685000000001,-1.153256157467736,0.0,10055.526746830848,sl,10.020000000000437,20.040000000000873
2025-12-30 15:11:00+00:00,2025-12-30 15:31:00+00:00,4371.465,4360.3949999999995,4360.445,4393.505000000001,-1.273196526649804,0.0,10054.253550304198,sl,11.020000000000437,22.040000000000873
2025-12-30 16:29:00+00:00,2025-12-30 19:47:00+00:00,4370.835,4354.535,4354.585,4403.335,-1.8747485648618658,0.0,10052.378801739336,sl,16.25,32.5
2025-12-30 20:32:00+00:00,2025-12-30 20:49:00+00:00,4352.439,4345.768,4345.818,4365.6810000000005,-0.7703659831465288,0.0,10051.60843575619,sl,6.621000000000095,13.24200000000019
2025-12-30 21:06:00+00:00,2025-12-30 21:54:00+00:00,4347.785,4337.6849999999995,4337.735,4367.885,-1.167505352738707,0.0,10050.440930403453,sl,10.050000000000182,20.100000000000364
2025-12-31 09:24:00+00:00,2025-12-31 10:30:00+00:00,4320.035,4310.595,4310.645,4338.814999999999,-1.0980948346831054,0.0,10049.34283556877,sl,9.389999999999418,18.779999999998836
2025-12-31 11:09:00+00:00,2025-12-31 12:24:00+00:00,4311.548,4303.808,4303.858,4326.927999999999,-0.902018411337414,0.0,10048.440817157432,sl,7.6899999999996,15.3799999999992
2025-12-31 12:36:00+00:00,2025-12-31 13:31:00+00:00,4311.735000000001,4329.959000000002,4302.598,4330.009000000002,2.1235394273058037,0.0,10050.564356584739,tp,9.137000000000626,18.27400000000125
2025-12-31 14:33:00+00:00,2025-12-31 14:40:00+00:00,4345.898,4335.525,4335.575,4366.544000000001,-1.199458708773866,0.0,10049.364897875965,sl,10.32300000000032,20.64600000000064
2025-12-31 17:01:00+00:00,2025-12-31 18:47:00+00:00,4325.028,4316.635,4316.685,4341.714,-0.9750725265579006,0.0,10048.389825349406,sl,8.342999999999847,16.685999999999694
2025-12-31 20:13:00+00:00,2026-01-01 23:00:00+00:00,4312.675,4329.585000000001,4304.195,4329.635000000001,1.9699869796201446,0.0,10050.359812329027,tp,8.480000000000473,16.960000000000946
2026-01-02 07:15:00+00:00,2026-01-02 07:20:00+00:00,4377.125,4372.875,4372.925,4385.525,-0.4879233424039566,0.0,10049.871888986623,sl,4.199999999999818,8.399999999999636
2026-01-02 07:56:00+00:00,2026-01-02 08:46:00+00:00,4380.735000000001,4391.925000000002,4375.115,4391.975000000002,1.2835524910520102,0.0,10051.155441477675,tp,5.6200000000008,11.2400000000016
2026-01-02 10:21:00+00:00,2026-01-02 10:27:00+00:00,4389.368,4385.648,4385.698,4396.7080000000005,-0.4259189277624878,0.0,10050.729522549913,sl,3.6700000000000728,7.3400000000001455
2026-01-02 12:06:00+00:00,2026-01-02 12:41:00+00:00,4393.148,4390.195,4390.245,4398.954000000001,-0.33779654452905084,0.0,10050.391726005384,sl,2.9030000000002474,5.806000000000495
2026-01-02 13:02:00+00:00,2026-01-02 13:24:00+00:00,4394.455,4384.655,4384.705,4413.955,-1.1206604563575528,0.0,10049.271065549026,sl,9.75,19.5
2026-01-02 16:42:00+00:00,2026-01-02 18:10:00+00:00,4325.135,4314.875,4314.925,4345.555,-1.191934137692063,0.0,10048.079131411334,sl,10.210000000000036,20.420000000000073
2026-01-02 19:18:00+00:00,2026-01-04 23:00:00+00:00,4322.005,4342.335000000001,4311.815,4342.385000000001,2.36322550230276,0.0,10050.442356913636,tp,10.19000000000051,20.38000000000102
2026-01-05 07:42:00+00:00,2026-01-05 08:51:00+00:00,4423.318,4433.408000000001,4418.248,4433.458000000001,1.146299716426325,0.0,10051.588656630063,tp,5.0700000000006185,10.140000000001237
2026-01-05 09:43:00+00:00,2026-01-05 10:06:00+00:00,4434.275000000001,4430.675,4430.725,4441.375000000001,-0.4080229481016838,0.0,10051.18063368196,sl,3.550000000000182,7.100000000000364
2026-01-05 10:31:00+00:00,2026-01-05 11:05:00+00:00,4434.488,4430.909,4430.959,4441.546000000001,-0.4056068647378694,0.0,10050.775026817222,sl,3.529000000000451,7.058000000000902
2026-01-05 11:50:00+00:00,2026-01-05 12:42:00+00:00,4425.755,4410.235,4410.285,4456.695000000001,-1.7622759101690861,0.0,10049.012750907053,sl,15.470000000000255,30.94000000000051
2026-01-05 13:02:00+00:00,2026-01-05 13:22:00+00:00,4413.738,4405.215,4405.265,4430.684,-0.9702403685490871,0.0,10048.042510538504,sl,8.472999999999956,16.945999999999913
2026-01-05 14:47:00+00:00,2026-01-06 03:12:00+00:00,4432.785,4462.995,4417.655,4463.045,3.4239351135163174,0.0,10051.46644565202,tp,15.13000000000011,30.26000000000022
2026-01-06 07:09:00+00:00,2026-01-06 07:52:00+00:00,4468.735000000001,4460.835,4460.885,4484.435000000001,-0.8884682680966363,0.0,10050.577977383924,sl,7.850000000000364,15.700000000000728
2026-01-06 08:59:00+00:00,2026-01-06 09:01:00+00:00,4468.725,4464.675,4464.725,4476.725,-0.4554413261993826,0.0,10050.122536057725,sl,4.0,8.0
2026-01-06 10:32:00+00:00,2026-01-06 11:18:00+00:00,4453.245,4448.3279999999995,4448.378,4462.979,-0.5548364452191555,0.0,10049.567699612506,sl,4.867000000000189,9.734000000000378
2026-01-06 11:24:00+00:00,2026-01-06 11:33:00+00:00,4452.1990000000005,4457.517000000001,4449.515,4457.567000000001,0.600193309267414,0.0,10050.167892921772,tp,2.6840000000001965,5.368000000000393
2026-01-06 12:06:00+00:00,2026-01-06 12:35:00+00:00,4462.879,4459.388,4459.438,4469.7609999999995,-0.3930773847351649,0.0,10049.774815537037,sl,3.4409999999998035,6.881999999999607
2026-01-06 13:04:00+00:00,2026-01-06 13:23:00+00:00,4463.665,4459.205,4459.255,4472.485,-0.5020761602550321,0.0,10049.272739376782,sl,4.4099999999998545,8.819999999999709
2026-01-06 14:16:00+00:00,2026-01-06 14:20:00+00:00,4472.578,4465.974999999999,4466.025,4485.684000000002,-0.7418020199772333,0.0,10048.530937356805,sl,6.553000000000793,13.106000000001586
2026-01-06 14:32:00+00:00,2026-01-06 15:37:00+00:00,4473.898,4464.115,4464.165,4493.3640000000005,-1.0986479593428953,0.0,10047.432289397462,sl,9.733000000000175,19.46600000000035
2026-01-06 16:30:00+00:00,2026-01-07 01:10:00+00:00,4483.175,4471.128,4471.178,4507.169000000001,-1.3499519513556357,0.0,10046.082337446107,sl,11.997000000000298,23.994000000000597
2026-01-07 07:24:00+00:00,2026-01-07 08:39:00+00:00,4451.335,4471.205,4441.375,4471.255,2.2421998798680964,0.0,10048.324537325974,tp,9.960000000000036,19.920000000000073
2026-01-07 09:55:00+00:00,2026-01-07 10:28:00+00:00,4465.245,4459.795,4459.845,4476.044999999999,-0.6132179614827937,0.0,10047.711319364491,sl,5.399999999999636,10.799999999999272
2026-01-07 12:29:00+00:00,2026-01-07 13:06:00+00:00,4449.125,4439.085,4439.135,4469.105,-1.1336950709006728,0.0,10046.57762429359,sl,9.989999999999782,19.979999999999563
2026-01-07 13:57:00+00:00,2026-01-07 14:21:00+00:00,4452.3550000000005,4444.415,4444.465,4468.135000000001,-0.8958161055991293,0.0,10045.68180818799,sl,7.890000000000327,15.780000000000655
2026-01-07 16:01:00+00:00,2026-01-07 16:43:00+00:00,4448.575,4465.384999999998,4440.145,4465.434999999999,1.8980000471569647,0.0,10047.579808235147,tp,8.429999999999382,16.859999999998763
2026-01-07 16:48:00+00:00,2026-01-07 17:12:00+00:00,4465.738,4458.718,4458.768,4479.678000000001,-0.7897240081461911,0.0,10046.790084227001,sl,6.970000000000255,13.94000000000051
2026-01-07 18:26:00+00:00,2026-01-07 19:16:00+00:00,4453.325,4446.764999999999,4446.815,4466.345,-0.7399745465751225,0.0,10046.050109680426,sl,6.510000000000218,13.020000000000437
2026-01-07 19:55:00+00:00,2026-01-07 20:59:00+00:00,4457.535,4451.695,4451.745,4469.115,-0.6580871786821096,0.0,10045.392022501743,sl,5.789999999999964,11.579999999999927
2026-01-07 21:51:00+00:00,2026-01-07 23:22:00+00:00,4455.285,4462.335,4451.735,4462.385,0.7947865709897247,0.0,10046.186809072733,tp,3.550000000000182,7.100000000000364
2026-01-08 07:09:00+00:00,2026-01-08 07:23:00+00:00,4437.7480000000005,4431.655,4431.705,4449.834000000002,-0.6896675546661026,0.0,10045.497141518066,sl,6.043000000000575,12.08600000000115
2026-01-08 13:22:00+00:00,2026-01-08 15:43:00+00:00,4429.785,4455.114999999999,4417.095,4455.164999999999,2.8720631203844293,0.0,10048.369204638451,tp,12.6899999999996,25.3799999999992
2026-01-08 17:53:00+00:00,2026-01-08 18:03:00+00:00,4462.775000000001,4458.548,4458.598,4471.129000000002,-0.4758749503169495,0.0,10047.893329688135,sl,4.177000000000589,8.354000000001179
2026-01-08 18:48:00+00:00,2026-01-08 19:07:00+00:00,4453.755,4447.625,4447.675,4465.915,-0.6914792810896577,0.0,10047.201850407046,sl,6.079999999999927,12.159999999999854
2026-01-09 08:06:00+00:00,2026-01-09 08:35:00+00:00,4473.5650000000005,4469.495,4469.545,4481.605000000001,-0.45704166063489504,0.0,10046.74480874641,sl,4.020000000000437,8.040000000000873
2026-01-09 09:19:00+00:00,2026-01-09 12:33:00+00:00,4476.365,4463.855,4463.905,4501.285,-1.403870970725352,0.0,10045.340937775685,sl,12.460000000000036,24.920000000000073
2026-01-09 13:02:00+00:00,2026-01-09 13:19:00+00:00,4468.255,4463.995,4464.045,4476.675,-0.47885754500276523,0.0,10044.862080230683,sl,4.210000000000036,8.420000000000073
2026-01-09 13:32:00+00:00,2026-01-09 15:22:00+00:00,4476.465,4505.8550000000005,4461.745,4505.905000000001,3.297451186795642,0.0,10048.15953141748,tp,14.720000000000255,29.44000000000051
2026-01-09 16:38:00+00:00,2026-01-09 17:48:00+00:00,4506.528,4499.898,4499.948,4519.688,-0.739142169906622,0.0,10047.420389247573,sl,6.579999999999927,13.159999999999854
2026-01-09 18:18:00+00:00,2026-01-11 23:00:00+00:00,4493.885,4518.375000000001,4481.615,4518.425000000001,2.737735003595775,0.0,10050.158124251167,tp,12.270000000000437,24.540000000000873
2026-01-12 07:09:00+00:00,2026-01-12 08:48:00+00:00,4580.785,4593.134999999999,4574.585,4593.1849999999995,1.354783654269917,0.0,10051.512907905437,tp,6.199999999999818,12.399999999999636
2026-01-12 10:27:00+00:00,2026-01-12 11:25:00+00:00,4593.075,4585.785,4585.835,4607.554999999999,-0.7976739885439523,0.0,10050.715233916893,sl,7.239999999999782,14.479999999999563
2026-01-12 12:45:00+00:00,2026-01-12 13:08:00+00:00,4586.135,4602.065,4578.145,4602.115,1.7455645513737592,0.0,10052.460798468268,tp,7.989999999999782,15.979999999999563
2026-01-12 14:39:00+00:00,2026-01-12 23:12:00+00:00,4605.235000000001,4584.565,4584.615,4646.475000000002,-2.255958324649545,0.0,10050.204840143619,sl,20.6200000000008,41.2400000000016
2026-01-13 07:31:00+00:00,2026-01-13 07:46:00+00:00,4585.245,4578.655,4578.705,4598.325,-0.7222171323075203,0.0,10049.48262301131,sl,6.539999999999964,13.079999999999927
2026-01-13 07:59:00+00:00,2026-01-13 08:11:00+00:00,4581.765,4589.795,4577.725,4589.845,0.8806360154086718,0.0,10050.363259026719,tp,4.039999999999964,8.079999999999927
2026-01-13 08:32:00+00:00,2026-01-13 10:03:00+00:00,4592.595,4584.565,4584.615,4608.555000000001,-0.8786363370816623,0.0,10049.484622689637,sl,7.980000000000473,15.960000000000946
2026-01-13 10:21:00+00:00,2026-01-13 11:53:00+00:00,4584.005,4591.835000000001,4580.065,4591.885000000001,0.8582829272183197,0.0,10050.342905616855,tp,3.9400000000005093,7.880000000001019
2026-01-13 12:36:00+00:00,2026-01-13 12:52:00+00:00,4582.595,4592.505000000001,4577.615,4592.555000000001,1.086708493710122,0.0,10051.429614110566,tp,4.980000000000473,9.960000000000946
2026-01-13 13:02:00+00:00,2026-01-13 14:47:00+00:00,4595.3150000000005,4630.665000000002,4577.615,4630.715000000002,3.866090103277156,0.0,10055.295704213842,tp,17.700000000000728,35.400000000001455
2026-01-13 17:01:00+00:00,2026-01-13 17:11:00+00:00,4614.165,4609.675,4609.725,4623.044999999999,-0.4892356223923284,0.0,10054.80646859145,sl,4.4399999999996,8.8799999999992
2026-01-13 19:39:00+00:00,2026-01-13 19:46:00+00:00,4597.595,4592.224999999999,4592.275,4608.2350000000015,-0.5872016862766744,0.0,10054.219266905175,sl,5.3200000000006185,10.640000000001237
2026-01-14 09:10:00+00:00,2026-01-14 09:35:00+00:00,4637.955,4632.995,4633.045,4647.775,-0.537617630656723,0.0,10053.681649274518,sl,4.9099999999998545,9.819999999999709
2026-01-14 10:16:00+00:00,2026-01-14 11:32:00+00:00,4633.365,4627.835,4627.885,4644.324999999999,-0.5999620094735201,0.0,10053.081687265045,sl,5.479999999999563,10.959999999999127
2026-01-14 12:01:00+00:00,2026-01-14 13:30:00+00:00,4632.225,4625.745,4625.795,4645.085000000001,-0.7031606769261234,0.0,10052.378526588118,sl,6.430000000000291,12.860000000000582
2026-01-14 13:41:00+00:00,2026-01-14 14:38:00+00:00,4633.915,4623.595,4623.645,4654.454999999999,-1.1193617750259386,0.0,10051.259164813091,sl,10.269999999999527,20.539999999999054
2026-01-14 17:51:00+00:00,2026-01-14 18:52:00+00:00,4612.425,4635.255000000001,4600.985,4635.305000000001,2.487522796931021,0.0,10053.746687610022,tp,11.44000000000051,22.88000000000102
2026-01-14 19:39:00+00:00,2026-01-14 20:02:00+00:00,4638.835,4634.385,4634.435,4647.634999999999,-0.4822242304356889,0.0,10053.264463379586,sl,4.399999999999636,8.799999999999272
2026-01-14 21:51:00+00:00,2026-01-14 23:06:00+00:00,4623.335,4617.615,4617.665,4634.675,-0.6218960201946625,0.0,10052.642567359391,sl,5.670000000000073,11.340000000000146
2026-01-15 08:44:00+00:00,2026-01-15 11:06:00+00:00,4606.425,4621.255000000001,4598.985,4621.305000000001,1.6181820964625298,0.0,10054.260749455854,tp,7.440000000000509,14.880000000001019
2026-01-15 11:35:00+00:00,2026-01-15 11:45:00+00:00,4621.345,4617.025,4617.075,4629.885000000001,-0.4699325243804077,0.0,10053.790816931474,sl,4.270000000000437,8.540000000000873
2026-01-15 16:12:00+00:00,2026-01-15 16:39:00+00:00,4622.885,4608.245,4608.295,4652.0650000000005,-1.591944181608239,0.0,10052.198872749866,sl,14.590000000000146,29.18000000000029
2026-01-15 18:01:00+00:00,2026-01-15 18:30:00+00:00,4617.935,4613.275,4613.325,4627.155000000002,-0.5071882426563178,0.0,10051.69168450721,sl,4.610000000000582,9.220000000001164
2026-01-15 19:04:00+00:00,2026-01-15 19:39:00+00:00,4619.678,4615.478,4615.528,4627.977999999999,-0.45692692299039517,0.0,10051.23475758422,sl,4.149999999999636,8.299999999999272
2026-01-15 21:19:00+00:00,2026-01-16 00:08:00+00:00,4612.265,4603.175,4603.225,4630.345,-0.9904648144289413,0.0,10050.24429276979,sl,9.039999999999964,18.079999999999927
2026-01-16 09:06:00+00:00,2026-01-16 09:24:00+00:00,4607.655,4600.8949999999995,4600.945,4621.075,-0.7372475957849055,0.0,10049.507045174005,sl,6.710000000000036,13.420000000000073
2026-01-16 10:02:00+00:00,2026-01-16 10:19:00+00:00,4603.045,4609.134999999999,4599.975,4609.1849999999995,0.6647936084168417,0.0,10050.171838782422,tp,3.069999999999709,6.139999999999418
2026-01-16 13:45:00+00:00,2026-01-16 15:26:00+00:00,4599.375,4582.345,4582.395,4633.334999999999,-1.8606270027390908,0.0,10048.311211779683,sl,16.979999999999563,33.95999999999913
2026-01-16 16:31:00+00:00,2026-01-16 16:51:00+00:00,4594.555,4584.048,4584.098,4615.469000000001,-1.148942671294329,0.0,10047.162269108389,sl,10.457000000000335,20.91400000000067
2026-01-16 18:04:00+00:00,2026-01-18 23:00:00+00:00,4587.225,4604.795000000001,4578.415,4604.845000000001,1.9241332294387195,0.0,10049.086402337827,tp,8.8100000000004,17.6200000000008
2026-01-19 08:01:00+00:00,2026-01-19 08:11:00+00:00,4666.465,4673.515,4662.915,4673.5650000000005,0.759097723185361,0.0,10049.845500061012,tp,3.550000000000182,7.100000000000364
2026-01-19 10:15:00+00:00,2026-01-19 10:20:00+00:00,4670.415,4666.505,4666.555,4678.134999999999,-0.4206788465825531,0.0,10049.42482121443,sl,3.8599999999996726,7.719999999999345
2026-01-19 11:30:00+00:00,2026-01-19 11:41:00+00:00,4666.805,4661.505,4661.555,4677.305,-0.5706468510301835,0.0,10048.8541743634,sl,5.25,10.5
2026-01-19 12:41:00+00:00,2026-01-19 12:49:00+00:00,4673.345,4669.735,4669.785,4680.465000000001,-0.38811989666350033,0.0,10048.466054466737,sl,3.5600000000004,7.1200000000008
2026-01-19 13:01:00+00:00,2026-01-19 13:42:00+00:00,4672.015,4667.764999999999,4667.815,4680.415000000002,-0.4570402784611433,0.0,10048.009014188276,sl,4.200000000000728,8.400000000001455
2026-01-19 14:31:00+00:00,2026-01-19 14:36:00+00:00,4669.515,4666.764999999999,4666.815,4674.915000000002,-0.29587681792463344,0.0,10047.71313737035,sl,2.7000000000007276,5.400000000001455
2026-01-19 15:04:00+00:00,2026-01-19 18:24:00+00:00,4669.115,4679.884999999999,4663.705,4679.9349999999995,1.1588263567022223,0.0,10048.871963727053,tp,5.4099999999998545,10.819999999999709
2026-01-20 07:12:00+00:00,2026-01-20 08:50:00+00:00,4716.0650000000005,4725.715000000001,4711.215,4725.765000000001,1.0280987905167924,0.0,10049.90006251757,tp,4.850000000000364,9.700000000000728
2026-01-20 09:50:00+00:00,2026-01-20 13:21:00+00:00,4736.185,4720.947999999999,4720.998,4766.559000000002,-1.6165999348905309,0.0,10048.28346258268,sl,15.187000000000808,30.374000000001615
2026-01-20 13:45:00+00:00,2026-01-20 17:55:00+00:00,4729.765,4759.095000000001,4715.075,4759.145000000001,3.1155475373254107,0.0,10051.399010120005,tp,14.69000000000051,29.38000000000102
2026-01-20 21:20:00+00:00,2026-01-20 21:33:00+00:00,4760.385,4758.275,4758.325,4764.505000000001,-0.2227598388718461,0.0,10051.176250281133,sl,2.0600000000004,4.1200000000008
2026-01-20 21:49:00+00:00,2026-01-20 23:01:00+00:00,4760.948,4756.955,4757.005,4768.834000000001,-0.42149532789873473,0.0,10050.754754953234,sl,3.943000000000211,7.886000000000422
2026-01-21 07:52:00+00:00,2026-01-21 15:19:00+00:00,4854.895,4838.3949999999995,4838.445,4887.795000000002,-1.7079406810727884,0.0,10049.04681427216,sl,16.450000000000728,32.900000000001455
2026-01-21 18:57:00+00:00,2026-01-21 19:27:00+00:00,4844.915,4830.054999999999,4830.105,4874.535000000001,-1.5410882921587907,0.0,10047.505725980001,sl,14.8100000000004,29.6200000000008
2026-01-21 20:31:00+00:00,2026-01-21 23:27:00+00:00,4806.265,4787.715,4787.765,4843.265,-1.9389404372931043,0.0,10045.56678554271,sl,18.5,37.0
2026-01-22 07:17:00+00:00,2026-01-22 09:32:00+00:00,4835.635,4821.235,4821.285,4864.335000000001,-1.4957307748808637,0.0,10044.071054767828,sl,14.350000000000364,28.700000000000728
2026-01-22 10:19:00+00:00,2026-01-22 12:59:00+00:00,4825.428,4819.255,4819.305,4837.673999999999,-0.6424513081645766,0.0,10043.428603459664,sl,6.1229999999995925,12.245999999999185
2026-01-22 15:26:00+00:00,2026-01-22 16:19:00+00:00,4845.898,4877.714,4829.965,4877.764,3.297033124177095,0.0,10046.725636583842,tp,15.932999999999993,31.865999999999985
2026-01-22 16:23:00+00:00,2026-01-22 17:08:00+00:00,4878.035,4870.405,4870.455,4893.195,-0.7857315149146717,0.0,10045.939905068928,sl,7.579999999999927,15.159999999999854
2026-01-22 17:35:00+00:00,2026-01-22 23:03:00+00:00,4895.665,4948.555,4869.195,4948.6050000000005,5.426533081604838,0.0,10051.366438150533,tp,26.470000000000255,52.94000000000051
2026-01-23 07:04:00+00:00,2026-01-23 07:43:00+00:00,4955.645,4950.485,4950.535,4965.865000000002,-0.5232926371931851,0.0,10050.84314551334,sl,5.110000000000582,10.220000000001164
2026-01-23 09:45:00+00:00,2026-01-23 14:46:00+00:00,4916.735000000001,4951.065000000001,4899.545,4951.115000000002,3.508887963104391,0.0,10054.352033476443,tp,17.19000000000051,34.38000000000102
2026-01-23 15:42:00+00:00,2026-01-23 16:31:00+00:00,4957.385,4986.495,4942.805,4986.545,2.9519816162603463,0.0,10057.304015092705,tp,14.579999999999927,29.159999999999854
2026-01-23 17:19:00+00:00,2026-01-23 17:54:00+00:00,4986.965,4977.014999999999,4977.065,5006.765000000001,-1.0033173979582743,0.0,10056.300697694745,sl,9.900000000000546,19.80000000000109
2026-01-23 18:26:00+00:00,2026-01-23 18:30:00+00:00,4982.675,4974.735,4974.785,4998.455000000001,-0.8012465948481629,0.0,10055.499451099897,sl,7.890000000000327,15.780000000000655
2026-01-23 19:32:00+00:00,2026-01-23 20:08:00+00:00,4979.225,4971.224999999999,4971.275,4995.125000000002,-0.8077963499220091,0.0,10054.691654749975,sl,7.950000000000728,15.900000000001455
2026-01-23 21:53:00+00:00,2026-01-25 23:00:00+00:00,4985.165,4993.9349999999995,4980.755,4993.985,0.8844205338454447,0.0,10055.57607528382,tp,4.4099999999998545,8.819999999999709
2026-01-26 08:02:00+00:00,2026-01-26 08:51:00+00:00,5094.585,5085.6849999999995,5085.735,5112.285000000001,-0.8783308853422948,0.0,10054.697744398478,sl,8.850000000000364,17.700000000000728
2026-01-26 09:29:00+00:00,2026-01-26 09:49:00+00:00,5096.655,5086.974999999999,5087.025,5115.915,-0.9548367916386354,0.0,10053.742907606838,sl,9.63000000000011,19.26000000000022
2026-01-26 10:21:00+00:00,2026-01-26 11:19:00+00:00,5090.925,5078.345,5078.395,5115.985,-1.2421719606721104,0.0,10052.500735646167,sl,12.529999999999745,25.05999999999949
2026-01-26 12:03:00+00:00,2026-01-26 12:19:00+00:00,5092.575,5087.095,5087.145,5103.434999999999,-0.5408629625615392,0.0,10051.959872683605,sl,5.4299999999993815,10.859999999998763
2026-01-26 12:23:00+00:00,2026-01-26 12:31:00+00:00,5095.275000000001,5086.9349999999995,5086.985,5111.855000000002,-0.8226577107044455,0.0,10051.1372149729,sl,8.290000000000873,16.580000000001746
2026-01-26 16:03:00+00:00,2026-01-26 16:28:00+00:00,5094.915,5073.795,5073.845,5137.054999999999,-2.083253773421407,0.0,10049.053961199477,sl,21.06999999999971,42.13999999999942
2026-01-27 07:32:00+00:00,2026-01-27 08:08:00+00:00,5093.295,5081.045,5081.095,5117.695,-1.2084604467706426,0.0,10047.845500752706,sl,12.199999999999818,24.399999999999636
2026-01-27 09:53:00+00:00,2026-01-27 10:33:00+00:00,5094.848,5082.505,5082.555,5119.433999999999,-1.2171173410452003,0.0,10046.62838341166,sl,12.292999999999665,24.58599999999933
2026-01-27 11:10:00+00:00,2026-01-27 11:32:00+00:00,5088.415,5083.505,5083.555,5098.134999999999,-0.48471818201296274,0.0,10046.143665229647,sl,4.859999999999673,9.719999999999345
2026-01-27 16:00:00+00:00,2026-01-27 17:43:00+00:00,5090.625,5078.505,5078.555,5114.764999999999,-1.195916623426222,0.0,10044.94774860622,sl,12.069999999999709,24.139999999999418
2026-01-27 18:31:00+00:00,2026-01-27 20:03:00+00:00,5088.635,5108.625000000001,5078.615,5108.675000000001,1.9730095152692746,0.0,10046.92075812149,tp,10.020000000000437,20.040000000000873
2026-01-27 20:43:00+00:00,2026-01-27 20:55:00+00:00,5147.765,5178.175000000001,5132.535,5178.225000000001,2.9675680635623634,0.0,10049.888326185053,tp,15.230000000000473,30.460000000000946
2026-01-28 07:10:00+00:00,2026-01-28 08:32:00+00:00,5272.225,5302.975000000001,5256.825,5303.0250000000015,2.93077463528396,0.0,10052.819100820338,tp,15.400000000000546,30.80000000000109
2026-01-28 10:10:00+00:00,2026-01-28 11:04:00+00:00,5281.675,5262.865,5262.915,5319.195000000001,-1.7900905232377473,0.0,10051.0290102971,sl,18.76000000000022,37.52000000000044
2026-01-28 12:22:00+00:00,2026-01-28 14:06:00+00:00,5267.005,5251.465,5251.515,5297.985,-1.4827495969722504,0.0,10049.546260700126,sl,15.489999999999782,30.979999999999563
2026-01-28 14:36:00+00:00,2026-01-28 15:08:00+00:00,5271.005,5248.485,5248.535,5315.945000000001,-2.1467991568113787,0.0,10047.399461543315,sl,22.470000000000255,44.94000000000051
2026-01-28 15:24:00+00:00,2026-01-28 19:57:00+00:00,5273.295,5331.325,5244.255,5331.375,5.528332766831327,0.0,10052.927794310146,tp,29.039999999999964,58.07999999999993
2026-01-28 21:07:00+00:00,2026-01-28 23:01:00+00:00,5395.495,5452.439,5366.998,5452.4890000000005,5.304924944969842,0.0,10058.232719255117,tp,28.4970000000003,56.9940000000006
2026-01-29 09:35:00+00:00,2026-01-29 10:31:00+00:00,5520.495,5500.175,5500.225,5561.034999999999,-1.8511319080558992,0.0,10056.381587347061,sl,20.269999999999527,40.539999999999054
2026-01-29 11:47:00+00:00,2026-01-29 13:20:00+00:00,5523.075,5508.235,5508.285,5552.655,-1.351029116535914,0.0,10055.030558230525,sl,14.789999999999964,29.579999999999927
2026-01-29 13:43:00+00:00,2026-01-29 14:46:00+00:00,5526.085,5499.575,5499.625,5579.005,-2.4118237422939877,0.0,10052.618734488231,sl,26.460000000000036,52.92000000000007
2026-01-29 16:14:00+00:00,2026-01-30 02:19:00+00:00,5269.1050000000005,5166.175,5166.225,5474.865000000001,-9.81870779136947,0.0,10042.800026696861,sl,102.88000000000011,205.76000000000022
2026-01-30 07:11:00+00:00,2026-01-30 07:35:00+00:00,5172.745,5122.785,5122.835,5272.565,-4.849826246352523,0.0,10037.950200450508,sl,49.909999999999854,99.81999999999971
2026-01-30 07:52:00+00:00,2026-01-30 08:15:00+00:00,5161.309,5136.285,5136.335,5211.2570000000005,-2.4333910817592685,0.0,10035.51680936875,sl,24.97400000000016,49.94800000000032
2026-01-30 10:40:00+00:00,2026-01-30 11:42:00+00:00,5079.515,5136.725,5050.885,5136.775000000001,5.651444248751964,0.0,10041.168253617501,tp,28.63000000000011,57.26000000000022
2026-01-30 11:57:00+00:00,2026-01-30 12:46:00+00:00,5137.928,5087.165,5087.215,5239.353999999999,-4.960363633534612,0.0,10036.207889983967,sl,50.71299999999974,101.42599999999948
2026-01-30 14:10:00+00:00,2026-01-30 15:01:00+00:00,5059.048,4990.825,4990.875,5195.393999999999,-6.767085535444374,0.0,10029.440804448523,sl,68.17299999999977,136.34599999999955
2026-01-30 18:05:00+00:00,2026-01-30 18:10:00+00:00,4882.4580000000005,4799.407999999999,4799.458,5048.458000000002,-8.529976692164691,0.0,10020.910827756357,sl,83.00000000000091,166.00000000000182
2026-01-30 19:56:00+00:00,2026-01-30 20:54:00+00:00,4940.235000000001,4841.755,4841.805,5137.095000000001,-9.987979299744351,0.0,10010.922848456614,sl,98.43000000000029,196.86000000000058
2026-02-02 07:45:00+00:00,2026-02-02 09:28:00+00:00,4582.098,4699.107999999999,4523.568,4699.157999999999,12.782115119514048,0.0,10023.704963576129,tp,58.529999999999745,117.05999999999949
2026-02-02 09:49:00+00:00,2026-02-02 10:26:00+00:00,4713.688,4677.998,4678.048,4784.968000000001,-3.794757206565614,0.0,10019.910206369563,sl,35.64000000000033,71.28000000000065
2026-02-02 10:56:00+00:00,2026-02-02 15:30:00+00:00,4710.898,4655.5779999999995,4655.628,4821.438000000001,-5.883182278796637,0.0,10014.027024090767,sl,55.27000000000044,110.54000000000087
2026-02-02 16:22:00+00:00,2026-02-03 07:33:00+00:00,4703.598,4918.494,4596.125,4918.544,22.875831984036548,0.0,10036.902856074803,tp,107.47299999999996,214.9459999999999
2026-02-03 08:13:00+00:00,2026-02-03 09:27:00+00:00,4931.665,4897.945,4897.995,4999.005,-3.431339763617814,0.0,10033.471516311185,sl,33.67000000000007,67.34000000000015
2026-02-03 10:10:00+00:00,2026-02-03 10:56:00+00:00,4922.785,4913.724999999999,4913.775,4940.805,-0.923290900758243,0.0,10032.548225410426,sl,9.010000000000218,18.020000000000437
2026-02-03 11:34:00+00:00,2026-02-03 16:26:00+00:00,4914.015,4975.105000000001,4883.445,4975.155000000002,6.236126376194756,0.0,10038.78435178662,tp,30.57000000000062,61.14000000000124
2026-02-03 19:15:00+00:00,2026-02-04 00:14:00+00:00,4915.368,4985.464000000001,4880.295,4985.514000000001,7.157944511202819,0.0,10045.942296297822,tp,35.07300000000032,70.14600000000064
2026-02-04 07:27:00+00:00,2026-02-04 09:16:00+00:00,5086.385,5061.735,5061.785,5135.585000000001,-2.434267929027657,0.0,10043.508028368795,sl,24.600000000000364,49.20000000000073
2026-02-04 13:55:00+00:00,2026-02-04 14:25:00+00:00,5061.205,5032.795,5032.845,5117.924999999999,-2.8188550264804135,0.0,10040.689173342314,sl,28.359999999999673,56.719999999999345
2026-02-04 18:26:00+00:00,2026-02-04 23:41:00+00:00,4922.225,5021.895000000001,4872.365,5021.9450000000015,10.165682083885219,0.0,10050.8548554262,tp,49.86000000000058,99.72000000000116
2026-02-05 07:27:00+00:00,2026-02-05 07:42:00+00:00,4935.715,4897.6849999999995,4897.735,5011.675000000001,-3.872123999783871,0.0,10046.982731426417,sl,37.98000000000047,75.96000000000095
2026-02-05 08:04:00+00:00,2026-02-05 09:01:00+00:00,4928.135,4895.335,4895.385,4993.635,-3.3434659723281555,0.0,10043.639265454089,sl,32.75,65.5
2026-02-05 11:15:00+00:00,2026-02-05 11:51:00+00:00,4886.8150000000005,4867.715,4867.765,4924.915000000001,-1.9627662390552614,0.0,10041.676499215033,sl,19.050000000000182,38.100000000000364
2026-02-05 14:07:00+00:00,2026-02-05 14:14:00+00:00,4846.6050000000005,4814.428,4814.478,4910.859000000001,-3.3333748543077886,0.0,10038.343124360725,sl,32.12700000000041,64.25400000000081
2026-02-05 14:39:00+00:00,2026-02-05 15:46:00+00:00,4840.575,4805.6849999999995,4805.735,4910.255,-3.617729212014575,0.0,10034.725395148711,sl,34.840000000000146,69.68000000000029
2026-02-05 16:07:00+00:00,2026-02-05 16:44:00+00:00,4830.678,4877.334,4807.325,4877.384,4.845905150747553,0.0,10039.571300299458,tp,23.353000000000065,46.70600000000013
2026-02-05 18:26:00+00:00,2026-02-05 19:05:00+00:00,4867.625,4850.6849999999995,4850.735,4901.405000000001,-1.7469539850242977,0.0,10037.824346314434,sl,16.890000000000327,33.780000000000655
2026-02-05 19:08:00+00:00,2026-02-05 19:14:00+00:00,4864.5650000000005,4850.855,4850.905,4891.885000000002,-1.4145002871580539,0.0,10036.409846027276,sl,13.660000000000764,27.320000000001528
2026-02-06 07:26:00+00:00,2026-02-06 07:59:00+00:00,4860.6050000000005,4842.065,4842.115,4897.585000000002,-1.914113968789425,0.0,10034.495732058487,sl,18.49000000000069,36.98000000000138
2026-02-06 09:01:00+00:00,2026-02-06 09:03:00+00:00,4871.145,4851.985,4852.035,4909.365000000002,-1.9734676161995615,0.0,10032.522264442288,sl,19.110000000000582,38.220000000001164
2026-02-06 09:36:00+00:00,2026-02-06 13:39:00+00:00,4870.798,4936.534,4837.905,4936.584,6.76991617775339,0.0,10039.292180620041,tp,32.89300000000003,65.78600000000006
2026-02-06 14:34:00+00:00,2026-02-08 23:24:00+00:00,4928.388,4996.843999999999,4894.135,4996.893999999999,6.9723587663604984,0.0,10046.264539386402,tp,34.2529999999997,68.5059999999994
2026-02-09 08:05:00+00:00,2026-02-09 10:01:00+00:00,5016.6050000000005,5000.535,5000.585,5048.645000000001,-1.6090909205323687,0.0,10044.65544846587,sl,16.020000000000437,32.04000000000087
2026-02-09 10:16:00+00:00,2026-02-09 10:27:00+00:00,5014.3150000000005,4996.195,4996.245,5050.455000000002,-1.8148955213843723,0.0,10042.840552944486,sl,18.07000000000062,36.14000000000124
2026-02-09 11:25:00+00:00,2026-02-09 14:31:00+00:00,5002.445000000001,5028.189000000002,4989.548,5028.239000000002,2.5841652151599663,0.0,10045.424718159646,tp,12.897000000000844,25.794000000001688
2026-02-09 14:44:00+00:00,2026-02-09 20:20:00+00:00,5036.025000000001,5080.895000000002,5013.565,5080.945000000002,4.475138696728476,0.0,10049.899856856375,tp,22.460000000000946,44.92000000000189
2026-02-09 20:33:00+00:00,2026-02-09 20:36:00+00:00,5081.455,5075.264999999999,5075.315,5093.735000000001,-0.6121168062488607,0.0,10049.287740050126,sl,6.140000000000327,12.280000000000655
2026-02-09 20:55:00+00:00,2026-02-09 21:06:00+00:00,5081.195000000001,5073.135,5073.185,5097.215000000001,-0.7970296277234787,0.0,10048.490710422402,sl,8.010000000000218,16.020000000000437
2026-02-09 21:50:00+00:00,2026-02-09 23:00:00+00:00,5065.135,5053.648,5053.698,5088.009,-1.1394268147899604,0.0,10047.351283607612,sl,11.436999999999898,22.873999999999796
2026-02-10 08:05:00+00:00,2026-02-10 09:09:00+00:00,5038.375,5062.825,5026.125,5062.875,2.43786676144793,0.0,10049.789150369059,tp,12.25,24.5
2026-02-10 10:01:00+00:00,2026-02-10 10:10:00+00:00,5049.5650000000005,5043.665,5043.715,5061.265000000001,-0.5871174644467685,0.0,10049.202032904612,sl,5.850000000000364,11.700000000000728
2026-02-10 10:33:00+00:00,2026-02-10 12:43:00+00:00,5053.155,5036.695,5036.745,5085.974999999999,-1.6366989085196306,0.0,10047.565333996092,sl,16.409999999999854,32.81999999999971
2026-02-10 13:32:00+00:00,2026-02-10 14:48:00+00:00,5049.8150000000005,5033.095,5033.145,5083.155000000001,-1.663380662305621,0.0,10045.901953333787,sl,16.670000000000073,33.340000000000146
2026-02-10 16:46:00+00:00,2026-02-10 18:24:00+00:00,5024.905,5005.445,5005.495,5063.724999999999,-1.9452432634236454,0.0,10043.956710070363,sl,19.409999999999854,38.81999999999971
2026-02-10 19:17:00+00:00,2026-02-10 19:30:00+00:00,5015.655,5027.544999999998,5009.685,5027.594999999998,1.1904990004567864,0.0,10045.14720907082,tp,5.969999999999345,11.93999999999869
2026-02-10 20:45:00+00:00,2026-02-10 20:58:00+00:00,5036.005,5027.885,5027.935,5052.1449999999995,-0.8098343363206941,0.0,10044.3373747345,sl,8.069999999999709,16.139999999999418
2026-02-11 09:31:00+00:00,2026-02-11 09:44:00+00:00,5055.085,5062.735000000001,5051.235,5062.785000000001,0.7600186833329647,0.0,10045.097393417833,tp,3.850000000000364,7.700000000000728
2026-02-11 11:29:00+00:00,2026-02-11 12:20:00+00:00,5107.035,5088.355,5088.405,5144.295,-1.8370974480207012,0.0,10043.260295969812,sl,18.63000000000011,37.26000000000022
2026-02-11 15:53:00+00:00,2026-02-11 17:43:00+00:00,5057.975,5096.1050000000005,5038.885,5096.155000000001,3.785601106028895,0.0,10047.045897075841,tp,19.090000000000146,38.18000000000029
2026-02-11 18:51:00+00:00,2026-02-11 21:33:00+00:00,5085.3550000000005,5070.8949999999995,5070.945,5114.175000000002,-1.4284183077850627,0.0,10045.617478768056,sl,14.410000000000764,28.820000000001528
2026-02-12 07:09:00+00:00,2026-02-12 12:52:00+00:00,5062.745,5051.485,5051.535,5085.165,-1.1171178166284348,0.0,10044.500360951428,sl,11.210000000000036,22.420000000000073
2026-02-12 13:38:00+00:00,2026-02-12 14:16:00+00:00,5074.4980000000005,5060.075,5060.125,5103.2440000000015,-1.4274498551975912,0.0,10043.072911096231,sl,14.373000000000502,28.746000000001004
2026-02-12 15:31:00+00:00,2026-02-12 15:59:00+00:00,5070.1050000000005,5062.3279999999995,5062.378,5085.559000000002,-0.7702501035935642,0.0,10042.302660992638,sl,7.727000000000771,15.454000000001543
2026-02-12 17:21:00+00:00,2026-02-12 18:00:00+00:00,4969.3550000000005,4939.005,4939.055,5029.955000000001,-3.0666342589846187,0.0,10039.236026733653,sl,30.300000000000182,60.600000000000364
2026-02-12 19:24:00+00:00,2026-02-12 20:24:00+00:00,4942.155,4929.175,4929.225,4968.0149999999985,-1.3183447668779962,0.0,10037.917681966775,sl,12.929999999999382,25.859999999998763
2026-02-13 07:18:00+00:00,2026-02-13 10:58:00+00:00,4968.225,4950.804999999999,4950.855,5002.965000000002,-1.7597887174984133,0.0,10036.157893249278,sl,17.3700000000008,34.7400000000016
2026-02-13 11:55:00+00:00,2026-02-13 12:22:00+00:00,4949.979,4971.657000000001,4939.115,4971.707000000001,2.1976237758772896,0.0,10038.355517025155,tp,10.864000000000487,21.728000000000975
2026-02-13 12:56:00+00:00,2026-02-13 13:16:00+00:00,4972.3550000000005,4964.905,4964.955,4987.155000000002,-0.7520153790492101,0.0,10037.603501646106,sl,7.400000000000546,14.800000000001091
2026-02-13 13:31:00+00:00,2026-02-17 00:52:00+00:00,4994.095,4957.335,4957.385,5067.515,-3.6941858807302728,0.0,10033.909315765377,sl,36.710000000000036,73.42000000000007
2026-02-17 07:39:00+00:00,2026-02-17 13:56:00+00:00,4917.895,4903.835,4903.885,4945.915000000001,-1.434320628842881,0.0,10032.474995136534,sl,14.010000000000218,28.020000000000437
2026-02-17 15:20:00+00:00,2026-02-17 17:11:00+00:00,4873.895,4850.8679999999995,4850.918,4919.849000000002,-2.3699505396917506,0.0,10030.105044596841,sl,22.97700000000077,45.95400000000154
2026-02-17 18:02:00+00:00,2026-02-17 18:40:00+00:00,4866.885,4893.835,4853.385,4893.885,2.777046621729125,0.0,10032.882091218571,tp,13.5,27.0
2026-02-18 07:07:00+00:00,2026-02-18 07:54:00+00:00,4938.305,4929.764999999999,4929.815,4955.285000000002,-0.8675123656701577,0.0,10032.0145788529,sl,8.490000000000691,16.980000000001382
2026-02-18 09:24:00+00:00,2026-02-18 10:38:00+00:00,4921.095,4912.6849999999995,4912.735,4937.815000000001,-0.857220218347345,0.0,10031.157358634553,sl,8.360000000000582,16.720000000001164
2026-02-18 11:16:00+00:00,2026-02-18 11:44:00+00:00,4916.905,4912.085,4912.135,4926.444999999999,-0.491672896553987,0.0,10030.665685737999,sl,4.769999999999527,9.539999999999054
2026-02-18 12:01:00+00:00,2026-02-18 12:58:00+00:00,4917.165,4939.334999999999,4906.055,4939.384999999999,2.261260891721175,0.0,10032.92694662972,tp,11.109999999999673,22.219999999999345
2026-02-18 13:08:00+00:00,2026-02-20 09:03:00+00:00,4955.318,5030.914000000001,4917.495,5030.964000000001,7.652880657279965,0.0,10040.579827287,tp,37.82300000000032,75.64600000000064
2026-02-20 10:33:00+00:00,2026-02-20 11:41:00+00:00,5030.885,5022.938,5022.988,5046.679,-0.7930263550791854,0.0,10039.78680093192,sl,7.8969999999999345,15.793999999999869
2026-02-20 12:37:00+00:00,2026-02-20 14:45:00+00:00,5024.055,5058.565000000001,5006.775,5058.615000000002,3.4481414166462336,0.0,10043.234942348567,tp,17.280000000000655,34.56000000000131
2026-02-20 15:02:00+00:00,2026-02-20 15:02:00+00:00,5062.905,5040.045,5040.095,5108.524999999999,-2.267357878353287,0.0,10040.967584470214,sl,22.80999999999949,45.61999999999898
2026-02-20 16:06:00+00:00,2026-02-20 16:33:00+00:00,5045.875,5065.284999999999,5036.145,5065.334999999999,1.9312327476855478,0.0,10042.8988172179,tp,9.729999999999563,19.459999999999127
2026-02-20 17:04:00+00:00,2026-02-20 17:20:00+00:00,5069.615,5059.905,5059.955,5088.9349999999995,-0.9617746861959555,0.0,10041.937042531703,sl,9.659999999999854,19.31999999999971
2026-02-20 18:32:00+00:00,2026-02-20 18:34:00+00:00,5070.595,5063.825,5063.875,5084.035000000001,-0.6703741255014847,0.0,10041.2666684062,sl,6.720000000000255,13.44000000000051
2026-02-20 19:55:00+00:00,2026-02-20 20:55:00+00:00,5075.685,5088.635,5069.185,5088.685,1.2809542293883334,0.0,10042.54762263559,tp,6.5,13.0
2026-02-20 21:30:00+00:00,2026-02-22 23:01:00+00:00,5097.775000000001,5110.345000000001,5091.465,5110.395000000001,1.2381364773507615,0.0,10043.78575911294,tp,6.3100000000004,12.6200000000008
2026-02-23 07:08:00+00:00,2026-02-23 07:18:00+00:00,5150.775000000001,5145.915,5145.965,5160.395000000001,-0.4738393619338325,0.0,10043.311919751006,sl,4.8100000000004,9.6200000000008
2026-02-23 08:47:00+00:00,2026-02-23 10:23:00+00:00,5134.245,5153.394999999999,5124.645,5153.444999999999,1.8730058972956978,0.0,10045.184925648302,tp,9.599999999999454,19.19999999999891
2026-02-23 10:51:00+00:00,2026-02-23 13:26:00+00:00,5156.025000000001,5144.697999999999,5144.748,5178.579000000002,-1.1033869080622156,0.0,10044.08153874024,sl,11.277000000000953,22.554000000001906
2026-02-23 14:15:00+00:00,2026-02-23 14:44:00+00:00,5156.8550000000005,5188.0650000000005,5141.225,5188.115000000001,3.0394085622349594,0.0,10047.120947302476,tp,15.63000000000011,31.26000000000022
2026-02-23 15:19:00+00:00,2026-02-23 15:36:00+00:00,5198.465,5186.425,5186.475,5222.445,-1.1634909170834222,0.0,10045.957456385393,sl,11.989999999999782,23.979999999999563
2026-02-23 17:26:00+00:00,2026-02-23 17:36:00+00:00,5211.525000000001,5199.285,5199.335,5235.905000000002,-1.1797172542217889,0.0,10044.777739131172,sl,12.19000000000051,24.38000000000102
2026-02-23 19:40:00+00:00,2026-02-23 20:52:00+00:00,5214.785,5231.0149999999985,5206.645,5231.064999999999,1.5631204614004741,0.0,10046.340859592572,tp,8.139999999999418,16.279999999998836
2026-02-23 20:59:00+00:00,2026-02-23 23:00:00+00:00,5236.5650000000005,5224.375,5224.425,5260.845000000001,-1.169324691648424,0.0,10045.171534900923,sl,12.140000000000327,24.280000000000655
2026-02-24 07:16:00+00:00,2026-02-24 08:20:00+00:00,5175.235000000001,5165.085,5165.135,5195.435000000001,-0.9850614617427986,0.0,10044.18647343918,sl,10.100000000000364,20.200000000000728
2026-02-24 08:34:00+00:00,2026-02-24 10:36:00+00:00,5178.255,5164.525,5164.575,5205.615000000001,-1.3315941401140412,0.0,10042.854879299066,sl,13.680000000000291,27.360000000000582
2026-02-24 14:39:00+00:00,2026-02-25 01:15:00+00:00,5132.148,5177.584000000001,5109.405,5177.634000000001,4.445576728261134,0.0,10047.300456027328,tp,22.743000000000393,45.486000000000786
2026-02-25 07:48:00+00:00,2026-02-25 07:52:00+00:00,5188.525000000001,5185.485,5185.535,5194.505000000002,-0.2943398498256426,0.0,10047.006116177501,sl,2.990000000000691,5.980000000001382
2026-02-25 08:02:00+00:00,2026-02-25 09:03:00+00:00,5189.445000000001,5180.014999999999,5180.065,5208.205000000003,-0.9128458599673557,0.0,10046.093270317533,sl,9.380000000001019,18.760000000002037
2026-02-25 09:35:00+00:00,2026-02-25 10:16:00+00:00,5189.255,5181.398,5181.448,5204.869,-0.7605345548145598,0.0,10045.332735762719,sl,7.806999999999789,15.613999999999578
2026-02-25 12:17:00+00:00,2026-02-25 12:35:00+00:00,5184.515,5177.838,5177.888,5197.769000000001,-0.6468559419414698,0.0,10044.685879820778,sl,6.6270000000004075,13.254000000000815
2026-02-25 13:06:00+00:00,2026-02-25 14:25:00+00:00,5188.085,5178.325,5178.375,5207.505,-0.9448200461928917,0.0,10043.741059774586,sl,9.710000000000036,19.420000000000073
2026-02-25 15:49:00+00:00,2026-02-25 20:45:00+00:00,5195.725,5171.708,5171.758,5243.6590000000015,-2.3213365702824302,0.0,10041.419723204302,sl,23.967000000000553,47.934000000001106
2026-02-26 08:50:00+00:00,2026-02-26 10:50:00+00:00,5179.425,5170.245,5170.295,5197.685,-0.889869368308436,0.0,10040.529853835995,sl,9.13000000000011,18.26000000000022
2026-02-26 12:10:00+00:00,2026-02-26 14:30:00+00:00,5168.835,5157.445,5157.495,5191.515,-1.1062612274835169,0.0,10039.423592608511,sl,11.340000000000146,22.68000000000029
2026-02-26 14:37:00+00:00,2026-02-26 15:27:00+00:00,5173.145,5139.4349999999995,5139.485,5240.465000000002,-3.271017623774729,0.0,10036.152574984737,sl,33.660000000000764,67.32000000000153
2026-02-26 17:11:00+00:00,2026-02-26 17:27:00+00:00,5189.285,5175.045,5175.095,5217.664999999999,-1.37701834325712,0.0,10034.77555664148,sl,14.1899999999996,28.3799999999992
2026-02-26 18:15:00+00:00,2026-02-26 18:35:00+00:00,5173.115,5163.245,5163.295,5192.754999999999,-0.9572881594943309,0.0,10033.818268481986,sl,9.819999999999709,19.639999999999418
2026-02-26 18:44:00+00:00,2026-02-27 13:20:00+00:00,5180.408,5220.944000000001,5160.115,5220.9940000000015,3.9256643234586495,0.0,10037.743932805444,tp,20.293000000000575,40.58600000000115
2026-02-27 15:08:00+00:00,2026-02-27 15:21:00+00:00,5230.848,5219.95,5220.0,5252.544,-1.0456367053651257,0.0,10036.69829610008,sl,10.847999999999956,21.695999999999913
2026-02-27 15:49:00+00:00,2026-02-27 16:14:00+00:00,5236.2480000000005,5255.044000000002,5226.825,5255.094000000002,1.8013831771672102,0.0,10038.499679277247,tp,9.423000000000684,18.846000000001368
2026-02-27 18:04:00+00:00,2026-02-27 18:19:00+00:00,5237.125,5231.804999999999,5231.855,5247.665000000001,-0.509867706936164,0.0,10037.98981157031,sl,5.270000000000437,10.540000000000873
2026-02-27 19:58:00+00:00,2026-02-27 20:56:00+00:00,5250.305,5264.069,5243.398,5264.119000000001,1.3157606250156417,0.0,10039.305572195326,tp,6.907000000000153,13.814000000000306
2026-02-27 21:38:00+00:00,2026-03-01 23:00:00+00:00,5265.085,5281.489,5256.858,5281.539,1.5639326678134118,0.0,10040.86950486314,tp,8.226999999999862,16.453999999999724
2026-03-02 07:49:00+00:00,2026-03-02 08:43:00+00:00,5412.175,5401.788,5401.838,5432.849000000001,-0.963517546522606,0.0,10039.905987316617,sl,10.337000000000444,20.674000000000888
2026-03-02 11:19:00+00:00,2026-03-02 11:45:00+00:00,5395.995,5382.035,5382.085,5423.815,-1.2987140238541766,0.0,10038.607273292762,sl,13.909999999999854,27.81999999999971
2026-03-02 13:04:00+00:00,2026-03-02 13:12:00+00:00,5399.925,5385.245,5385.295,5429.185,-1.3645259403782521,0.0,10037.242747352384,sl,14.63000000000011,29.26000000000022
2026-03-02 19:02:00+00:00,2026-03-03 06:13:00+00:00,5320.585,5290.785,5290.835,5380.085,-2.810873558744977,0.0,10034.43187379364,sl,29.75,59.5
2026-03-03 07:34:00+00:00,2026-03-03 08:29:00+00:00,5320.085,5310.965,5311.015,5338.224999999999,-0.8600804187244837,0.0,10033.571793374915,sl,9.069999999999709,18.139999999999418
2026-03-03 10:04:00+00:00,2026-03-03 10:38:00+00:00,5284.575,5258.925,5258.975,5335.774999999999,-2.4350218939088095,0.0,10031.136771481006,sl,25.599999999999454,51.19999999999891
2026-03-03 12:56:00+00:00,2026-03-03 13:00:00+00:00,5214.405,5197.105,5197.155,5248.905,-1.664031333839846,0.0,10029.472740147166,sl,17.25,34.5
2026-03-03 14:09:00+00:00,2026-03-03 14:24:00+00:00,5170.648,5127.025,5127.075,5257.794000000001,-4.230762656280652,0.0,10025.241977490885,sl,43.57300000000032,87.14600000000064
2026-03-03 16:24:00+00:00,2026-03-03 16:55:00+00:00,5124.465,5099.458,5099.508,5174.379000000001,-2.4461209719562893,0.0,10022.79585651893,sl,24.957000000000335,49.91400000000067
2026-03-03 18:01:00+00:00,2026-03-03 18:39:00+00:00,5088.625,5131.134999999999,5067.345,5131.1849999999995,4.186485070727483,0.0,10026.982341589657,tp,21.279999999999745,42.55999999999949
2026-03-03 19:02:00+00:00,2026-03-03 19:08:00+00:00,5140.125,5130.585,5130.635,5159.105,-0.9304969386811115,0.0,10026.051844650976,sl,9.489999999999782,18.979999999999563
2026-03-03 19:50:00+00:00,2026-03-03 20:51:00+00:00,5123.085,5099.038,5099.088,5171.079000000001,-2.3530399037721104,0.0,10023.698804747204,sl,23.9970000000003,47.9940000000006
2026-03-04 07:48:00+00:00,2026-03-04 08:03:00+00:00,5173.575,5163.285,5163.335,5194.054999999999,-0.996833530980496,0.0,10022.701971216224,sl,10.239999999999782,20.479999999999563
2026-03-04 09:37:00+00:00,2026-03-04 10:17:00+00:00,5178.895,5199.345,5168.645,5199.395,1.9788415802151804,0.0,10024.68081279644,tp,10.25,20.5
2026-03-04 11:13:00+00:00,2026-03-04 11:51:00+00:00,5195.3550000000005,5187.438,5187.488,5211.089000000001,-0.7638111158420658,0.0,10023.917001680598,sl,7.867000000000189,15.734000000000378
2026-03-04 12:04:00+00:00,2026-03-04 12:16:00+00:00,5204.595,5187.4349999999995,5187.485,5238.815000000001,-1.6524860795974203,0.0,10022.264515601,sl,17.110000000000582,34.220000000001164
2026-03-04 13:09:00+00:00,2026-03-04 14:48:00+00:00,5183.285,5159.365,5159.415,5231.025,-2.312554366711233,0.0,10019.951961234288,sl,23.86999999999989,47.73999999999978
2026-03-04 15:36:00+00:00,2026-03-04 17:23:00+00:00,5165.669,5130.915,5130.965,5235.076999999999,-3.370651608346717,0.0,10016.58130962594,sl,34.70399999999972,69.40799999999945
2026-03-04 18:32:00+00:00,2026-03-04 18:40:00+00:00,5128.875,5110.938999999999,5110.989,5164.647000000001,-1.7514308924418798,0.0,10014.829878733499,sl,17.886000000000422,35.772000000000844
2026-03-04 19:01:00+00:00,2026-03-05 02:23:00+00:00,5134.768,5186.898,5108.678,5186.948,5.083706621003893,0.0,10019.913585354503,tp,26.090000000000146,52.18000000000029
2026-03-05 08:31:00+00:00,2026-03-05 09:06:00+00:00,5149.005,5172.529,5137.218,5172.579000000001,2.2888737453341252,0.0,10022.202459099837,tp,11.787000000000262,23.574000000000524
2026-03-05 12:02:00+00:00,2026-03-05 13:00:00+00:00,5165.278,5156.585,5156.635,5182.564,-0.8433525356907895,0.0,10021.359106564147,sl,8.643000000000029,17.286000000000058
2026-03-05 14:05:00+00:00,2026-03-05 14:15:00+00:00,5128.735000000001,5109.585,5109.635,5166.935000000001,-1.8709196994064703,0.0,10019.48818686474,sl,19.100000000000364,38.20000000000073
2026-03-05 14:59:00+00:00,2026-03-05 15:06:00+00:00,5108.635,5093.865,5093.915,5138.075000000001,-1.4484088266239084,0.0,10018.039778038117,sl,14.720000000000255,29.44000000000051
2026-03-05 15:58:00+00:00,2026-03-05 16:09:00+00:00,5096.115,5077.255,5077.305,5133.734999999999,-1.8537673327014366,0.0,10016.186010705416,sl,18.80999999999949,37.61999999999898
2026-03-05 18:06:00+00:00,2026-03-05 19:35:00+00:00,5070.075,5055.355,5055.405,5099.415,-1.4540047048375646,0.0,10014.732006000579,sl,14.670000000000073,29.340000000000146
2026-03-05 20:12:00+00:00,2026-03-05 23:41:00+00:00,5073.3550000000005,5097.045000000002,5061.485,5097.095000000002,2.3381864783971147,0.0,10017.070192478976,tp,11.8700000000008,23.7400000000016
2026-03-06 13:31:00+00:00,2026-03-08 23:42:00+00:00,5118.385,5065.008,5065.058,5225.039000000001,-5.223143195206636,0.0,10011.84704928377,sl,53.327000000000226,106.65400000000045
2026-03-09 08:03:00+00:00,2026-03-09 08:28:00+00:00,5107.835,5093.385,5093.435,5136.634999999999,-1.4161693737380774,0.0,10010.43087991003,sl,14.399999999999636,28.799999999999272
2026-03-09 09:29:00+00:00,2026-03-09 10:30:00+00:00,5125.5650000000005,5094.675,5094.725,5187.245000000001,-3.0164695002445985,0.0,10007.414410409787,sl,30.840000000000146,61.68000000000029
2026-03-09 12:02:00+00:00,2026-03-09 13:41:00+00:00,5096.415,5083.764999999999,5083.815,5121.615000000001,-1.2419886556696156,0.0,10006.172421754118,sl,12.600000000000364,25.200000000000728
2026-03-09 14:32:00+00:00,2026-03-09 20:06:00+00:00,5088.8150000000005,5146.117000000001,5060.139,5146.167000000001,5.633666110001644,0.0,10011.806087864119,tp,28.676000000000386,57.35200000000077
2026-03-09 20:47:00+00:00,2026-03-09 20:55:00+00:00,5139.488,5134.045,5134.095,5150.274,-0.5301526196407746,0.0,10011.27593524448,sl,5.393000000000029,10.786000000000058
2026-03-10 07:05:00+00:00,2026-03-10 07:07:00+00:00,5177.275000000001,5173.825,5173.875,5184.075000000002,-0.3335625592285588,0.0,10010.942372685251,sl,3.4000000000005457,6.800000000001091
2026-03-10 08:30:00+00:00,2026-03-10 10:18:00+00:00,5183.985000000001,5175.085,5175.135,5201.685000000001,-0.8593522851330028,0.0,10010.083020400118,sl,8.850000000000364,17.700000000000728
2026-03-10 11:01:00+00:00,2026-03-10 13:25:00+00:00,5178.745,5223.834999999999,5156.175,5223.884999999999,4.357760841572945,0.0,10014.44078124169,tp,22.56999999999971,45.13999999999942
2026-03-10 15:32:00+00:00,2026-03-10 16:12:00+00:00,5229.658,5223.105,5223.155,5242.664000000002,-0.6274275530014078,0.0,10013.813353688689,sl,6.503000000000611,13.006000000001222
2026-03-10 16:19:00+00:00,2026-03-10 18:02:00+00:00,5229.805,5222.3949999999995,5222.445,5244.5250000000015,-0.7094180084232666,0.0,10013.103935680265,sl,7.360000000000582,14.720000000001164
2026-03-10 19:55:00+00:00,2026-03-10 22:02:00+00:00,5196.7480000000005,5184.665,5184.715,5220.814000000001,-1.1640773696822515,0.0,10011.939858310583,sl,12.033000000000357,24.066000000000713
2026-03-11 08:53:00+00:00,2026-03-11 10:42:00+00:00,5187.335,5179.165,5179.215,5203.575,-0.7884351853350342,0.0,10011.151423125248,sl,8.11999999999989,16.23999999999978
2026-03-11 12:11:00+00:00,2026-03-11 12:36:00+00:00,5189.6050000000005,5175.375,5175.425,5217.965000000001,-1.3725388035416664,0.0,10009.778884321706,sl,14.180000000000291,28.360000000000582
2026-03-11 14:02:00+00:00,2026-03-11 22:56:00+00:00,5184.675,5149.014999999999,5149.065,5255.895000000001,-3.4423441682932845,0.0,10006.336540153412,sl,35.61000000000058,71.22000000000116
2026-03-12 07:32:00+00:00,2026-03-12 07:45:00+00:00,5171.725,5183.475000000001,5165.825,5183.5250000000015,1.1367044298257514,0.0,10007.473244583238,tp,5.900000000000546,11.800000000001091
2026-03-12 08:02:00+00:00,2026-03-12 08:52:00+00:00,5185.945000000001,5175.605,5175.655,5206.525000000002,-0.9976703700964938,0.0,10006.475574213142,sl,10.290000000000873,20.580000000001746
2026-03-12 09:28:00+00:00,2026-03-12 09:59:00+00:00,5179.1050000000005,5188.8150000000005,5174.225,5188.865000000001,0.9380276884288885,0.0,10007.413601901571,tp,4.880000000000109,9.760000000000218
2026-03-12 10:05:00+00:00,2026-03-12 10:27:00+00:00,5188.135,5182.415,5182.465,5199.475,-0.5516665025378054,0.0,10006.861935399034,sl,5.670000000000073,11.340000000000146
2026-03-12 19:29:00+00:00,2026-03-12 20:20:00+00:00,5094.205,5080.755,5080.805,5121.004999999999,-1.3210333411309045,0.0,10005.540902057903,sl,13.399999999999636,26.799999999999272
2026-03-13 08:51:00+00:00,2026-03-13 11:59:00+00:00,5086.235000000001,5107.425000000002,5075.615,5107.475000000002,2.084227446378521,0.0,10007.625129504282,tp,10.6200000000008,21.2400000000016
2026-03-13 12:46:00+00:00,2026-03-13 13:32:00+00:00,5116.795,5104.085,5104.135,5142.115,-1.2429354253590361,0.0,10006.382194078924,sl,12.659999999999854,25.31999999999971
2026-03-13 16:30:00+00:00,2026-03-13 19:41:00+00:00,5040.6050000000005,5024.054999999999,5024.105,5073.605000000002,-1.6427157584458323,0.0,10004.739478320478,sl,16.50000000000091,33.00000000000182
2026-03-13 20:43:00+00:00,2026-03-15 22:00:00+00:00,5021.508,5012.825,5012.875,5038.773999999999,-0.8649906849720905,0.0,10003.874487635507,sl,8.63299999999981,17.26599999999962
2026-03-16 08:11:00+00:00,2026-03-16 08:13:00+00:00,4999.928,4992.035,4992.085,5015.614,-0.7896171837965202,0.0,10003.08487045171,sl,7.842999999999847,15.685999999999694
2026-03-16 09:27:00+00:00,2026-03-16 09:45:00+00:00,4989.495,4979.625,4979.675,5009.134999999999,-0.9893831707553299,0.0,10002.095487280954,sl,9.819999999999709,19.639999999999418
2026-03-16 10:22:00+00:00,2026-03-16 11:10:00+00:00,4981.045,5002.8550000000005,4970.115,5002.905000000001,2.189758399869923,0.0,10004.285245680825,tp,10.930000000000291,21.860000000000582
2026-03-16 11:19:00+00:00,2026-03-16 11:55:00+00:00,5008.165,4995.295,4995.345,5033.804999999999,-1.2854523674031422,0.0,10002.999793313422,sl,12.819999999999709,25.639999999999418
2026-03-16 12:15:00+00:00,2026-03-16 13:35:00+00:00,5005.3550000000005,5031.105000000001,4992.455,5031.155000000002,2.5730167458434985,0.0,10005.572810059266,tp,12.900000000000546,25.80000000000109
2026-03-16 17:01:00+00:00,2026-03-16 19:10:00+00:00,4994.655,5018.4389999999985,4982.738,5018.488999999999,2.3822720860043085,0.0,10007.95508214527,tp,11.916999999999462,23.833999999998923
2026-03-16 19:53:00+00:00,2026-03-16 20:03:00+00:00,5015.075,5007.865,5007.915,5029.3949999999995,-0.7194045566842746,0.0,10007.235677588586,sl,7.1599999999998545,14.319999999999709
2026-03-17 08:20:00+00:00,2026-03-17 08:28:00+00:00,5026.035,5018.655,5018.705,5040.695,-0.7347083665414672,0.0,10006.500969222045,sl,7.329999999999927,14.659999999999854
2026-03-17 09:01:00+00:00,2026-03-17 09:03:00+00:00,5025.045,5020.535,5020.585,5033.965,-0.44904393265327586,0.0,10006.051925289392,sl,4.460000000000036,8.920000000000073
2026-03-17 10:32:00+00:00,2026-03-17 10:39:00+00:00,5007.655,5000.775,5000.825,5021.315,-0.6873640181481364,0.0,10005.364561271244,sl,6.829999999999927,13.659999999999854
2026-03-17 11:46:00+00:00,2026-03-17 11:57:00+00:00,5010.8150000000005,5003.865,5003.915,5024.615000000002,-0.6938719918899662,0.0,10004.670689279354,sl,6.900000000000546,13.800000000001091
2026-03-17 13:02:00+00:00,2026-03-17 13:32:00+00:00,5014.985000000001,5026.115000000001,5009.395,5026.165000000001,1.110192600493125,0.0,10005.780881879848,tp,5.5900000000001455,11.180000000000291
2026-03-17 13:42:00+00:00,2026-03-17 13:53:00+00:00,5028.725,5010.235,5010.285,5065.605000000001,-1.8395009520898966,0.0,10003.941380927758,sl,18.44000000000051,36.88000000000102
2026-03-17 14:09:00+00:00,2026-03-17 14:23:00+00:00,5018.2080000000005,5009.245,5009.295,5036.0340000000015,-0.8933998610386613,0.0,10003.047981066718,sl,8.913000000000466,17.82600000000093
2026-03-17 16:19:00+00:00,2026-03-18 01:52:00+00:00,5000.685,4991.304999999999,4991.355,5019.345000000002,-0.9381573730640503,0.0,10002.109823693654,sl,9.330000000000837,18.660000000001673
2026-03-18 09:21:00+00:00,2026-03-18 10:28:00+00:00,4992.439,4984.089,4984.139,5009.039000000001,-0.8364410364137214,0.0,10001.27338265724,sl,8.300000000000182,16.600000000000364
2026-03-18 14:46:00+00:00,2026-03-18 16:53:00+00:00,4866.1050000000005,4885.669000000002,4856.298,4885.719000000002,2.010487982260128,0.0,10003.2838706395,tp,9.807000000000698,19.614000000001397
2026-03-18 17:23:00+00:00,2026-03-18 18:03:00+00:00,4890.835,4883.695,4883.745,4905.015,-0.7301764099215093,0.0,10002.553694229578,sl,7.0900000000001455,14.180000000000291
2026-03-19 09:02:00+00:00,2026-03-19 10:20:00+00:00,4719.658,4686.585,4686.635,4785.704000000001,-3.504644386619306,0.0,9999.049049842959,sl,33.02300000000014,66.04600000000028
2026-03-19 10:34:00+00:00,2026-03-19 10:53:00+00:00,4695.735000000001,4670.615,4670.665,4745.875000000002,-2.67451327781554,0.0,9996.374536565143,sl,25.07000000000062,50.14000000000124
2026-03-19 11:02:00+00:00,2026-03-19 11:35:00+00:00,4691.795,4676.005,4676.055,4723.275,-1.682114776246226,0.0,9994.692421788897,sl,15.739999999999782,31.479999999999563
2026-03-19 13:32:00+00:00,2026-03-19 13:37:00+00:00,4580.185,4552.795,4552.845,4634.865000000001,-2.9884669007125386,0.0,9991.703954888184,sl,27.340000000000146,54.68000000000029
2026-03-19 14:40:00+00:00,2026-03-19 15:32:00+00:00,4617.925,4581.005,4581.055,4691.665,-3.9941500783844748,0.0,9987.7098048098,sl,36.86999999999989,73.73999999999978
2026-03-19 17:20:00+00:00,2026-03-19 19:01:00+00:00,4597.175,4644.285,4573.595,4644.335,5.117501605927405,0.0,9992.827306415727,tp,23.579999999999927,47.159999999999854
2026-03-19 20:52:00+00:00,2026-03-19 20:58:00+00:00,4661.345,4651.445,4651.495,4681.045000000001,-1.0611635733197302,0.0,9991.766142842407,sl,9.850000000000364,19.700000000000728
2026-03-20 07:01:00+00:00,2026-03-20 07:46:00+00:00,4674.5650000000005,4698.975000000001,4662.335,4699.0250000000015,2.6087883209110445,0.0,9994.374931163318,tp,12.230000000000473,24.460000000000946
2026-03-20 08:08:00+00:00,2026-03-20 08:56:00+00:00,4707.875,4685.075,4685.125,4753.375,-2.420112560661928,0.0,9991.954818602657,sl,22.75,45.5
2026-03-20 10:38:00+00:00,2026-03-20 10:51:00+00:00,4661.735000000001,4645.735,4645.785,4693.635000000002,-1.714718630484697,0.0,9990.240099972172,sl,15.950000000000728,31.900000000001455
2026-03-20 11:32:00+00:00,2026-03-20 13:35:00+00:00,4669.525000000001,4636.795,4636.845,4734.885000000001,-3.501218630075799,0.0,9986.738881342097,sl,32.68000000000029,65.36000000000058
2026-03-20 16:01:00+00:00,2026-03-20 16:18:00+00:00,4561.465,4596.175,4544.085,4596.225,3.799653253629969,0.0,9990.538534595727,tp,17.38000000000011,34.76000000000022
2026-03-20 17:07:00+00:00,2026-03-20 17:31:00+00:00,4589.145,4567.697999999999,4567.748,4631.939000000002,-2.33449890939908,0.0,9988.204035686329,sl,21.397000000000844,42.79400000000169
2026-03-20 19:45:00+00:00,2026-03-20 20:58:00+00:00,4514.185,4492.105,4492.155,4558.245000000002,-2.442739332880271,0.0,9985.761296353448,sl,22.030000000000655,44.06000000000131
2026-03-23 07:32:00+00:00,2026-03-23 08:09:00+00:00,4145.448,4239.7440000000015,4098.275,4239.794000000002,11.357244707941778,0.0,9997.11854106139,tp,47.173000000000684,94.34600000000137
2026-03-23 09:11:00+00:00,2026-03-23 11:06:00+00:00,4262.525000000001,4348.655000000001,4219.435,4348.705000000001,10.100255364386351,0.0,10007.218796425777,tp,43.090000000000146,86.18000000000029
2026-03-23 12:35:00+00:00,2026-03-24 00:39:00+00:00,4406.785,4348.458,4348.508,4523.339,-6.622640436725737,0.0,10000.596155989051,sl,58.277000000000044,116.55400000000009
2026-03-24 07:49:00+00:00,2026-03-24 08:20:00+00:00,4421.945000000001,4399.505,4399.555,4466.725000000001,-2.537496257194508,0.0,9998.058659731856,sl,22.390000000000327,44.780000000000655
2026-03-24 08:53:00+00:00,2026-03-24 09:16:00+00:00,4406.885,4395.865,4395.915,4428.825000000001,-1.2500735375469227,0.0,9996.80858619431,sl,10.970000000000255,21.94000000000051
2026-03-24 09:40:00+00:00,2026-03-24 11:01:00+00:00,4417.885,4404.865,4404.915,4443.825000000001,-1.4730855125501712,0.0,9995.335500681758,sl,12.970000000000255,25.94000000000051
2026-03-24 12:14:00+00:00,2026-03-24 12:33:00+00:00,4419.578,4390.125,4390.175,4478.384000000001,-3.3305512030965865,0.0,9992.004949478662,sl,29.403000000000247,58.806000000000495
2026-03-24 14:01:00+00:00,2026-03-24 20:24:00+00:00,4386.728,4458.4580000000005,4350.838,4458.508000000001,8.169260950600416,0.0,10000.174210429263,tp,35.89000000000033,71.78000000000065
2026-03-25 08:03:00+00:00,2026-03-25 08:15:00+00:00,4546.695000000001,4561.625000000002,4539.205,4561.675000000002,1.6418805413791873,0.0,10001.816090970642,tp,7.490000000000691,14.980000000001382
2026-03-25 10:51:00+00:00,2026-03-25 11:22:00+00:00,4559.658,4576.248000000001,4551.338,4576.298000000002,1.8195457745867507,0.0,10003.635636745228,tp,8.320000000000618,16.640000000001237
2026-03-25 11:31:00+00:00,2026-03-25 12:20:00+00:00,4583.585,4561.865,4561.915,4626.925,-2.3701858483055176,0.0,10001.265450896923,sl,21.670000000000073,43.340000000000146
2026-03-25 13:04:00+00:00,2026-03-25 14:00:00+00:00,4561.785,4539.255,4539.305,4606.744999999999,-2.4697405797150145,0.0,9998.795710317208,sl,22.479999999999563,44.95999999999913
2026-03-25 17:23:00+00:00,2026-03-25 18:49:00+00:00,4554.255,4542.918,4542.968,4576.829000000001,-1.2445103202156074,0.0,9997.551199996993,sl,11.287000000000262,22.574000000000524
2026-03-25 19:58:00+00:00,2026-03-25 20:37:00+00:00,4528.095,4513.248,4513.298,4557.689000000001,-1.6390296876099328,0.0,9995.912170309382,sl,14.79700000000048,29.59400000000096
2026-03-26 07:31:00+00:00,2026-03-26 08:16:00+00:00,4457.325,4438.705,4438.755,4494.464999999999,-2.0878428722514024,0.0,9993.82432743713,sl,18.56999999999971,37.13999999999942
2026-03-26 10:16:00+00:00,2026-03-26 12:02:00+00:00,4431.448,4416.474999999999,4416.525,4461.294000000002,-1.6883593314727467,0.0,9992.135968105658,sl,14.923000000000684,29.846000000001368
2026-03-26 12:40:00+00:00,2026-03-26 12:55:00+00:00,4444.515,4431.615,4431.665,4470.215000000001,-1.4500857122607127,0.0,9990.685882393398,sl,12.850000000000364,25.700000000000728
2026-03-26 13:24:00+00:00,2026-03-26 13:36:00+00:00,4449.675,4434.085,4434.135,4480.755,-1.7501816751393589,0.0,9988.935700718259,sl,15.539999999999964,31.079999999999927
2026-03-26 13:46:00+00:00,2026-03-26 15:57:00+00:00,4456.8550000000005,4434.085,4434.135,4502.295000000001,-2.551665534388701,0.0,9986.38403518387,sl,22.720000000000255,45.44000000000051
2026-03-26 18:41:00+00:00,2026-03-26 19:51:00+00:00,4393.865,4369.1449999999995,4369.195,4443.205,-2.809182955663725,0.0,9983.574852228207,sl,24.670000000000073,49.340000000000146
2026-03-26 20:13:00+00:00,2026-03-27 14:51:00+00:00,4396.768,4488.264,4350.995,4488.314,10.387825383093594,0.0,9993.9626776113,tp,45.77300000000014,91.54600000000028
2026-03-27 17:07:00+00:00,2026-03-27 17:15:00+00:00,4520.7480000000005,4505.815,4505.865,4550.514000000002,-1.6506100833841937,0.0,9992.312067527915,sl,14.88300000000072,29.76600000000144
2026-03-27 19:31:00+00:00,2026-03-27 19:41:00+00:00,4524.495,4506.875,4506.925,4559.634999999999,-1.945681657619699,0.0,9990.366385870295,sl,17.56999999999971,35.13999999999942
2026-03-27 20:40:00+00:00,2026-03-27 20:44:00+00:00,4510.015,4502.175,4502.225,4525.595,-0.8683393787517842,0.0,9989.498046491542,sl,7.789999999999964,15.579999999999927
2026-03-30 07:52:00+00:00,2026-03-30 08:53:00+00:00,4524.168000000001,4537.844000000001,4517.305,4537.894000000001,1.509850819905695,0.0,9991.007897311449,tp,6.863000000000284,13.726000000000568
2026-03-30 09:45:00+00:00,2026-03-30 11:44:00+00:00,4536.995,4563.984999999999,4523.475,4564.034999999999,2.9717610791771287,0.0,9993.979658390626,tp,13.519999999999527,27.039999999999054
2026-03-30 12:31:00+00:00,2026-03-30 13:22:00+00:00,4569.285,4560.705,4560.755,4586.344999999999,-0.9383125091670891,0.0,9993.04134588146,sl,8.529999999999745,17.05999999999949
2026-03-30 13:29:00+00:00,2026-03-30 13:34:00+00:00,4569.415,4558.705,4558.755,4590.735,-1.1711069449195446,0.0,9991.87023893654,sl,10.659999999999854,21.31999999999971
2026-03-30 14:48:00+00:00,2026-03-30 17:32:00+00:00,4535.678,4516.695,4516.745,4573.544,-2.0909296553429733,0.0,9989.779309281197,sl,18.932999999999993,37.865999999999985
2026-03-30 19:35:00+00:00,2026-03-30 23:10:00+00:00,4508.795,4492.835,4492.885,4540.615,-1.768065278817603,0.0,9988.01124400238,sl,15.909999999999854,31.81999999999971
2026-03-31 07:36:00+00:00,2026-03-31 10:38:00+00:00,4557.448,4543.014999999999,4543.065,4586.214000000002,-1.5815536050515044,0.0,9986.429690397328,sl,14.38300000000072,28.76600000000144
2026-03-31 10:51:00+00:00,2026-03-31 11:39:00+00:00,4547.825,4585.195,4529.115,4585.245,4.102981947745869,0.0,9990.532672345074,tp,18.710000000000036,37.42000000000007
2026-03-31 12:08:00+00:00,2026-03-31 12:14:00+00:00,4594.118,4576.398,4576.448,4629.4580000000005,-1.9267271645390613,0.0,9988.605945180536,sl,17.670000000000073,35.340000000000146
2026-03-31 13:01:00+00:00,2026-03-31 13:01:00+00:00,4576.635,4568.768,4568.818,4592.269,-0.8584949747001581,0.0,9987.747450205836,sl,7.817000000000007,15.634000000000015
2026-03-31 13:10:00+00:00,2026-03-31 13:32:00+00:00,4580.995,4568.768,4568.818,4605.348999999999,-1.3329002550064493,0.0,9986.414549950829,sl,12.17699999999968,24.35399999999936
2026-03-31 13:46:00+00:00,2026-03-31 14:34:00+00:00,4588.505,4629.615,4567.925,4629.665,4.473586736295104,0.0,9990.888136687123,tp,20.579999999999927,41.159999999999854
2026-03-31 15:53:00+00:00,2026-03-31 16:11:00+00:00,4623.198,4606.755,4606.805,4655.984,-1.7766941155402436,0.0,9989.111442571582,sl,16.39300000000003,32.78600000000006
2026-03-31 16:33:00+00:00,2026-03-31 16:40:00+00:00,4618.785,4638.354999999999,4608.975,4638.404999999999,2.1162157464691895,0.0,9991.227658318052,tp,9.80999999999949,19.61999999999898
2026-03-31 19:01:00+00:00,2026-03-31 19:08:00+00:00,4673.495,4663.335,4663.385,4693.714999999999,-1.0860274057050447,0.0,9990.141630912347,sl,10.109999999999673,20.219999999999345
2026-03-31 19:49:00+00:00,2026-03-31 20:20:00+00:00,4683.495,4676.1849999999995,4676.235,4698.015,-0.7796307599556875,0.0,9989.36200015239,sl,7.260000000000218,14.520000000000437
2026-04-01 07:02:00+00:00,2026-04-01 15:35:00+00:00,4728.035,4780.485,4701.785,4780.535,5.540801166954043,0.0,9994.902801319344,tp,26.25,52.5
2026-04-01 15:45:00+00:00,2026-04-01 18:03:00+00:00,4785.385,4767.885,4767.935,4820.285,-1.8275520049388767,0.0,9993.075249314405,sl,17.449999999999818,34.899999999999636
2026-04-01 19:27:00+00:00,2026-04-01 20:40:00+00:00,4765.595,4755.495,4755.545,4785.695000000001,-1.0589450007614907,0.0,9992.016304313644,sl,10.050000000000182,20.100000000000364
2026-04-02 07:49:00+00:00,2026-04-02 08:58:00+00:00,4646.985000000001,4617.474999999999,4617.525,4705.9050000000025,-3.1726420586714488,0.0,9988.843662254973,sl,29.460000000000946,58.92000000000189
2026-04-02 09:55:00+00:00,2026-04-02 10:17:00+00:00,4625.505,4617.447999999999,4617.498,4641.519000000001,-0.8699602895985984,0.0,9987.973701965373,sl,8.007000000000517,16.014000000001033
2026-04-02 10:43:00+00:00,2026-04-02 11:30:00+00:00,4626.885,4613.105,4613.155,4654.345000000001,-1.487331948093473,0.0,9986.48637001728,sl,13.730000000000473,27.460000000000946
2026-04-02 13:31:00+00:00,2026-04-02 13:57:00+00:00,4602.628000000001,4646.584000000002,4580.625,4646.634000000002,4.768645161856333,0.0,9991.255015179135,tp,22.00300000000061,44.00600000000122
2026-04-02 14:12:00+00:00,2026-04-05 22:00:00+00:00,4655.905,4631.081,4631.131,4705.452999999999,-2.6635306615663663,0.0,9988.591484517568,sl,24.773999999999432,49.547999999998865
2026-04-06 07:50:00+00:00,2026-04-07 01:00:00+00:00,4671.875,4644.6849999999995,4644.735,4726.155000000001,-2.9066467153341837,0.0,9985.684837802235,sl,27.140000000000327,54.280000000000655
2026-04-07 08:14:00+00:00,2026-04-07 11:12:00+00:00,4661.328,4638.455,4638.505,4706.974000000001,-2.449973154593021,0.0,9983.234864647642,sl,22.82300000000032,45.64600000000064
2026-04-07 11:42:00+00:00,2026-04-07 14:03:00+00:00,4659.305,4628.545,4628.595,4720.725,-3.2953874498081115,0.0,9979.939477197833,sl,30.710000000000036,61.42000000000007
2026-04-07 14:22:00+00:00,2026-04-07 17:35:00+00:00,4629.425,4673.555,4607.335,4673.6050000000005,4.7566893202583636,0.0,9984.696166518092,tp,22.090000000000146,44.18000000000029
2026-04-07 19:17:00+00:00,2026-04-07 19:19:00+00:00,4669.725,4688.675,4660.225,4688.725,2.025922215500014,0.0,9986.722088733592,tp,9.5,19.0
2026-04-07 19:46:00+00:00,2026-04-07 22:55:00+00:00,4709.495,4807.984999999999,4660.225,4808.034999999999,10.442651054087117,0.0,9997.164739787679,tp,49.26999999999953,98.53999999999905
2026-04-08 09:15:00+00:00,2026-04-08 09:40:00+00:00,4800.305,4792.848,4792.898,4815.119000000001,-0.7765012584054563,0.0,9996.388238529273,sl,7.407000000000153,14.814000000000306
2026-04-08 10:45:00+00:00,2026-04-08 12:22:00+00:00,4791.225,4770.835,4770.885,4831.905000000001,-2.127079777965083,0.0,9994.261158751307,sl,20.340000000000146,40.68000000000029
2026-04-08 13:01:00+00:00,2026-04-08 13:10:00+00:00,4802.845,4794.215,4794.265,4820.005,-0.8979102365371449,0.0,9993.36324851477,sl,8.579999999999927,17.159999999999854
2026-04-08 14:07:00+00:00,2026-04-08 14:25:00+00:00,4789.805,4767.8949999999995,4767.945,4833.5250000000015,-2.2856315525889492,0.0,9991.07761696218,sl,21.860000000000582,43.720000000001164
2026-04-08 19:32:00+00:00,2026-04-09 00:07:00+00:00,4714.935,4699.1849999999995,4699.235,4746.335000000002,-1.668734271704312,0.0,9989.408882690475,sl,15.700000000000728,31.400000000001455
2026-04-09 08:39:00+00:00,2026-04-09 10:52:00+00:00,4728.535,4745.7649999999985,4719.895,4745.814999999999,1.8199877451339945,0.0,9991.228870435609,tp,8.639999999999418,17.279999999998836
2026-04-09 11:31:00+00:00,2026-04-09 11:46:00+00:00,4746.695000000001,4756.265000000001,4741.885,4756.315000000001,1.0071856343210903,0.0,9992.236056069929,tp,4.8100000000004,9.6200000000008
2026-04-09 13:08:00+00:00,2026-04-09 13:38:00+00:00,4747.485000000001,4768.029000000001,4737.188,4768.0790000000015,2.161992060384692,0.0,9994.398048130313,tp,10.29700000000048,20.59400000000096
2026-04-09 15:16:00+00:00,2026-04-09 20:42:00+00:00,4774.848,4760.898,4760.948,4802.647999999999,-1.4599611628623157,0.0,9992.938086967451,sl,13.899999999999636,27.799999999999272
2026-04-10 07:05:00+00:00,2026-04-10 08:18:00+00:00,4750.395,4742.605,4742.655,4765.875000000002,-0.8193527874785693,0.0,9992.118734179972,sl,7.740000000000691,15.480000000001382
2026-04-10 09:19:00+00:00,2026-04-10 11:59:00+00:00,4750.275000000001,4768.0790000000015,4741.348,4768.129000000002,1.8725198219403105,0.0,9993.991254001912,tp,8.92700000000059,17.85400000000118
2026-04-10 12:17:00+00:00,2026-04-10 12:23:00+00:00,4769.325,4763.315,4763.365,4781.245,-0.6296896042579786,0.0,9993.361564397654,sl,5.960000000000036,11.920000000000073
2026-04-10 12:31:00+00:00,2026-04-10 15:36:00+00:00,4776.075,4759.514999999999,4759.565,4809.095,-1.732490250953232,0.0,9991.6290741467,sl,16.51000000000022,33.02000000000044
2026-04-10 18:33:00+00:00,2026-04-10 18:48:00+00:00,4769.705,4763.224999999999,4763.275,4782.5650000000005,-0.6787186670923605,0.0,9990.950355479608,sl,6.430000000000291,12.860000000000582
2026-04-10 19:17:00+00:00,2026-04-10 19:28:00+00:00,4768.555,4764.115,4764.165,4777.335000000001,-0.4651285303234895,0.0,9990.485226949284,sl,4.390000000000327,8.780000000000655
2026-04-13 07:02:00+00:00,2026-04-13 08:45:00+00:00,4734.765,4720.585,4720.635,4763.025000000001,-1.4960096279133572,0.0,9988.98921732137,sl,14.13000000000011,28.26000000000022
2026-04-13 10:02:00+00:00,2026-04-13 10:25:00+00:00,4716.585,4710.335,4710.385,4728.985,-0.661826115804746,0.0,9988.327391205565,sl,6.199999999999818,12.399999999999636
2026-04-13 10:47:00+00:00,2026-04-13 11:41:00+00:00,4720.325,4708.085,4708.135,4744.704999999999,-1.2950075182148892,0.0,9987.03238368735,sl,12.1899999999996,24.3799999999992
2026-04-13 12:06:00+00:00,2026-04-13 13:11:00+00:00,4712.195000000001,4730.205000000002,4703.165,4730.255000000002,1.908520904060851,0.0,9988.94090459141,tp,9.030000000000655,18.06000000000131
2026-04-13 13:13:00+00:00,2026-04-13 14:03:00+00:00,4733.448,4720.4349999999995,4720.485,4759.374000000002,-1.3730592159400115,0.0,9987.56784537547,sl,12.963000000000648,25.926000000001295
2026-04-13 16:07:00+00:00,2026-04-13 16:29:00+00:00,4718.185,4731.035000000002,4711.735,4731.085000000002,1.3600595018326698,0.0,9988.927904877302,tp,6.450000000000728,12.900000000001455
2026-04-13 16:32:00+00:00,2026-04-15 00:00:00+00:00,4731.3550000000005,4776.0650000000005,4708.975,4776.115000000001,4.719630704386635,0.0,9993.64753558169,tp,22.38000000000011,44.76000000000022
2026-04-15 08:26:00+00:00,2026-04-15 09:11:00+00:00,4813.408,4804.165,4804.215,4831.794000000001,-0.9595206158649493,0.0,9992.688014965825,sl,9.193000000000211,18.386000000000422
2026-04-15 10:07:00+00:00,2026-04-15 13:57:00+00:00,4800.535,4829.784999999999,4785.885,4829.834999999999,3.0443078160844705,0.0,9995.732322781909,tp,14.649999999999636,29.299999999999272
2026-04-15 16:06:00+00:00,2026-04-15 17:11:00+00:00,4806.715,4798.388,4798.438,4823.269,-0.8658144184937864,0.0,9994.866508363415,sl,8.277000000000044,16.554000000000087
2026-04-15 17:22:00+00:00,2026-04-15 17:30:00+00:00,4803.205,4797.905,4797.955,4813.705,-0.5514317262570297,0.0,9994.315076637158,sl,5.25,10.5
2026-04-15 18:04:00+00:00,2026-04-15 20:36:00+00:00,4797.335,4790.445,4790.495,4811.015,-0.7176987939974308,0.0,9993.597377843162,sl,6.8400000000001455,13.680000000000291
2026-04-16 07:40:00+00:00,2026-04-16 07:47:00+00:00,4828.945000000001,4823.974999999999,4824.025,4838.785000000003,-0.5142756747891324,0.0,9993.083102168373,sl,4.920000000000982,9.840000000001965
2026-04-16 10:01:00+00:00,2026-04-16 10:02:00+00:00,4815.535,4809.855,4809.905,4826.795,-0.5893500101268008,0.0,9992.493752158247,sl,5.630000000000109,11.260000000000218
2026-04-16 10:56:00+00:00,2026-04-16 13:51:00+00:00,4812.868,4806.304999999999,4806.355,4825.894000000002,-0.6813062034469332,0.0,9991.8124459548,sl,6.5130000000008295,13.026000000001659
2026-04-16 15:38:00+00:00,2026-04-16 15:42:00+00:00,4808.675,4802.485,4802.535,4820.955000000001,-0.6431014680807634,0.0,9991.16934448672,sl,6.140000000000327,12.280000000000655
2026-04-16 18:00:00+00:00,2026-04-17 01:10:00+00:00,4789.1050000000005,4781.165,4781.215,4804.885000000001,-0.8282328806241421,0.0,9990.341111606096,sl,7.890000000000327,15.780000000000655
2026-04-17 07:05:00+00:00,2026-04-17 07:42:00+00:00,4788.995,4783.705,4783.755,4799.474999999999,-0.5517744796183321,0.0,9989.789337126478,sl,5.239999999999782,10.479999999999563
2026-04-17 08:01:00+00:00,2026-04-17 11:45:00+00:00,4787.255,4804.519,4778.598,4804.569,1.801279889165636,0.0,9991.590617015643,tp,8.657000000000153,17.314000000000306
2026-04-17 13:07:00+00:00,2026-04-19 22:00:00+00:00,4849.3550000000005,4814.878,4814.928,4918.209000000002,-3.55181327932123,0.0,9988.038803736323,sl,34.42700000000059,68.85400000000118
2026-04-20 07:19:00+00:00,2026-04-20 07:30:00+00:00,4803.375,4793.6449999999995,4793.695,4822.735000000001,-1.0116180556417014,0.0,9987.027185680681,sl,9.680000000000291,19.360000000000582
2026-04-20 08:30:00+00:00,2026-04-20 09:32:00+00:00,4791.835,4786.235,4786.285,4802.935,-0.5835692614605412,0.0,9986.443616419221,sl,5.550000000000182,11.100000000000364
2026-04-20 09:48:00+00:00,2026-04-20 12:20:00+00:00,4795.335,4819.485000000001,4783.235,4819.535000000001,2.51465865613695,0.0,9988.958275075358,tp,12.100000000000364,24.200000000000728
2026-04-20 13:07:00+00:00,2026-04-20 14:51:00+00:00,4808.755,4799.315,4799.365,4827.535000000001,-0.9804592469019161,0.0,9987.977815828455,sl,9.390000000000327,18.780000000000655
2026-04-20 15:25:00+00:00,2026-04-20 22:00:00+00:00,4803.645,4826.035000000001,4792.425,4826.085000000001,2.32772013019699,0.0,9990.305535958652,tp,11.220000000000255,22.44000000000051
2026-04-23 08:01:00+00:00,2026-04-23 08:29:00+00:00,4724.455,4715.335,4715.385,4742.594999999999,-0.9642549933054905,0.0,9989.341280965347,sl,9.069999999999709,18.139999999999418
2026-04-23 10:34:00+00:00,2026-04-23 11:47:00+00:00,4692.825,4710.014999999999,4684.205,4710.065,1.8295672289057268,0.0,9991.170848194253,tp,8.61999999999989,17.23999999999978
2026-04-23 12:32:00+00:00,2026-04-23 13:14:00+00:00,4739.545,4725.745,4725.795,4767.045,-1.4545505708362567,0.0,9989.716297623418,sl,13.75,27.5
2026-04-23 13:24:00+00:00,2026-04-23 14:00:00+00:00,4730.455,4723.625,4723.675,4744.014999999999,-0.7211754716276471,0.0,9988.99512215179,sl,6.779999999999745,13.55999999999949
2026-04-23 16:44:00+00:00,2026-04-23 17:05:00+00:00,4733.265,4722.135,4722.185,4755.425,-1.1744273319743401,0.0,9987.820694819815,sl,11.079999999999927,22.159999999999854
2026-04-23 18:02:00+00:00,2026-04-24 04:22:00+00:00,4714.675,4663.995,4664.045,4815.935,-5.368161674065245,0.0,9982.45253314575,sl,50.63000000000011,101.26000000000022
2026-04-24 07:36:00+00:00,2026-04-24 10:31:00+00:00,4685.3550000000005,4677.995,4678.045,4699.975000000001,-0.7840478538334718,0.0,9981.668485291917,sl,7.3100000000004,14.6200000000008
2026-04-24 11:01:00+00:00,2026-04-24 11:05:00+00:00,4681.535,4691.684999999999,4676.435,4691.734999999999,1.0820589307321236,0.0,9982.750544222648,tp,5.099999999999454,10.199999999998909
2026-04-24 11:23:00+00:00,2026-04-26 23:30:00+00:00,4703.928,4676.385,4676.435,4758.913999999999,-2.9226095535424976,0.0,9979.827934669105,sl,27.492999999999483,54.98599999999897
2026-04-27 07:04:00+00:00,2026-04-27 07:54:00+00:00,4715.275000000001,4709.775,4709.825,4726.175000000002,-0.5820344904665068,0.0,9979.24590017864,sl,5.450000000000728,10.900000000001455
2026-04-27 08:45:00+00:00,2026-04-27 08:54:00+00:00,4711.845,4706.835,4706.885,4721.765,-0.5305355116721492,0.0,9978.715364666967,sl,4.960000000000036,9.920000000000073
2026-04-27 10:06:00+00:00,2026-04-27 10:15:00+00:00,4706.015,4699.355,4699.405,4719.2350000000015,-0.7060989428283763,0.0,9978.009265724138,sl,6.610000000000582,13.220000000001164
2026-04-27 10:33:00+00:00,2026-04-27 12:40:00+00:00,4706.765,4699.355,4699.405,4721.4850000000015,-0.7854338240704973,0.0,9977.223831900068,sl,7.360000000000582,14.720000000001164
2026-04-27 15:35:00+00:00,2026-04-27 15:54:00+00:00,4678.465,4671.695,4671.745,4691.905000000001,-0.7218799899322516,0.0,9976.501951910135,sl,6.720000000000255,13.44000000000051
2026-04-27 16:32:00+00:00,2026-04-28 00:08:00+00:00,4678.025000000001,4699.915000000001,4667.055,4699.965000000001,2.33416482091605,0.0,9978.83611673105,tp,10.970000000000255,21.94000000000051
2026-04-28 07:03:00+00:00,2026-04-28 07:55:00+00:00,4635.0650000000005,4623.095,4623.145,4658.905000000001,-1.288511254073818,0.0,9977.547605476977,sl,11.920000000000073,23.840000000000146
2026-04-28 08:30:00+00:00,2026-04-28 09:20:00+00:00,4626.618,4619.325,4619.375,4641.104000000001,-0.7863871048652529,0.0,9976.761218372112,sl,7.243000000000393,14.486000000000786
2026-04-28 10:20:00+00:00,2026-04-28 10:58:00+00:00,4614.475,4605.815,4605.865,4631.6950000000015,-0.936170985335386,0.0,9975.825047386777,sl,8.610000000000582,17.220000000001164
2026-04-28 13:30:00+00:00,2026-04-28 13:31:00+00:00,4581.048,4572.974999999999,4573.025,4597.094,-0.8790001284373865,0.0,9974.94604725834,sl,8.023000000000138,16.046000000000276
2026-04-28 13:43:00+00:00,2026-04-28 14:02:00+00:00,4587.035,4570.575,4570.625,4619.855,-1.7896921643051846,0.0,9973.156355094034,sl,16.409999999999854,32.81999999999971
2026-04-28 15:38:00+00:00,2026-04-28 17:40:00+00:00,4580.425,4599.295,4570.965,4599.345,2.0543231296290556,0.0,9975.210678223662,tp,9.460000000000036,18.920000000000073
2026-04-28 18:19:00+00:00,2026-04-28 20:21:00+00:00,4598.175,4591.825,4591.875,4610.775000000001,-0.6887796550449242,0.0,9974.521898568617,sl,6.300000000000182,12.600000000000364
2026-04-29 07:05:00+00:00,2026-04-29 07:09:00+00:00,4588.055,4580.945,4580.995,4602.175000000001,-0.7728639990020681,0.0,9973.749034569615,sl,7.0600000000004,14.1200000000008
2026-04-29 08:47:00+00:00,2026-04-29 09:50:00+00:00,4571.325,4557.025,4557.075,4599.825,-1.5599920285075697,0.0,9972.189042541107,sl,14.25,28.5
2026-04-29 10:16:00+00:00,2026-04-29 12:34:00+00:00,4570.485000000001,4551.575,4551.625,4608.205000000002,-2.062954968613396,0.0,9970.126087572495,sl,18.860000000000582,37.720000000001164
2026-04-29 14:17:00+00:00,2026-04-29 16:02:00+00:00,4531.515,4559.0650000000005,4517.715,4559.115000000001,3.0307410845227705,0.0,9973.156828657018,tp,13.800000000000182,27.600000000000364
2026-04-29 17:24:00+00:00,2026-04-29 17:29:00+00:00,4553.975,4547.585,4547.635,4566.655000000001,-0.6997016028318295,0.0,9972.457127054186,sl,6.3400000000001455,12.680000000000291
2026-04-29 18:02:00+00:00,2026-04-29 18:04:00+00:00,4547.775000000001,4541.415,4541.465,4560.395000000001,-0.6973171202189028,0.0,9971.759809933967,sl,6.3100000000004,12.6200000000008
2026-04-29 19:01:00+00:00,2026-04-30 07:07:00+00:00,4543.025000000001,4592.735000000001,4518.145,4592.785000000001,5.455573985965494,0.0,9977.215383919933,tp,24.88000000000011,49.76000000000022
2026-04-30 08:04:00+00:00,2026-04-30 10:30:00+00:00,4607.435,4646.045000000002,4588.105,4646.095000000002,4.180420190118401,0.0,9981.39580411005,tp,19.330000000000837,38.66000000000167
2026-04-30 11:03:00+00:00,2026-04-30 11:18:00+00:00,4641.8550000000005,4633.855,4633.905,4657.755000000002,-0.8601212923808421,0.0,9980.53568281767,sl,7.950000000000728,15.900000000001455
2026-04-30 12:02:00+00:00,2026-04-30 12:30:00+00:00,4635.745,4627.835,4627.885,4651.464999999999,-0.8514924489061233,0.0,9979.684190368764,sl,7.859999999999673,15.719999999999345
2026-04-30 15:10:00+00:00,2026-04-30 15:13:00+00:00,4623.255,4617.565,4617.615,4634.535000000001,-0.6141171430431952,0.0,9979.070073225721,sl,5.640000000000327,11.280000000000655
2026-04-30 16:51:00+00:00,2026-04-30 16:56:00+00:00,4615.705,4608.197999999999,4608.248,4630.619000000001,-0.8114998579817237,0.0,9978.258573367739,sl,7.457000000000335,14.91400000000067
2026-04-30 17:11:00+00:00,2026-05-01 05:56:00+00:00,4618.585,4605.108,4605.158,4645.438999999999,-1.4558245739038649,0.0,9976.802748793834,sl,13.42699999999968,26.85399999999936
2026-05-01 08:46:00+00:00,2026-05-01 08:52:00+00:00,4572.005,4565.835,4565.885,4584.245,-0.6731934125187821,0.0,9976.129555381316,sl,6.119999999999891,12.239999999999782
2026-05-01 09:20:00+00:00,2026-05-01 09:54:00+00:00,4568.225,4563.9349999999995,4563.985,4576.705000000002,-0.46842696881824514,0.0,9975.661128412497,sl,4.240000000000691,8.480000000001382
2026-05-01 10:20:00+00:00,2026-05-01 12:14:00+00:00,4568.805,4586.275000000001,4560.045,4586.325000000001,1.9072251925106114,0.0,9977.568353605007,tp,8.760000000000218,17.520000000000437
2026-05-01 12:22:00+00:00,2026-05-01 13:55:00+00:00,4592.175,4626.945,4574.765,4626.995,3.777295635018715,0.0,9981.345649240026,tp,17.409999999999854,34.81999999999971
2026-05-01 14:13:00+00:00,2026-05-04 01:07:00+00:00,4657.675,4598.474999999999,4598.525,4775.975000000001,-6.343247032425157,0.0,9975.0024022076,sl,59.150000000000546,118.30000000000109
2026-05-04 07:47:00+00:00,2026-05-04 07:53:00+00:00,4589.415,4582.495,4582.545,4603.155,-0.752024131869501,0.0,9974.25037807573,sl,6.869999999999891,13.739999999999782
2026-05-04 08:41:00+00:00,2026-05-04 09:58:00+00:00,4580.685,4573.405,4573.455,4595.145000000001,-0.7925948057157155,0.0,9973.457783270014,sl,7.230000000000473,14.460000000000946
2026-05-04 11:03:00+00:00,2026-05-04 11:30:00+00:00,4567.3550000000005,4560.165,4560.215,4581.635000000001,-0.785018478547392,0.0,9972.672764791467,sl,7.140000000000327,14.280000000000655
2026-05-04 12:16:00+00:00,2026-05-04 12:20:00+00:00,4564.975,4576.065000000001,4559.405,4576.115000000002,1.2113641472466758,0.0,9973.884128938713,tp,5.5700000000006185,11.140000000001237
2026-05-04 12:49:00+00:00,2026-05-04 13:00:00+00:00,4572.495,4560.915,4560.965,4595.554999999999,-1.2629601367864762,0.0,9972.621168801927,sl,11.529999999999745,23.05999999999949
2026-05-04 14:17:00+00:00,2026-05-04 15:13:00+00:00,4567.795,4553.385,4553.435,4596.514999999999,-1.573028901717725,0.0,9971.04813990021,sl,14.359999999999673,28.719999999999345
2026-05-04 17:02:00+00:00,2026-05-05 01:13:00+00:00,4517.275000000001,4537.265000000001,4507.255,4537.315000000001,2.2062111817037047,0.0,9973.254351081912,tp,10.020000000000437,20.040000000000873
2026-05-05 07:01:00+00:00,2026-05-05 07:50:00+00:00,4550.885,4544.474999999999,4544.525,4563.605000000001,-0.7023750368383587,0.0,9972.551976045073,sl,6.360000000000582,12.720000000001164
2026-05-05 08:28:00+00:00,2026-05-05 10:31:00+00:00,4553.995,4546.345,4546.395,4569.194999999999,-0.8376164512339297,0.0,9971.71435959384,sl,7.599999999999454,15.199999999998909
2026-05-05 11:06:00+00:00,2026-05-05 11:16:00+00:00,4545.195000000001,4555.685000000001,4539.925,4555.7350000000015,1.150701825027818,0.0,9972.865061418868,tp,5.270000000000437,10.540000000000873
2026-05-05 11:29:00+00:00,2026-05-05 12:24:00+00:00,4556.695000000001,4570.545000000002,4549.745,4570.595000000002,1.5156180203048923,0.0,9974.380679439173,tp,6.950000000000728,13.900000000001455
2026-05-05 17:37:00+00:00,2026-05-05 19:16:00+00:00,4562.525000000001,4555.875,4555.925,4575.725000000001,-0.7268960884408955,0.0,9973.653783350732,sl,6.600000000000364,13.200000000000728
2026-05-05 19:50:00+00:00,2026-05-05 19:51:00+00:00,4558.648,4555.425,4555.475,4564.994,-0.35257258450026163,0.0,9973.30121076623,sl,3.1729999999997744,6.345999999999549
2026-05-05 20:27:00+00:00,2026-05-05 22:03:00+00:00,4558.215,4551.335,4551.385,4571.875,-0.7526664750354334,0.0,9972.548544291196,sl,6.829999999999927,13.659999999999854
2026-05-06 08:00:00+00:00,2026-05-06 10:54:00+00:00,4681.215,4717.479,4663.058,4717.529,3.862720473319183,0.0,9976.411264764514,tp,18.157000000000153,36.314000000000306
2026-05-06 11:35:00+00:00,2026-05-06 11:40:00+00:00,4713.655,4708.974999999999,4709.025,4722.915,-0.49525903697980483,0.0,9975.916005727535,sl,4.630000000000109,9.260000000000218
2026-05-06 13:01:00+00:00,2026-05-06 13:05:00+00:00,4685.125,4678.788,4678.838,4697.6990000000005,-0.6746605451113878,0.0,9975.241345182423,sl,6.287000000000262,12.574000000000524
2026-05-06 13:34:00+00:00,2026-05-06 17:39:00+00:00,4694.655,4679.245,4679.295,4725.374999999999,-1.6371647025101919,0.0,9973.604180479913,sl,15.359999999999673,30.719999999999345
2026-05-06 19:03:00+00:00,2026-05-06 19:15:00+00:00,4688.445000000001,4695.815000000002,4684.735,4695.8650000000025,0.7839002356874615,0.0,9974.3880807156,tp,3.710000000000946,7.420000000001892
2026-05-07 07:08:00+00:00,2026-05-07 08:19:00+00:00,4744.285,4735.4349999999995,4735.485,4761.885,-0.9303123074850762,0.0,9973.457768408116,sl,8.800000000000182,17.600000000000364
2026-05-07 10:39:00+00:00,2026-05-07 11:16:00+00:00,4737.505,4727.6849999999995,4727.735,4757.045000000001,-1.0336596508686942,0.0,9972.424108757246,sl,9.770000000000437,19.540000000000873
2026-05-07 11:52:00+00:00,2026-05-07 12:00:00+00:00,4737.255,4745.359,4733.178,4745.409000000001,0.8529889670006302,0.0,9973.277097724247,tp,4.0770000000002256,8.154000000000451
2026-05-07 12:17:00+00:00,2026-05-07 12:22:00+00:00,4746.485000000001,4739.485,4739.535,4760.385000000002,-0.7354172580770697,0.0,9972.54168046617,sl,6.950000000000728,13.900000000001455
2026-05-07 13:33:00+00:00,2026-05-07 15:52:00+00:00,4753.175,4730.945,4730.995,4797.535000000001,-2.33201598464992,0.0,9970.209664481521,sl,22.18000000000029,44.36000000000058
2026-05-07 18:40:00+00:00,2026-05-07 18:44:00+00:00,4713.085,4705.455,4705.505,4728.245,-0.8070372138418371,0.0,9969.402627267678,sl,7.579999999999927,15.159999999999854
2026-05-07 20:03:00+00:00,2026-05-07 20:37:00+00:00,4717.148,4703.697999999999,4703.748,4743.948000000001,-1.4212874531046888,0.0,9967.981339814574,sl,13.400000000000546,26.80000000000109
2026-05-08 09:19:00+00:00,2026-05-08 09:31:00+00:00,4721.525000000001,4715.125,4715.175,4734.225000000001,-0.6755770707008721,0.0,9967.305762743874,sl,6.350000000000364,12.700000000000728
2026-05-08 10:37:00+00:00,2026-05-08 12:05:00+00:00,4724.785,4711.605,4711.655,4751.045,-1.390212358371515,0.0,9965.915550385502,sl,13.13000000000011,26.26000000000022
2026-05-08 12:32:00+00:00,2026-05-08 12:34:00+00:00,4711.095,4723.925000000001,4704.655,4723.975000000001,1.3570379764306848,0.0,9967.272588361933,tp,6.440000000000509,12.880000000001019
2026-05-08 12:44:00+00:00,2026-05-10 22:00:00+00:00,4729.505,4701.657999999999,4701.708,4785.099000000001,-2.9343307573215522,0.0,9964.338257604611,sl,27.79700000000048,55.59400000000096
2026-05-11 08:12:00+00:00,2026-05-11 09:20:00+00:00,4672.275000000001,4664.285,4664.335,4688.155000000002,-0.8519946137402843,0.0,9963.486262990871,sl,7.940000000000509,15.880000000001019
2026-05-11 10:22:00+00:00,2026-05-11 10:39:00+00:00,4663.015,4660.275,4660.325,4668.395000000001,-0.29272854966799244,0.0,9963.193534441203,sl,2.6900000000005093,5.380000000001019
2026-05-11 11:03:00+00:00,2026-05-11 12:22:00+00:00,4668.255,4684.385,4660.165,4684.435,1.7212674940693866,0.0,9964.914801935272,tp,8.090000000000146,16.18000000000029
2026-05-11 12:32:00+00:00,2026-05-11 22:46:00+00:00,4695.345,4751.395,4667.295,4751.445000000001,5.947736264837555,0.0,9970.86253820011,tp,28.050000000000182,56.100000000000364
2026-05-12 07:40:00+00:00,2026-05-12 09:44:00+00:00,4700.095,4695.3949999999995,4695.445,4709.395000000001,-0.49853305017821736,0.0,9970.364005149931,sl,4.650000000000546,9.300000000001091
2026-05-12 10:02:00+00:00,2026-05-12 10:30:00+00:00,4702.935,4695.965,4696.015,4716.775000000001,-0.7388305081390404,0.0,9969.625174641793,sl,6.920000000000073,13.840000000000146
2026-05-12 13:40:00+00:00,2026-05-12 13:58:00+00:00,4698.455,4679.1449999999995,4679.195,4736.975,-2.0486890065174297,0.0,9967.576485635276,sl,19.26000000000022,38.52000000000044
2026-05-12 16:01:00+00:00,2026-05-15 00:25:00+00:00,4669.445000000001,4638.175,4638.225,4731.885000000001,-3.3375070988717015,0.0,9964.238978536405,sl,31.220000000000255,62.44000000000051
2026-05-15 07:10:00+00:00,2026-05-15 08:01:00+00:00,4576.255,4565.705,4565.755,4597.255,-1.148567127744858,0.0,9963.09041140866,sl,10.5,21.0
2026-05-15 10:46:00+00:00,2026-05-15 11:55:00+00:00,4558.525000000001,4550.625,4550.675,4574.225000000001,-0.8633101085343817,0.0,9962.227101300126,sl,7.850000000000364,15.700000000000728
2026-05-15 12:21:00+00:00,2026-05-15 12:42:00+00:00,4556.895,4544.764999999999,4544.815,4581.055000000002,-1.3259227471642498,0.0,9960.901178552962,sl,12.080000000000837,24.160000000001673
2026-05-15 13:19:00+00:00,2026-05-15 13:37:00+00:00,4553.035,4535.795,4535.845,4587.414999999999,-1.8858402836597008,0.0,9959.015338269302,sl,17.1899999999996,34.3799999999992
2026-05-15 14:57:00+00:00,2026-05-15 15:24:00+00:00,4563.385,4545.865,4545.915,4598.325000000001,-1.911760115862266,0.0,9957.103578153441,sl,17.470000000000255,34.94000000000051
2026-05-15 16:31:00+00:00,2026-05-17 22:00:00+00:00,4542.305,4529.205,4529.255,4568.405000000001,-1.4358135007866457,0.0,9955.667764652655,sl,13.050000000000182,26.100000000000364
2026-05-18 07:02:00+00:00,2026-05-18 10:33:00+00:00,4547.0650000000005,4534.675,4534.725,4571.745000000001,-1.3563773951334503,0.0,9954.311387257521,sl,12.340000000000146,24.68000000000029
2026-05-18 11:34:00+00:00,2026-05-18 11:41:00+00:00,4542.825,4565.394999999999,4531.515,4565.444999999999,2.472787395622661,0.0,9956.784174653145,tp,11.30999999999949,22.61999999999898
2026-05-18 12:35:00+00:00,2026-05-18 14:33:00+00:00,4561.718,4549.505,4549.555,4586.043999999999,-1.3328553532357355,0.0,9955.45131929991,sl,12.162999999999556,24.325999999999112
2026-05-18 15:56:00+00:00,2026-05-18 16:28:00+00:00,4544.895,4537.845,4537.895,4558.895,-0.7721403002826926,0.0,9954.679178999626,sl,7.0,14.0
2026-05-18 17:04:00+00:00,2026-05-18 18:16:00+00:00,4555.155,4541.655,4541.705,4582.054999999999,-1.4751218006466846,0.0,9953.20405719898,sl,13.449999999999818,26.899999999999636
2026-05-18 19:02:00+00:00,2026-05-18 22:40:00+00:00,4552.195000000001,4577.105000000001,4539.715,4577.155000000002,2.7232391523741204,0.0,9955.927296351354,tp,12.480000000000473,24.960000000000946
2026-05-19 07:47:00+00:00,2026-05-19 08:12:00+00:00,4551.145,4542.815,4542.865,4567.705000000002,-0.9111209858026398,0.0,9955.016175365552,sl,8.280000000000655,16.56000000000131
2026-05-19 09:21:00+00:00,2026-05-19 09:32:00+00:00,4541.365,4536.5779999999995,4536.628,4550.839,-0.5246733353460635,0.0,9954.491502030205,sl,4.73700000000008,9.47400000000016
2026-05-19 10:38:00+00:00,2026-05-19 10:38:00+00:00,4542.525000000001,4538.565,4538.615,4550.345000000002,-0.4338972966362213,0.0,9954.057604733569,sl,3.910000000000764,7.820000000001528
2026-05-19 12:11:00+00:00,2026-05-19 13:04:00+00:00,4543.235000000001,4526.978,4527.028,4575.649000000001,-1.7809238844145059,0.0,9952.276680849154,sl,16.207000000000335,32.41400000000067
2026-05-19 13:51:00+00:00,2026-05-20 01:30:00+00:00,4490.465,4470.045,4470.095,4531.205,-2.262855737912894,0.0,9950.013825111242,sl,20.36999999999989,40.73999999999978
2026-05-20 07:31:00+00:00,2026-05-20 07:36:00+00:00,4484.875,4476.155,4476.205,4502.215,-0.967296976559799,0.0,9949.046528134682,sl,8.670000000000073,17.340000000000146
2026-05-20 08:14:00+00:00,2026-05-20 08:42:00+00:00,4483.835,4476.718,4476.768,4497.969,-0.7895848547140608,0.0,9948.256943279968,sl,7.067000000000007,14.134000000000015
2026-05-20 10:36:00+00:00,2026-05-20 13:30:00+00:00,4495.835,4488.138,4488.188,4511.129,-0.8515852304680562,0.0,9947.4053580495,sl,7.6469999999999345,15.293999999999869
2026-05-20 14:17:00+00:00,2026-05-20 14:32:00+00:00,4497.175,4525.665000000001,4482.905,4525.715000000001,3.150884484713594,0.0,9950.556242534214,tp,14.270000000000437,28.540000000000873
2026-05-20 15:16:00+00:00,2026-05-21 07:25:00+00:00,4543.945000000001,4516.474999999999,4516.525,4598.785000000003,-3.0077584563900577,0.0,9947.548484077824,sl,27.420000000000982,54.840000000001965
2026-05-21 08:05:00+00:00,2026-05-21 09:21:00+00:00,4523.255,4541.805,4513.955,4541.8550000000005,2.0397592483692106,0.0,9949.588243326194,tp,9.300000000000182,18.600000000000364
2026-05-21 10:05:00+00:00,2026-05-21 10:25:00+00:00,4533.3150000000005,4529.514999999999,4529.565,4540.815000000002,-0.4170064877981168,0.0,9949.171236838396,sl,3.7500000000009095,7.500000000001819
2026-05-21 11:23:00+00:00,2026-05-21 11:24:00+00:00,4520.145,4514.835,4514.885,4530.665000000001,-0.5843850060962188,0.0,9948.5868518323,sl,5.260000000000218,10.520000000000437
2026-05-21 12:07:00+00:00,2026-05-21 12:15:00+00:00,4517.655,4510.6449999999995,4510.695,4531.575,-0.7718561270321286,0.0,9947.814995705268,sl,6.960000000000036,13.920000000000073
2026-05-21 13:51:00+00:00,2026-05-21 17:16:00+00:00,4503.655,4534.244999999999,4488.335,4534.294999999999,3.378407767897592,0.0,9951.193403473166,tp,15.319999999999709,30.639999999999418
2026-05-21 17:50:00+00:00,2026-05-21 18:48:00+00:00,4553.235000000001,4538.385,4538.435,4582.835000000001,-1.6227497816561205,0.0,9949.57065369151,sl,14.800000000000182,29.600000000000364
2026-05-21 19:58:00+00:00,2026-05-21 23:24:00+00:00,4543.1050000000005,4538.775,4538.825,4551.665000000002,-0.47414313482180753,0.0,9949.096510556688,sl,4.280000000000655,8.56000000000131
2026-05-22 07:55:00+00:00,2026-05-22 08:20:00+00:00,4521.575,4529.904999999999,4517.385,4529.954999999999,0.9164502848335752,0.0,9950.012960841523,tp,4.1899999999996,8.3799999999992
2026-05-22 09:06:00+00:00,2026-05-22 09:07:00+00:00,4525.325,4520.355,4520.405,4535.165,-0.5463868828800683,0.0,9949.466573958643,sl,4.920000000000073,9.840000000000146
2026-05-22 11:37:00+00:00,2026-05-22 12:12:00+00:00,4517.425,4529.635,4511.295,4529.685,1.3446043583239942,0.0,9950.811178316968,tp,6.130000000000109,12.260000000000218
2026-05-22 13:10:00+00:00,2026-05-22 13:39:00+00:00,4531.845,4518.804999999999,4518.855,4557.825000000002,-1.4316308011997536,0.0,9949.379547515768,sl,12.990000000000691,25.980000000001382
2026-05-22 15:06:00+00:00,2026-05-24 22:00:00+00:00,4509.875,4529.345,4500.115,4529.395,2.147669500708274,0.0,9951.527217016475,tp,9.760000000000218,19.520000000000437
2026-05-25 11:39:00+00:00,2026-05-25 11:56:00+00:00,4575.775000000001,4569.245,4569.295,4588.7350000000015,-0.7100816006810222,0.0,9950.817135415795,sl,6.480000000000473,12.960000000000946
2026-05-25 13:08:00+00:00,2026-05-25 13:17:00+00:00,4570.195000000001,4561.315,4561.365,4587.855000000002,-0.9667339814001633,0.0,9949.850401434394,sl,8.830000000000837,17.660000000001673
2026-05-25 13:36:00+00:00,2026-05-25 13:47:00+00:00,4565.278,4560.708,4560.758,4574.318000000001,-0.49800709107486263,0.0,9949.35239434332,sl,4.520000000000437,9.040000000000873
2026-05-25 14:04:00+00:00,2026-05-25 23:10:00+00:00,4565.9580000000005,4578.114000000002,4559.855,4578.1640000000025,1.324413493352928,0.0,9950.676807836671,tp,6.103000000000975,12.20600000000195
2026-05-26 12:45:00+00:00,2026-05-26 16:12:00+00:00,4511.955,4501.205,4501.255,4533.355,-1.185403840289234,0.0,9949.491403996382,sl,10.699999999999818,21.399999999999636
2026-05-26 18:52:00+00:00,2026-05-26 19:49:00+00:00,4499.175,4507.345000000001,4495.065,4507.395000000001,0.90335833536882,0.0,9950.39476233175,tp,4.110000000000582,8.220000000001164
2026-05-26 19:57:00+00:00,2026-05-26 22:00:00+00:00,4508.155,4523.144999999999,4500.635,4523.194999999999,1.6542955764313976,0.0,9952.049057908182,tp,7.519999999999527,15.039999999999054
2026-05-27 08:02:00+00:00,2026-05-27 10:30:00+00:00,4486.825,4475.554999999999,4475.605,4509.265,-1.2498770609799754,0.0,9950.799180847202,sl,11.220000000000255,22.44000000000051
2026-05-27 12:19:00+00:00,2026-05-27 13:06:00+00:00,4443.865,4424.705,4424.755,4482.084999999999,-2.145174440549285,0.0,9948.654006406652,sl,19.109999999999673,38.219999999999345
2026-05-27 13:33:00+00:00,2026-05-27 14:12:00+00:00,4421.1050000000005,4452.015000000001,4405.625,4452.065000000001,3.4777832163908933,0.0,9952.131789623043,tp,15.480000000000473,30.960000000000946
2026-05-27 15:25:00+00:00,2026-05-27 16:25:00+00:00,4433.278,4444.034000000001,4427.875,4444.084000000001,1.2072909653893638,0.0,9953.339080588432,tp,5.403000000000247,10.806000000000495
2026-05-27 18:21:00+00:00,2026-05-27 23:45:00+00:00,4456.275000000001,4447.405,4447.455,4473.915000000002,-0.9905820179951569,0.0,9952.348498570436,sl,8.820000000000618,17.640000000001237
2026-05-28 07:01:00+00:00,2026-05-28 10:51:00+00:00,4388.568,4376.565,4376.615,4412.474000000001,-1.3610138777426601,0.0,9950.987484692694,sl,11.95300000000043,23.90600000000086
2026-05-28 12:02:00+00:00,2026-05-28 12:21:00+00:00,4390.745,4380.764999999999,4380.815,4410.6050000000005,-1.1309112132136778,0.0,9949.856573479481,sl,9.930000000000291,19.860000000000582
2026-05-28 12:37:00+00:00,2026-05-28 13:00:00+00:00,4397.698,4434.294000000001,4379.375,4434.344000000001,4.1399494822411596,0.0,9953.996522961723,tp,18.32300000000032,36.64600000000064
2026-05-28 13:26:00+00:00,2026-05-28 13:31:00+00:00,4432.195000000001,4425.545,4425.595,4445.395000000001,-0.746741477729442,0.0,9953.249781483994,sl,6.600000000000364,13.200000000000728
2026-05-28 13:51:00+00:00,2026-05-28 14:13:00+00:00,4430.975,4456.885000000001,4417.995,4456.935000000001,2.9100672181433866,0.0,9956.159848702137,tp,12.980000000000473,25.960000000000946
2026-05-28 14:44:00+00:00,2026-05-28 16:50:00+00:00,4470.948,4508.204000000001,4452.295,4508.254000000001,4.148188385586791,0.0,9960.308037087723,tp,18.653000000000247,37.306000000000495
2026-05-28 17:56:00+00:00,2026-05-28 18:35:00+00:00,4509.308,4500.978,4501.028,4525.8679999999995,-0.9199789185939397,0.0,9959.38805816913,sl,8.279999999999745,16.55999999999949
2026-05-28 20:18:00+00:00,2026-05-28 20:44:00+00:00,4499.818,4494.648,4494.698,4510.058,-0.5721346536763834,0.0,9958.815923515454,sl,5.119999999999891,10.239999999999782
2026-05-29 07:46:00+00:00,2026-05-29 08:50:00+00:00,4525.385,4510.535,4510.585,4554.985000000001,-1.633987124456904,0.0,9957.181936390998,sl,14.800000000000182,29.600000000000364
2026-05-29 09:01:00+00:00,2026-05-29 09:29:00+00:00,4517.125,4531.974999999999,4509.675,4532.025,1.6367064422104867,0.0,9958.818642833208,tp,7.449999999999818,14.899999999999636
2026-05-29 09:46:00+00:00,2026-05-29 12:20:00+00:00,4533.758,4521.875,4521.925,4557.423999999999,-1.3051054107076858,0.0,9957.513537422501,sl,11.832999999999629,23.665999999999258
2026-05-29 13:00:00+00:00,2026-05-29 14:01:00+00:00,4522.985000000001,4543.875000000001,4512.515,4543.925000000001,2.2995041747514007,0.0,9959.813041597252,tp,10.470000000000255,20.94000000000051
2026-05-29 14:52:00+00:00,2026-05-29 15:11:00+00:00,4547.345,4591.955,4525.015,4592.005,4.885348041391737,0.0,9964.698389638643,tp,22.329999999999927,44.659999999999854
2026-05-29 16:34:00+00:00,2026-05-29 17:21:00+00:00,4568.845,4559.9349999999995,4559.985,4586.565000000001,-0.9716401262429335,0.0,9963.7267495124,sl,8.860000000000582,17.720000000001164
2026-06-01 07:04:00+00:00,2026-06-01 07:43:00+00:00,4507.085,4500.045,4500.095,4521.065,-0.778159678778711,0.0,9962.94858983362,sl,6.989999999999782,13.979999999999563
2026-06-01 08:43:00+00:00,2026-06-01 09:32:00+00:00,4497.285,4492.505,4492.555,4506.744999999999,-0.529462712051851,0.0,9962.41912712157,sl,4.729999999999563,9.459999999999127
2026-06-01 10:31:00+00:00,2026-06-01 13:03:00+00:00,4503.635,4495.905,4495.955,4518.995000000001,-0.854970483316859,0.0,9961.564156638253,sl,7.680000000000291,15.360000000000582
2026-06-01 15:08:00+00:00,2026-06-01 15:35:00+00:00,4462.325,4478.795,4454.065,4478.845,1.8383573771501915,0.0,9963.402514015403,tp,8.260000000000218,16.520000000000437
2026-06-01 16:51:00+00:00,2026-06-01 17:29:00+00:00,4472.375,4482.699,4467.188,4482.749,1.1499725263947138,0.0,9964.552486541797,tp,5.186999999999898,10.373999999999796
2026-06-01 17:44:00+00:00,2026-06-02 01:48:00+00:00,4488.915,4472.065,4472.115,4522.515,-1.8701925676720645,0.0,9962.682293974125,sl,16.800000000000182,33.600000000000364
2026-06-02 07:01:00+00:00,2026-06-02 07:30:00+00:00,4536.878000000001,4531.764999999999,4531.815,4547.004000000003,-0.5613903941113425,0.0,9962.120903580013,sl,5.063000000001011,10.126000000002023
2026-06-02 08:00:00+00:00,2026-06-02 08:48:00+00:00,4534.858,4527.655,4527.705,4549.164000000001,-0.7911731400243526,0.0,9961.32973043999,sl,7.153000000000247,14.306000000000495
2026-06-02 09:15:00+00:00,2026-06-02 09:29:00+00:00,4533.768,4525.088,4525.138,4551.028,-0.9535594020274306,0.0,9960.376171037962,sl,8.63000000000011,17.26000000000022
2026-06-02 09:51:00+00:00,2026-06-02 12:47:00+00:00,4527.108,4521.025,4521.075,4539.174000000001,-0.6691796202832944,0.0,9959.70699141768,sl,6.0330000000003565,12.066000000000713
2026-06-02 14:12:00+00:00,2026-06-02 14:22:00+00:00,4506.445000000001,4491.031,4491.081,4537.173000000002,-1.7033262756531895,0.0,9958.003665142025,sl,15.364000000000487,30.728000000000975
2026-06-02 15:01:00+00:00,2026-06-02 15:41:00+00:00,4505.735000000001,4500.6849999999995,4500.735,4515.735000000002,-0.5580434547191312,0.0,9957.445621687306,sl,5.0000000000009095,10.000000000001819
2026-06-02 17:00:00+00:00,2026-06-02 17:07:00+00:00,4491.755,4489.065,4489.115,4497.035000000001,-0.29816328720448826,0.0,9957.1474584001,sl,2.6400000000003274,5.280000000000655
2026-06-02 17:30:00+00:00,2026-06-02 17:36:00+00:00,4490.925,4486.125,4486.175,4500.425,-0.5321209750811057,0.0,9956.615337425019,sl,4.75,9.5
2026-06-02 18:02:00+00:00,2026-06-02 18:41:00+00:00,4488.075,4482.485,4482.535,4499.155,-0.6200595994519622,0.0,9955.995277825567,sl,5.539999999999964,11.079999999999927
2026-06-02 19:30:00+00:00,2026-06-02 19:36:00+00:00,4489.245,4485.465,4485.515,4496.704999999999,-0.4191535787217907,0.0,9955.576124246845,sl,3.7299999999995634,7.459999999999127
2026-06-02 20:00:00+00:00,2026-06-02 22:00:00+00:00,4487.935,4492.285000000002,4485.735,4492.335000000002,0.482479761187344,0.0,9956.058604008032,tp,2.2000000000007276,4.400000000001455
2026-06-03 07:04:00+00:00,2026-06-03 07:27:00+00:00,4466.465,4457.465,4457.515,4484.365,-1.0030810432419408,0.0,9955.05552296479,sl,8.949999999999818,17.899999999999636
2026-06-03 10:06:00+00:00,2026-06-03 13:42:00+00:00,4452.365,4443.468,4443.518,4470.058999999999,-0.9946413758510039,0.0,9954.060881588939,sl,8.846999999999753,17.693999999999505
2026-06-03 14:11:00+00:00,2026-06-03 15:22:00+00:00,4453.345,4441.355,4441.405,4477.225000000001,-1.3399948799190076,0.0,9952.72088670902,sl,11.94000000000051,23.88000000000102
2026-06-03 15:51:00+00:00,2026-06-03 16:18:00+00:00,4442.385,4436.445,4436.495,4454.165000000001,-0.6653989024708197,0.0,9952.055487806549,sl,5.890000000000327,11.780000000000655
2026-06-03 16:58:00+00:00,2026-06-03 17:30:00+00:00,4441.585,4436.764999999999,4436.815,4451.125000000001,-0.5399976298014529,0.0,9951.515490176747,sl,4.770000000000437,9.540000000000873
2026-06-03 18:59:00+00:00,2026-06-03 20:32:00+00:00,4441.865,4436.485,4436.535,4452.525,-0.6026652468856212,0.0,9950.912824929861,sl,5.329999999999927,10.659999999999854
2026-06-04 07:05:00+00:00,2026-06-04 07:13:00+00:00,4470.1050000000005,4462.615,4462.665,4484.9850000000015,-0.8336754624190207,0.0,9950.079149467441,sl,7.440000000000509,14.880000000001019
2026-06-04 07:39:00+00:00,2026-06-04 07:44:00+00:00,4466.925,4461.345,4461.395,4477.985,-0.6214727318460417,0.0,9949.457676735596,sl,5.529999999999745,11.05999999999949
2026-06-04 08:31:00+00:00,2026-06-04 11:26:00+00:00,4467.335,4485.125,4458.415,4485.175,1.9810564024091084,0.0,9951.438733138004,tp,8.920000000000073,17.840000000000146
2026-06-04 12:50:00+00:00,2026-06-04 13:59:00+00:00,4504.755,4496.755,4496.805,4520.655,-0.8836386203589766,0.0,9950.555094517646,sl,7.949999999999818,15.899999999999636
2026-06-04 15:37:00+00:00,2026-06-04 22:58:00+00:00,4474.695000000001,4468.905,4468.955,4486.175000000002,-0.6437725252477079,0.0,9949.911321992398,sl,5.740000000000691,11.480000000001382
2026-06-05 07:09:00+00:00,2026-06-05 11:51:00+00:00,4457.685,4474.515000000001,4449.245,4474.565000000001,1.8782956573775447,0.0,9951.789617649776,tp,8.44000000000051,16.88000000000102
2026-06-05 12:19:00+00:00,2026-06-05 12:27:00+00:00,4470.695000000001,4463.905,4463.955,4484.175000000002,-0.7557287122455307,0.0,9951.03388893753,sl,6.740000000000691,13.480000000001382
2026-06-05 14:52:00+00:00,2026-06-05 15:37:00+00:00,4366.035,4344.355,4344.405,4409.295,-2.470644586130993,0.0,9948.5632443514,sl,21.63000000000011,43.26000000000022
2026-06-05 16:49:00+00:00,2026-06-05 18:14:00+00:00,4332.525000000001,4322.905,4322.955,4351.665000000002,-1.1044965512105347,0.0,9947.45874780019,sl,9.570000000000618,19.140000000001237
2026-06-05 18:57:00+00:00,2026-06-05 19:14:00+00:00,4324.175,4315.065,4315.115,4342.295000000001,-1.0478455334539598,0.0,9946.410902266736,sl,9.0600000000004,18.1200000000008
2026-06-08 07:04:00+00:00,2026-06-08 08:00:00+00:00,4301.755,4292.955,4293.005,4319.255,-1.0173570547363704,0.0,9945.393545212,sl,8.75,17.5
2026-06-08 08:46:00+00:00,2026-06-08 08:55:00+00:00,4293.535,4286.075,4286.125,4308.355,-0.8640040880915364,0.0,9944.52954112391,sl,7.4099999999998545,14.819999999999709
2026-06-08 09:39:00+00:00,2026-06-08 11:10:00+00:00,4291.555,4306.545000000001,4284.035,4306.595000000001,1.7367655525963699,0.0,9946.266306676505,tp,7.520000000000437,15.040000000000873
2026-06-08 12:01:00+00:00,2026-06-08 12:15:00+00:00,4333.955,4321.155,4321.205,4359.455,-1.4687763108461105,0.0,9944.797530365659,sl,12.75,25.5
2026-06-08 12:43:00+00:00,2026-06-08 12:53:00+00:00,4337.025000000001,4327.365,4327.415,4356.245000000002,-1.107518911504313,0.0,9943.690011454155,sl,9.610000000000582,19.220000000001164
2026-06-08 13:31:00+00:00,2026-06-08 14:05:00+00:00,4336.735000000001,4321.1179999999995,4321.168,4367.869000000002,-1.7904092238618505,0.0,9941.899602230293,sl,15.567000000000917,31.134000000001834
2026-06-08 16:02:00+00:00,2026-06-08 17:26:00+00:00,4342.295,4334.195,4334.245,4358.395,-0.9272675713887356,0.0,9940.972334658903,sl,8.050000000000182,16.100000000000364
2026-06-08 18:02:00+00:00,2026-06-08 18:45:00+00:00,4342.145,4335.495,4335.545,4355.345000000001,-0.7612305211535674,0.0,9940.21110413775,sl,6.600000000000364,13.200000000000728
2026-06-09 08:12:00+00:00,2026-06-09 09:29:00+00:00,4329.865,4324.9349999999995,4324.985,4339.625,-0.5658980215711346,0.0,9939.64520611618,sl,4.880000000000109,9.760000000000218
2026-06-09 10:15:00+00:00,2026-06-09 13:49:00+00:00,4335.415,4356.6849999999995,4324.755,4356.735,2.4382470136548227,0.0,9942.083453129835,tp,10.659999999999854,21.31999999999971
2026-06-09 17:01:00+00:00,2026-06-09 22:49:00+00:00,4254.398,4238.508,4238.558,4286.078,-1.8566634582640873,0.0,9940.226789671571,sl,15.840000000000146,31.68000000000029
2026-06-10 08:37:00+00:00,2026-06-10 09:02:00+00:00,4175.215,4166.155,4166.205,4193.235000000001,-1.0784888288917864,0.0,9939.148300842679,sl,9.010000000000218,18.020000000000437
2026-06-10 09:33:00+00:00,2026-06-10 09:52:00+00:00,4175.225,4165.755,4165.805,4194.0650000000005,-1.1271696065359675,0.0,9938.021131236143,sl,9.420000000000073,18.840000000000146
2026-06-10 10:45:00+00:00,2026-06-10 11:03:00+00:00,4171.205,4162.375,4162.425,4188.764999999999,-1.051887003741298,0.0,9936.969244232401,sl,8.779999999999745,17.55999999999949
2026-06-10 12:31:00+00:00,2026-06-10 13:17:00+00:00,4169.055,4134.304999999999,4134.355,4238.455000000002,-4.141342357405755,0.0,9932.827901874996,sl,34.70000000000073,69.40000000000146
2026-06-10 13:37:00+00:00,2026-06-10 14:56:00+00:00,4159.145,4132.628,4132.678,4212.0790000000015,-3.1663815216111315,0.0,9929.661520353386,sl,26.467000000000553,52.934000000001106
2026-06-10 17:01:00+00:00,2026-06-10 17:10:00+00:00,4124.965,4116.925,4116.975,4140.945,-0.9676988607617381,0.0,9928.693821492623,sl,7.989999999999782,15.979999999999563
2026-06-10 19:41:00+00:00,2026-06-10 20:00:00+00:00,4090.905,4081.355,4081.405,4109.905000000001,-1.1589003655090544,0.0,9927.534921127113,sl,9.5,19.000000000000455
2026-06-11 07:16:00+00:00,2026-06-11 08:42:00+00:00,4100.575,4091.5049999999997,4091.555,4118.615,-1.097928238535139,0.0,9926.436992888577,sl,9.019999999999982,18.039999999999964
2026-06-11 10:24:00+00:00,2026-06-11 10:29:00+00:00,4093.755,4088.115,4088.165,4104.935,-0.6837867024271704,0.0,9925.75320618615,sl,5.5900000000001455,11.180000000000291
2026-06-11 12:59:00+00:00,2026-06-11 13:14:00+00:00,4081.695,4072.745,4072.795,4099.495000000001,-1.0882181446111083,0.0,9924.664988041539,sl,8.900000000000091,17.800000000000637
2026-06-11 15:08:00+00:00,2026-06-11 17:30:00+00:00,4083.0550000000003,4108.665000000001,4070.225,4108.715000000001,3.112506081154302,0.0,9927.777494122693,tp,12.830000000000382,25.660000000000764
2026-06-11 19:01:00+00:00,2026-06-11 19:36:00+00:00,4171.865,4217.974999999999,4148.785,4218.025,5.486393019117279,0.0,9933.26388714181,tp,23.079999999999927,46.159999999999854
2026-06-12 07:59:00+00:00,2026-06-12 08:18:00+00:00,4184.895,4214.725000000001,4169.955,4214.7750000000015,3.5402233718342813,0.0,9936.804110513644,tp,14.94000000000051,29.88000000000102
2026-06-12 08:56:00+00:00,2026-06-12 10:21:00+00:00,4223.725,4214.335,4214.385,4242.405000000001,-1.1045533338193936,0.0,9935.699557179823,sl,9.340000000000146,18.68000000000029
2026-06-12 11:46:00+00:00,2026-06-12 12:30:00+00:00,4210.275000000001,4197.275,4197.325,4236.175000000002,-1.5339151747017323,0.0,9934.165642005122,sl,12.950000000000728,25.900000000001455
2026-06-12 13:17:00+00:00,2026-06-12 13:41:00+00:00,4201.195000000001,4186.285,4186.335,4230.915000000002,-1.762812839231504,0.0,9932.40282916589,sl,14.860000000000582,29.720000000001164
2026-06-12 14:02:00+00:00,2026-06-12 14:23:00+00:00,4194.735000000001,4182.625,4182.675,4218.855000000001,-1.4337186766411312,0.0,9930.96911048925,sl,12.0600000000004,24.1200000000008
2026-06-12 14:53:00+00:00,2026-06-12 15:25:00+00:00,4194.835,4230.5650000000005,4176.945,4230.615000000001,4.2294098137088305,0.0,9935.198520302958,tp,17.890000000000327,35.780000000000655
2026-06-12 16:14:00+00:00,2026-06-12 19:29:00+00:00,4221.185,4207.875,4207.925,4247.705000000001,-1.566355091108733,0.0,9933.63216521185,sl,13.260000000000218,26.520000000000437
2026-06-15 07:05:00+00:00,2026-06-15 08:05:00+00:00,4310.185,4329.215,4300.645,4329.265,2.19291074633663,0.0,9935.825075958186,tp,9.539999999999964,19.079999999999927
2026-06-15 08:32:00+00:00,2026-06-15 13:13:00+00:00,4332.575,4349.1849999999995,4324.245,4349.235,1.90457239068755,0.0,9937.729648348874,tp,8.329999999999927,16.659999999999854
2026-06-15 13:16:00+00:00,2026-06-15 16:23:00+00:00,4351.915,4341.014999999999,4341.065,4373.615000000001,-1.2445239988258978,0.0,9936.485124350047,sl,10.850000000000364,21.700000000000728
2026-06-15 18:18:00+00:00,2026-06-15 19:48:00+00:00,4325.165,4317.815,4317.865,4339.765,-0.84428184432243,0.0,9935.640842505725,sl,7.300000000000182,14.600000000000364
2026-06-16 07:28:00+00:00,2026-06-16 07:58:00+00:00,4328.4980000000005,4334.514000000001,4325.465,4334.564000000001,0.6904567740186055,0.0,9936.331299279744,tp,3.0330000000003565,6.066000000000713
2026-06-16 08:10:00+00:00,2026-06-16 14:18:00+00:00,4339.155,4326.335,4326.385,4364.694999999999,-1.4678407115759111,0.0,9934.863458568168,sl,12.769999999999527,25.539999999999054
2026-06-16 15:51:00+00:00,2026-06-16 15:55:00+00:00,4328.155,4338.8049999999985,4322.805,4338.854999999999,1.2223025265238694,0.0,9936.085761094691,tp,5.349999999999454,10.699999999998909
2026-06-16 19:04:00+00:00,2026-06-16 19:51:00+00:00,4341.235000000001,4335.945,4335.995,4351.715000000002,-0.6053795023328568,0.0,9935.480381592359,sl,5.240000000000691,10.480000000001382
2026-06-16 20:24:00+00:00,2026-06-16 20:45:00+00:00,4333.438,4330.885,4330.935,4338.4439999999995,-0.2926692549218904,0.0,9935.187712337436,sl,2.5029999999997017,5.005999999999403
2026-06-17 09:14:00+00:00,2026-06-17 09:30:00+00:00,4325.115,4333.204999999999,4321.045,4333.254999999999,0.9291737744869475,0.0,9936.116886111922,tp,4.069999999999709,8.139999999999418
2026-06-17 10:15:00+00:00,2026-06-17 11:34:00+00:00,4330.715,4325.375,4325.425,4341.295,-0.6125878079236236,0.0,9935.504298303998,sl,5.289999999999964,10.579999999999927
2026-06-17 12:34:00+00:00,2026-06-17 14:22:00+00:00,4328.535,4346.224999999999,4319.665,4346.275,2.0302373786626857,0.0,9937.534535682662,tp,8.86999999999989,17.73999999999978
2026-06-17 15:16:00+00:00,2026-06-17 16:22:00+00:00,4350.925,4365.615,4343.555,4365.665,1.6776016861836773,0.0,9939.212137368846,tp,7.369999999999891,14.739999999999782
2026-06-17 17:11:00+00:00,2026-06-17 17:33:00+00:00,4360.345,4370.935000000001,4355.025,4370.9850000000015,1.2069716563109865,0.0,9940.419109025157,tp,5.3200000000006185,10.640000000001237
2026-06-17 17:54:00+00:00,2026-06-17 18:00:00+00:00,4381.625,4360.098,4360.148,4424.579,-2.4418726175789236,0.0,9937.977236407578,sl,21.47699999999986,42.95399999999972
2026-06-17 18:43:00+00:00,2026-06-17 19:06:00+00:00,4313.305,4268.965,4269.015,4401.885,-5.108030972332277,0.0,9932.869205435245,sl,44.289999999999964,88.57999999999993
2026-06-18 07:16:00+00:00,2026-06-18 07:33:00+00:00,4308.525000000001,4300.135,4300.185,4325.205000000001,-0.9671148784514996,0.0,9931.902090556794,sl,8.340000000000146,16.68000000000029
2026-06-18 12:11:00+00:00,2026-06-18 12:18:00+00:00,4246.475,4260.079000000001,4239.648,4260.129000000001,1.5908912220128142,0.0,9933.492981778807,tp,6.8270000000002256,13.654000000000451
2026-06-18 13:07:00+00:00,2026-06-18 13:30:00+00:00,4249.615,4267.3989999999985,4240.698,4267.448999999999,2.078508749474268,0.0,9935.571490528282,tp,8.916999999999462,17.833999999998923
2026-06-18 14:59:00+00:00,2026-06-18 15:18:00+00:00,4254.035,4240.125,4240.175,4281.754999999999,-1.6243848420763694,0.0,9933.947105686206,sl,13.859999999999673,27.719999999999345
2026-06-18 16:31:00+00:00,2026-06-18 16:34:00+00:00,4228.575,4221.657999999999,4221.708,4242.309,-0.8124854369383916,0.0,9933.134620249268,sl,6.867000000000189,13.734000000000378
2026-06-18 17:07:00+00:00,2026-06-18 19:02:00+00:00,4226.095,4213.875,4213.925,4250.435,-1.4361118841323797,0.0,9931.698508365136,sl,12.170000000000073,24.340000000000146
2026-06-18 19:59:00+00:00,2026-06-18 23:02:00+00:00,4217.405,4201.095,4201.145,4249.924999999998,-1.9204463724900778,0.0,9929.778061992645,sl,16.25999999999931,32.51999999999862
2026-06-19 07:38:00+00:00,2026-06-19 07:42:00+00:00,4156.725,4153.675,4153.725,4162.725,-0.36429909470892796,0.0,9929.413762897937,sl,3.0,6.0
2026-06-19 07:58:00+00:00,2026-06-19 10:31:00+00:00,4161.205,4151.304999999999,4151.355,4180.905000000001,-1.1811626229985666,0.0,9928.232600274938,sl,9.850000000000364,19.700000000000728
2026-06-19 12:01:00+00:00,2026-06-19 12:37:00+00:00,4155.745,4148.365,4148.415,4170.405,-0.8815550110753924,0.0,9927.351045263862,sl,7.329999999999927,14.659999999999854
2026-06-19 12:51:00+00:00,2026-06-19 12:59:00+00:00,4158.035,4178.065,4147.995,4178.115,2.391091482354437,0.0,9929.742136746216,tp,10.039999999999964,20.079999999999927
2026-06-19 14:58:00+00:00,2026-06-21 22:00:00+00:00,4150.495,4142.405,4142.455,4166.575,-0.9677353410409882,0.0,9928.774401405175,sl,8.039999999999964,16.079999999999927
2026-06-22 08:54:00+00:00,2026-06-22 10:09:00+00:00,4197.145,4210.835000000002,4190.275,4210.885000000002,1.6192545355861059,0.0,9930.393655940761,tp,6.8700000000008,13.7400000000016
2026-06-22 10:12:00+00:00,2026-06-22 10:46:00+00:00,4213.425,4207.675,4207.725,4224.825,-0.6775932112433397,0.0,9929.716062729518,sl,5.699999999999818,11.399999999999636
2026-06-22 11:06:00+00:00,2026-06-22 11:29:00+00:00,4213.485000000001,4203.3949999999995,4203.445,4233.565000000002,-1.188930719736172,0.0,9928.527132009782,sl,10.040000000000873,20.080000000001746
2026-06-22 12:03:00+00:00,2026-06-22 12:43:00+00:00,4208.575,4201.264999999999,4201.315,4223.095,-0.8622578109573369,0.0,9927.664874198825,sl,7.260000000000218,14.520000000000437
2026-06-22 13:47:00+00:00,2026-06-22 15:39:00+00:00,4196.665,4182.6849999999995,4182.735,4224.525000000001,-1.653560088085471,0.0,9926.01131411074,sl,13.930000000000291,27.860000000000582
2026-06-22 16:32:00+00:00,2026-06-23 01:19:00+00:00,4183.455,4174.1449999999995,4174.195,4201.975,-1.104483797894025,0.0,9924.906830312846,sl,9.260000000000218,18.520000000000437
2026-06-23 07:06:00+00:00,2026-06-23 07:40:00+00:00,4121.135,4110.135,4110.185,4143.035,-1.3245619851502233,0.0,9923.582268327697,sl,10.949999999999818,21.899999999999636
2026-06-23 09:05:00+00:00,2026-06-23 10:00:00+00:00,4109.985000000001,4125.195000000002,4102.355,4125.245000000003,1.836231595751355,0.0,9925.418499923448,tp,7.630000000001019,15.260000000002037
2026-06-23 11:21:00+00:00,2026-06-23 12:11:00+00:00,4129.445000000001,4117.095,4117.145,4154.045000000001,-1.4842057283007544,0.0,9923.934294195147,sl,12.300000000000182,24.600000000000364
2026-06-23 12:42:00+00:00,2026-06-23 13:00:00+00:00,4120.3150000000005,4111.375,4111.425,4138.095000000001,-1.0766163823653006,0.0,9922.857677812783,sl,8.890000000000327,17.780000000000655
2026-06-23 13:33:00+00:00,2026-06-23 22:22:00+00:00,4120.225,4105.088,4105.138,4150.399000000001,-1.8227438631271144,0.0,9921.034933949655,sl,15.087000000000444,30.174000000000888
2026-06-24 10:42:00+00:00,2026-06-24 10:55:00+00:00,4063.195,4056.075,4056.125,4077.3350000000005,-0.8692392160568835,0.0,9920.165694733598,sl,7.070000000000164,14.140000000000327
2026-06-24 11:38:00+00:00,2026-06-24 12:07:00+00:00,4048.355,4038.4449999999997,4038.495,4068.0750000000003,-1.2141825758216982,0.0,9918.951512157777,sl,9.860000000000127,19.720000000000255
2026-06-24 13:31:00+00:00,2026-06-24 13:33:00+00:00,3979.485,3995.4950000000003,3971.455,3995.5450000000005,1.9952633784226876,0.0,9920.9467755362,tp,8.0300000000002,16.0600000000004
2026-06-24 16:22:00+00:00,2026-06-24 17:22:00+00:00,4008.545,3995.165,3995.215,4035.205,-1.6557412709184436,0.0,9919.291034265281,sl,13.329999999999927,26.659999999999854
2026-06-24 19:31:00+00:00,2026-06-24 23:38:00+00:00,3987.5550000000003,4016.165000000001,3973.225,4016.215000000001,3.558457707672188,0.0,9922.849491972953,tp,14.330000000000382,28.660000000000764
2026-06-25 07:10:00+00:00,2026-06-25 07:45:00+00:00,3984.695,3973.2749999999996,3973.325,4007.435000000001,-1.4219274147498913,0.0,9921.427564558204,sl,11.370000000000346,22.74000000000069
2026-06-25 08:01:00+00:00,2026-06-25 11:36:00+00:00,3990.585,3974.585,3974.635,4022.4849999999997,-1.9889670440916716,0.0,9919.438597514112,sl,15.949999999999818,31.899999999999636
2026-06-25 11:40:00+00:00,2026-06-25 12:30:00+00:00,3982.405,3995.155,3976.005,3995.2050000000004,1.5878952808454305,0.0,9921.026492794957,tp,6.400000000000091,12.800000000000182
2026-06-25 12:46:00+00:00,2026-06-26 13:00:00+00:00,4007.485,4064.7950000000005,3978.805,4064.8450000000007,7.093900891732384,0.0,9928.12039368669,tp,28.68000000000029,57.36000000000058
2026-06-26 13:44:00+00:00,2026-06-26 14:15:00+00:00,4058.775,4086.725,4044.775,4086.775,3.4184078324561127,0.0,9931.538801519146,tp,14.0,28.0
2026-06-26 15:31:00+00:00,2026-06-26 17:36:00+00:00,4087.608,4075.335,4075.385,4112.054,-1.4909670363577654,0.0,9930.047834482788,sl,12.222999999999956,24.445999999999913
2026-06-26 19:51:00+00:00,2026-06-26 20:12:00+00:00,4070.695,4064.2349999999997,4064.285,4083.515000000001,-0.7879257597383701,0.0,9929.25990872305,sl,6.410000000000309,12.820000000000618
2026-06-26 20:23:00+00:00,2026-06-26 20:54:00+00:00,4069.315,4079.439,4064.228,4079.489,1.2351443340698636,0.0,9930.49505305712,tp,5.086999999999989,10.173999999999978
2026-06-29 07:29:00+00:00,2026-06-29 08:42:00+00:00,4063.2850000000003,4057.845,4057.895,4074.065000000001,-0.6647563866260401,0.0,9929.830296670494,sl,5.390000000000327,10.780000000000655
2026-06-29 11:56:00+00:00,2026-06-29 12:10:00+00:00,4039.8050000000003,4050.0950000000003,4034.635,4050.1450000000004,1.2646396763301573,0.0,9931.094936346824,tp,5.170000000000073,10.340000000000146
2026-06-29 13:01:00+00:00,2026-06-29 13:25:00+00:00,4049.085,4042.2949999999996,4042.345,4062.5650000000005,-0.8326836139251101,0.0,9930.262252732899,sl,6.7400000000002365,13.480000000000473
2026-06-29 14:56:00+00:00,2026-06-29 15:23:00+00:00,4028.708,4017.595,4017.645,4050.8340000000003,-1.3696078794321098,0.0,9928.892644853466,sl,11.063000000000102,22.126000000000204
2026-06-29 15:53:00+00:00,2026-06-29 18:47:00+00:00,4027.3450000000003,4017.205,4017.255,4047.5250000000005,-1.2499422251982062,0.0,9927.642702628267,sl,10.090000000000146,20.18000000000029
2026-06-29 19:26:00+00:00,2026-06-30 00:06:00+00:00,4012.7650000000003,4005.105,4005.155,4027.9850000000006,-0.9475479264563911,0.0,9926.69515470181,sl,7.610000000000127,15.220000000000255
2026-06-30 07:21:00+00:00,2026-06-30 08:12:00+00:00,4030.655,4023.4979999999996,4023.548,4044.869000000001,-0.8813128042738325,0.0,9925.813841897538,sl,7.107000000000426,14.214000000000851
2026-06-30 09:23:00+00:00,2026-06-30 09:29:00+00:00,4022.358,4016.5879999999997,4016.638,4033.7980000000007,-0.7119200462484085,0.0,9925.10192185129,sl,5.720000000000255,11.44000000000051
2026-06-30 10:29:00+00:00,2026-06-30 12:21:00+00:00,4028.268,4023.4249999999997,4023.475,4037.8540000000003,-0.5966245121666284,0.0,9924.505297339123,sl,4.79300000000012,9.58600000000024
2026-06-30 13:08:00+00:00,2026-06-30 14:09:00+00:00,4020.275,4044.0049999999997,4008.385,4044.055,2.929009964565273,0.0,9927.434307303689,tp,11.889999999999873,23.779999999999745
2026-06-30 15:46:00+00:00,2026-06-30 16:04:00+00:00,4033.915,4026.935,4026.985,4047.7749999999996,-0.8588863605824606,0.0,9926.575420943107,sl,6.929999999999836,13.859999999999673
2026-06-30 16:43:00+00:00,2026-06-30 16:56:00+00:00,4031.0950000000003,4028.085,4028.135,4037.0150000000003,-0.37060639872095447,0.0,9926.204814544386,sl,2.9600000000000364,5.920000000000073
2026-07-01 07:51:00+00:00,2026-07-01 10:57:00+00:00,3972.665,3996.8149999999996,3960.565,3996.865,3.0170911248650882,0.0,9929.22190566925,tp,12.099999999999909,24.199999999999818
2026-07-01 11:19:00+00:00,2026-07-01 13:44:00+00:00,4021.665,4092.3549999999996,3986.295,4092.4049999999997,8.726444103521246,0.0,9937.94834977277,tp,35.36999999999989,70.73999999999978
2026-07-01 14:24:00+00:00,2026-07-01 14:46:00+00:00,4103.595,4089.125,4089.175,4132.435,-1.752147965640061,0.0,9936.19620180713,sl,14.420000000000073,28.840000000000146
2026-07-01 15:51:00+00:00,2026-07-01 16:34:00+00:00,4085.0950000000003,4076.5049999999997,4076.555,4102.175000000001,-1.0446749142128788,0.0,9935.151526892918,sl,8.540000000000418,17.080000000000837
2026-07-01 19:01:00+00:00,2026-07-01 19:24:00+00:00,4065.2050000000004,4057.585,4057.635,4080.3450000000007,-0.9311443658428968,0.0,9934.220382527075,sl,7.570000000000164,15.140000000000327
2026-07-02 07:39:00+00:00,2026-07-02 11:04:00+00:00,4068.875,4060.415,4060.465,4085.6949999999997,-1.0327609527962818,0.0,9933.18762157428,sl,8.409999999999854,16.81999999999971
2026-07-02 11:44:00+00:00,2026-07-02 12:00:00+00:00,4070.875,4063.145,4063.195,4086.2349999999997,-0.9430839845827907,0.0,9932.244537589697,sl,7.679999999999836,15.359999999999673
2026-07-02 12:07:00+00:00,2026-07-02 12:14:00+00:00,4072.335,4063.145,4063.195,4090.615,-1.120700130274767,0.0,9931.123837459421,sl,9.139999999999873,18.279999999999745
2026-07-02 12:31:00+00:00,2026-07-08 08:41:00+00:00,4116.235000000001,4060.9649999999997,4061.015,4226.675000000002,-6.667418338559278,0.0,9924.456419120863,sl,55.22000000000071,110.44000000000142
2026-07-08 10:20:00+00:00,2026-07-08 11:46:00+00:00,4050.545,4070.7749999999996,4040.405,4070.825,2.4783301180311628,0.0,9926.934749238893,tp,10.139999999999873,20.279999999999745
2026-07-08 12:04:00+00:00,2026-07-08 12:43:00+00:00,4064.945,4077.3350000000005,4058.725,4077.3850000000007,1.5128706728267314,0.0,9928.44761991172,tp,6.220000000000255,12.44000000000051
2026-07-08 13:33:00+00:00,2026-07-08 13:49:00+00:00,4078.625,4069.365,4069.415,4097.045,-1.1270639610209898,0.0,9927.320555950699,sl,9.210000000000036,18.420000000000073
2026-07-08 15:41:00+00:00,2026-07-08 16:44:00+00:00,4032.625,4054.7749999999996,4021.525,4054.825,2.726389762428993,0.0,9930.046945713128,tp,11.099999999999909,22.199999999999818
2026-07-08 17:07:00+00:00,2026-07-09 12:09:00+00:00,4065.965,4119.575,4039.135,4119.625,6.546414157028867,0.0,9936.593359870156,tp,26.829999999999927,53.659999999999854
2026-07-09 13:09:00+00:00,2026-07-09 16:32:00+00:00,4116.415,4136.244999999999,4106.475,4136.294999999999,2.3933768379307656,0.0,9938.986736708086,tp,9.9399999999996,19.8799999999992
2026-07-09 17:29:00+00:00,2026-07-09 17:47:00+00:00,4128.405,4135.734999999999,4124.715,4135.784999999999,0.8823355845666851,0.0,9939.869072292653,tp,3.6899999999996,7.3799999999992
2026-07-09 19:01:00+00:00,2026-07-09 19:22:00+00:00,4125.735000000001,4122.245,4122.295,4132.615000000002,-0.4204116728571785,0.0,9939.448660619795,sl,3.4400000000005093,6.880000000001019
2026-07-09 19:52:00+00:00,2026-07-10 00:24:00+00:00,4122.785,4118.675,4118.725,4130.904999999999,-0.49543129213801,0.0,9938.953229327657,sl,4.059999999999491,8.119999999998981
2026-07-10 07:20:00+00:00,2026-07-10 07:40:00+00:00,4114.045,4110.125,4110.175,4121.785,-0.4735083920930026,0.0,9938.479720935564,sl,3.869999999999891,7.739999999999782
2026-07-10 09:22:00+00:00,2026-07-10 10:04:00+00:00,4100.3550000000005,4107.685000000001,4096.665,4107.7350000000015,0.8883262102240659,0.0,9939.368047145788,tp,3.6900000000005093,7.380000000001019
2026-07-10 10:23:00+00:00,2026-07-10 10:59:00+00:00,4109.295,4105.3949999999995,4105.445,4116.995000000001,-0.4716567608783745,0.0,9938.89639038491,sl,3.850000000000364,7.700000000000728
2026-07-10 12:10:00+00:00,2026-07-10 13:26:00+00:00,4103.775000000001,4095.825,4095.875,4119.575000000002,-0.9627017356405659,0.0,9937.933688649271,sl,7.900000000000546,15.800000000001091
2026-07-10 15:24:00+00:00,2026-07-12 22:00:00+00:00,4105.955,4096.804999999999,4096.855,4124.155000000001,-1.107319652202061,0.0,9936.826368997068,sl,9.100000000000364,18.200000000000728
2026-07-13 07:09:00+00:00,2026-07-13 08:23:00+00:00,4059.155,4079.7850000000003,4048.815,4079.8350000000005,2.5251157937108903,0.0,9939.351484790779,tp,10.340000000000146,20.68000000000029
2026-07-13 08:44:00+00:00,2026-07-13 09:18:00+00:00,4075.3050000000003,4071.4249999999997,4071.475,4082.965000000001,-0.47315089006827493,0.0,9938.878333900711,sl,3.830000000000382,7.660000000000764
2026-07-13 12:25:00+00:00,2026-07-13 13:40:00+00:00,4061.945,4053.3149999999996,4053.365,4079.105000000001,-1.055806024226925,0.0,9937.822527876484,sl,8.580000000000382,17.160000000000764
2026-07-13 16:02:00+00:00,2026-07-13 16:24:00+00:00,4015.695,4010.035,4010.085,4026.9150000000004,-0.7003529340224292,0.0,9937.122174942462,sl,5.610000000000127,11.220000000000255
2026-07-13 18:32:00+00:00,2026-07-14 00:07:00+00:00,3996.4350000000004,3986.365,3986.415,4016.4750000000013,-1.2519510551488606,0.0,9935.870223887314,sl,10.020000000000437,20.040000000000873
2026-07-14 07:06:00+00:00,2026-07-14 07:58:00+00:00,4027.585,4020.415,4020.465,4041.825,-0.8844033025407627,0.0,9934.985820584772,sl,7.119999999999891,14.239999999999782
2026-07-14 09:12:00+00:00,2026-07-14 09:34:00+00:00,4023.565,4013.645,4013.695,4043.305,-1.2247230918377319,0.0,9933.761097492934,sl,9.86999999999989,19.73999999999978
2026-07-14 09:50:00+00:00,2026-07-14 12:30:00+00:00,4022.9350000000004,4041.925000000001,4013.415,4041.9750000000013,2.3445832861007903,0.0,9936.105680779036,tp,9.520000000000437,19.040000000000873
2026-07-14 13:40:00+00:00,2026-07-14 13:52:00+00:00,4086.335,4075.2749999999996,4075.325,4108.3550000000005,-1.3446441472544484,0.0,9934.76103663178,sl,11.010000000000218,22.020000000000437
2026-07-14 14:14:00+00:00,2026-07-14 14:16:00+00:00,4083.2450000000003,4072.355,4072.405,4104.925000000001,-1.324798630610254,0.0,9933.43623800117,sl,10.840000000000146,21.680000000000746
2026-07-14 14:58:00+00:00,2026-07-14 15:36:00+00:00,4085.585,4076.475,4076.525,4103.705,-1.1074742555618342,0.0,9932.328763745609,sl,9.059999999999945,18.11999999999989
2026-07-14 17:02:00+00:00,2026-07-14 17:07:00+00:00,4063.5150000000003,4056.915,4056.965,4076.6150000000007,-0.8066091775313321,0.0,9931.522154568078,sl,6.550000000000182,13.100000000000364
2026-07-14 19:13:00+00:00,2026-07-14 19:26:00+00:00,4056.0950000000003,4051.875,4051.925,4064.4350000000004,-0.5166425280014375,0.0,9931.005512040076,sl,4.170000000000073,8.340000000000146
2026-07-14 19:54:00+00:00,2026-07-14 20:36:00+00:00,4055.4550000000004,4050.0049999999997,4050.055,4066.2550000000015,-0.6672984910524914,0.0,9930.338213549023,sl,5.400000000000546,10.800000000001091
2026-07-14 20:53:00+00:00,2026-07-14 22:10:00+00:00,4051.7850000000003,4049.7749999999996,4049.825,4055.7050000000013,-0.24631094454962713,0.0,9930.091902604474,sl,1.9600000000004911,3.9200000000009823
2026-07-15 08:29:00+00:00,2026-07-15 12:04:00+00:00,4025.385,4041.795,4017.155,4041.8450000000003,2.0240648797784306,0.0,9932.115967484253,tp,8.230000000000018,16.460000000000036
2026-07-15 12:31:00+00:00,2026-07-15 16:17:00+00:00,4048.355,4035.4649999999997,4035.515,4074.0350000000003,-1.581197484174131,0.0,9930.534770000078,sl,12.840000000000146,25.68000000000029
2026-07-15 17:03:00+00:00,2026-07-15 17:35:00+00:00,4038.165,4056.0549999999994,4029.195,4056.1049999999996,2.1997276861556627,0.0,9932.734497686233,tp,8.9699999999998,17.9399999999996
2026-07-15 18:04:00+00:00,2026-07-15 18:57:00+00:00,4068.255,4060.085,4060.135,4084.495,-0.9973617785278608,0.0,9931.737135907706,sl,8.11999999999989,16.23999999999978
2026-07-16 07:41:00+00:00,2026-07-16 09:02:00+00:00,4027.425,4036.5350000000008,4022.845,4036.585000000001,1.123275111369237,0.0,9932.860411019075,tp,4.580000000000382,9.160000000000764
2026-07-16 09:55:00+00:00,2026-07-16 10:00:00+00:00,4036.025,4031.335,4031.385,4045.305,-0.5771162880269572,0.0,9932.283294731049,sl,4.639999999999873,9.279999999999745
2026-07-16 10:21:00+00:00,2026-07-16 10:58:00+00:00,4032.775,4029.375,4029.425,4039.475,-0.41869138746999857,0.0,9931.86460334358,sl,3.349999999999909,6.699999999999818
2026-07-16 11:36:00+00:00,2026-07-16 12:16:00+00:00,4030.2850000000003,4020.9449999999997,4020.995,4048.865000000001,-1.1508319559936206,0.0,9930.713771387585,sl,9.290000000000418,18.580000000000837
2026-07-16 13:25:00+00:00,2026-07-16 19:35:00+00:00,3998.855,3973.2749999999996,3973.325,4049.9150000000004,-3.1762549313753343,0.0,9927.53751645621,sl,25.5300000000002,51.0600000000004
2026-07-16 19:52:00+00:00,2026-07-17 01:17:00+00:00,3977.7250000000004,3995.0350000000008,3969.045,3995.085000000001,2.160099986925453,0.0,9929.697616443136,tp,8.680000000000291,17.360000000000582
2026-07-17 07:02:00+00:00,2026-07-17 07:07:00+00:00,4000.485,3996.165,3996.215,4009.025,-0.5361386644748821,0.0,9929.161477778662,sl,4.269999999999982,8.539999999999964
2026-07-17 08:05:00+00:00,2026-07-17 08:11:00+00:00,3999.0350000000003,3993.705,3993.755,4009.5950000000007,-0.6616900161734526,0.0,9928.499787762488,sl,5.2800000000002,10.5600000000004
2026-07-17 08:48:00+00:00,2026-07-17 12:20:00+00:00,3995.485,3987.5449999999996,3987.595,4011.265000000001,-0.9865171351517928,0.0,9927.513270627336,sl,7.890000000000327,15.780000000000655
2026-07-17 13:05:00+00:00,2026-07-17 13:30:00+00:00,3974.0750000000003,3963.835,3963.885,3994.4550000000004,-1.2790112905673179,0.0,9926.234259336768,sl,10.190000000000055,20.38000000000011
2026-07-17 13:37:00+00:00,2026-07-17 15:04:00+00:00,3977.315,4004.6249999999995,3963.635,4004.6749999999997,3.4078952461960155,0.0,9929.642154582965,tp,13.679999999999836,27.359999999999673
2026-07-17 16:18:00+00:00,2026-07-17 17:35:00+00:00,4020.375,4010.625,4010.675,4039.7749999999996,-1.2040420484057324,0.0,9928.438112534559,sl,9.699999999999818,19.399999999999636
2026-07-17 18:30:00+00:00,2026-07-17 18:42:00+00:00,4015.005,4008.7349999999997,4008.785,4027.4450000000006,-0.7752332433657744,0.0,9927.662879291192,sl,6.220000000000255,12.44000000000051
2026-07-17 19:32:00+00:00,2026-07-17 20:51:00+00:00,4006.985,4016.735,4002.085,4016.7850000000003,1.207824749444896,0.0,9928.870704040637,tp,4.900000000000091,9.800000000000182
2026-07-20 07:23:00+00:00,2026-07-20 07:36:00+00:00,4006.8250000000003,4016.7950000000005,4001.815,4016.8450000000007,1.235277818712917,0.0,9930.10598185935,tp,5.010000000000218,10.020000000000437
2026-07-20 08:01:00+00:00,2026-07-20 09:06:00+00:00,4022.4350000000004,4015.535,4015.585,4036.135000000001,-0.8516946982963669,0.0,9929.254287161053,sl,6.850000000000364,13.700000000000728
2026-07-20 09:16:00+00:00,2026-07-20 09:31:00+00:00,4020.8250000000003,4014.895,4014.945,4032.5850000000005,-0.7321939890802004,0.0,9928.522093171972,sl,5.880000000000109,11.760000000000218
2026-07-20 09:50:00+00:00,2026-07-20 11:34:00+00:00,4022.7250000000004,4038.875000000001,4014.625,4038.925000000001,1.9929976794925426,0.0,9930.515090851464,tp,8.100000000000364,16.200000000000728
2026-07-20 13:32:00+00:00,2026-07-20 13:58:00+00:00,4013.1850000000004,4006.705,4006.755,4026.045000000001,-0.8017290230667434,0.0,9929.713361828397,sl,6.430000000000291,12.860000000000582
2026-07-20 14:47:00+00:00,2026-07-21 02:36:00+00:00,4012.2650000000003,4040.4350000000004,3998.155,4040.4850000000006,3.4858119466524102,0.0,9933.199173775049,tp,14.110000000000127,28.220000000000255
2026-07-21 07:36:00+00:00,2026-07-21 08:01:00+00:00,4074.445,4067.935,4067.985,4087.3650000000002,-0.7935452143945707,0.0,9932.405628560655,sl,6.460000000000036,12.920000000000073
2026-07-21 09:25:00+00:00,2026-07-21 11:04:00+00:00,4066.855,4058.915,4058.965,4082.6349999999998,-0.9695858432470809,0.0,9931.436042717407,sl,7.889999999999873,15.779999999999745
2026-07-21 12:04:00+00:00,2026-07-21 12:37:00+00:00,4058.335,4054.5649999999996,4054.615,4065.7750000000005,-0.4612915626857931,0.0,9930.974751154721,sl,3.7200000000002547,7.440000000000509
2026-07-21 14:06:00+00:00,2026-07-21 18:25:00+00:00,4057.385,4083.7750000000005,4044.165,4083.8250000000007,3.2296469731486703,0.0,9934.20439812787,tp,13.220000000000255,26.44000000000051
2026-07-21 19:03:00+00:00,2026-07-21 20:45:00+00:00,4084.715,4079.0449999999996,4079.095,4095.955000000001,-0.6894843206611754,0.0,9933.514913807208,sl,5.620000000000346,11.240000000000691
2026-07-22 08:05:00+00:00,2026-07-22 12:01:00+00:00,4114.775000000001,4126.225000000002,4109.025,4126.275000000002,1.3820773403540751,0.0,9934.896991147563,tp,5.7500000000009095,11.500000000001819
2026-07-22 12:21:00+00:00,2026-07-22 12:46:00+00:00,4129.075,4123.304999999999,4123.355,4140.515,-0.6941549334769382,0.0,9934.202836214086,sl,5.720000000000255,11.44000000000051
2026-07-22 13:49:00+00:00,2026-07-22 19:53:00+00:00,4148.395,4131.025,4131.075,4183.035000000002,-2.0798056027095613,0.0,9932.123030611378,sl,17.32000000000062,34.64000000000124
2026-07-23 08:57:00+00:00,2026-07-23 10:21:00+00:00,4094.125,4086.7349999999997,4086.785,4108.805,-0.8963867639144059,0.0,9931.226643847463,sl,7.3400000000001455,14.680000000000291
2026-07-23 10:49:00+00:00,2026-07-23 11:15:00+00:00,4091.0350000000003,4086.3149999999996,4086.365,4100.375000000002,-0.5729037976816023,0.0,9930.653740049782,sl,4.6700000000005275,9.34000000000151
2026-07-23 11:52:00+00:00,2026-07-23 12:16:00+00:00,4083.965,4072.705,4072.755,4106.385,-1.3690024414137083,0.0,9929.284737608368,sl,11.210000000000036,22.420000000000073
2026-07-23 14:38:00+00:00,2026-07-23 15:09:00+00:00,4059.485,4051.4249999999997,4051.475,4075.5050000000006,-0.985716599336214,0.0,9928.299021009032,sl,8.010000000000218,16.020000000000437
2026-07-23 16:58:00+00:00,2026-07-23 17:08:00+00:00,4051.425,4047.8149999999996,4047.865,4058.545000000001,-0.44232781633435625,0.0,9927.856693192698,sl,3.5600000000004,7.1200000000008
2026-07-23 18:29:00+00:00,2026-07-24 01:04:00+00:00,4044.875,4040.4249999999997,4040.475,4053.675,-0.5461103530357577,0.0,9927.310582839662,sl,4.400000000000091,8.800000000000182
2026-07-24 07:01:00+00:00,2026-07-24 07:34:00+00:00,4038.1150000000002,4051.5050000000006,4031.395,4051.5550000000007,1.645900236920275,0.0,9928.956483076583,tp,6.720000000000255,13.44000000000051
2026-07-24 08:27:00+00:00,2026-07-24 08:43:00+00:00,4048.255,4054.785,4044.965,4054.835,0.8007905361012035,0.0,9929.757273612684,tp,3.2899999999999636,6.579999999999927
2026-07-24 08:52:00+00:00,2026-07-24 09:30:00+00:00,4055.9350000000004,4052.0449999999996,4052.095,4063.6150000000016,-0.4761757251331827,0.0,9929.281097887551,sl,3.8400000000006003,7.6800000000012005
2026-07-24 09:53:00+00:00,2026-07-24 11:57:00+00:00,4056.9750000000004,4051.395,4051.445,4068.0350000000008,-0.682841138116655,0.0,9928.598256749434,sl,5.5300000000002,11.0600000000004
2026-07-24 12:25:00+00:00,2026-07-24 13:05:00+00:00,4058.2650000000003,4051.145,4051.195,4072.4050000000007,-0.8709586435097191,0.0,9927.727298105925,sl,7.070000000000164,14.140000000000327
2026-07-24 13:32:00+00:00,2026-07-24 13:48:00+00:00,4049.545,4059.215,4044.685,4059.2650000000003,1.1853322159981554,0.0,9928.912630321924,tp,4.860000000000127,9.720000000000255
2026-07-24 13:53:00+00:00,2026-07-24 15:15:00+00:00,4058.145,4078.395,4047.995,4078.445,2.477246140342681,0.0,9931.389876462266,tp,10.150000000000091,20.300000000000182
2026-07-24 16:26:00+00:00,2026-07-24 16:28:00+00:00,4077.375,4073.5649999999996,4073.615,4084.8950000000004,-0.4640068111140772,0.0,9930.925869651152,sl,3.7600000000002183,7.520000000000437
2026-07-24 17:25:00+00:00,2026-07-24 18:01:00+00:00,4068.5750000000003,4062.6949999999997,4062.745,4080.235000000001,-0.7176203475855105,0.0,9930.208249303567,sl,5.830000000000382,11.660000000000764
2026-07-24 19:36:00+00:00,2026-07-26 22:00:00+00:00,4055.195,4067.5450000000005,4048.995,4067.5950000000007,1.5121106614959658,0.0,9931.720359965062,tp,6.200000000000273,12.400000000000546
2026-07-27 07:02:00+00:00,2026-07-27 07:50:00+00:00,4100.075,4095.035,4095.085,4110.054999999999,-0.6104262801805279,0.0,9931.109933684882,sl,4.989999999999782,9.979999999999563
2026-07-27 08:47:00+00:00,2026-07-27 10:11:00+00:00,4092.5950000000003,4086.975,4087.025,4103.735000000001,-0.6818758981442394,0.0,9930.428057786738,sl,5.570000000000164,11.140000000000327
2026-07-27 10:43:00+00:00,2026-07-27 12:13:00+00:00,4101.015,4086.305,4086.355,4130.335000000001,-1.7809810099456815,0.0,9928.647076776791,sl,14.66000000000031,29.32000000000062
2026-07-27 12:46:00+00:00,2026-07-27 12:49:00+00:00,4088.125,4082.895,4082.945,4098.485,-0.6350934011501947,0.0,9928.011983375642,sl,5.179999999999836,10.359999999999673
2026-07-27 13:39:00+00:00,2026-07-27 13:56:00+00:00,4085.4750000000004,4075.325,4075.375,4105.675000000001,-1.2332632268128942,0.0,9926.778720148828,sl,10.100000000000364,20.200000000000728
2026-07-27 15:19:00+00:00,2026-07-27 16:30:00+00:00,4077.3650000000002,4088.895000000001,4071.575,4088.945000000001,1.4035505607582652,0.0,9928.182270709587,tp,5.790000000000418,11.580000000000837
2026-07-27 18:04:00+00:00,2026-07-27 22:24:00+00:00,4078.7250000000004,4071.805,4071.855,4092.465000000001,-0.8422119818486853,0.0,9927.34005872774,sl,6.870000000000346,13.740000000000691
2026-07-28 07:12:00+00:00,2026-07-28 07:46:00+00:00,4050.7250000000004,4047.2549999999997,4047.305,4057.5650000000014,-0.42520622856145873,0.0,9926.914852499178,sl,3.4200000000005275,6.840000000001055
2026-07-28 08:03:00+00:00,2026-07-28 08:10:00+00:00,4052.175,4046.665,4046.715,4063.0950000000003,-0.6749128657729816,0.0,9926.239939633404,sl,5.460000000000036,10.920000000000073
2026-07-28 10:47:00+00:00,2026-07-28 12:27:00+00:00,4025.005,4034.2350000000006,4020.365,4034.2850000000008,1.1381252277055682,0.0,9927.37806486111,tp,4.640000000000327,9.280000000000655
2026-07-28 12:41:00+00:00,2026-07-28 13:36:00+00:00,4030.715,4025.1949999999997,4025.245,4041.6550000000007,-0.6797693079024151,0.0,9926.698295553208,sl,5.470000000000255,10.94000000000051
2026-07-28 14:06:00+00:00,2026-07-28 14:19:00+00:00,4029.465,4021.4249999999997,4021.475,4045.4450000000006,-0.9903381006690956,0.0,9925.707957452538,sl,7.9900000000002365,15.980000000000473
2026-07-28 15:13:00+00:00,2026-07-28 18:55:00+00:00,4033.155,4022.075,4022.125,4055.2150000000006,-1.363409590860975,0.0,9924.344547861678,sl,11.0300000000002,22.0600000000004
2026-07-28 19:31:00+00:00,2026-07-28 20:03:00+00:00,4025.7050000000004,4023.4249999999997,4023.475,4030.1650000000013,-0.28103780044900367,0.0,9924.063510061229,sl,2.230000000000473,4.460000000000946
2026-07-28 20:28:00+00:00,2026-07-28 22:18:00+00:00,4026.9750000000004,4022.305,4022.355,4036.215000000001,-0.5754366067828974,0.0,9923.488073454446,sl,4.620000000000346,9.240000000000691
2026-07-29 07:02:00+00:00,2026-07-29 08:12:00+00:00,4042.7050000000004,4039.4249999999997,4039.475,4049.1650000000013,-0.4025651250949189,0.0,9923.085508329352,sl,3.230000000000473,6.460000000000946
2026-07-29 11:02:00+00:00,2026-07-29 11:06:00+00:00,4028.7050000000004,4025.7149999999997,4025.765,4034.5850000000014,-0.3682327903124158,0.0,9922.71727553904,sl,2.9400000000005093,5.880000000001019
2026-07-29 11:18:00+00:00,2026-07-29 12:16:00+00:00,4029.6150000000002,4024.645,4024.695,4039.4550000000004,-0.611918320477658,0.0,9922.105357218563,sl,4.920000000000073,9.840000000000146
2026-07-29 13:01:00+00:00,2026-07-29 13:04:00+00:00,4024.815,4018.665,4018.715,4037.015,-0.7580590405632938,0.0,9921.347298178,sl,6.099999999999909,12.199999999999818
2026-07-29 13:22:00+00:00,2026-07-29 13:29:00+00:00,4019.405,4013.9249999999997,4013.975,4030.265000000001,-0.6763312380068708,0.0,9920.670966939993,sl,5.430000000000291,10.860000000000582
2026-07-29 14:19:00+00:00,2026-07-29 17:03:00+00:00,4008.215,4033.285,3995.655,4033.335,3.1025184669632586,0.0,9923.773485406957,tp,12.559999999999945,25.11999999999989
2026-07-29 18:01:00+00:00,2026-07-30 05:37:00+00:00,4076.3650000000002,4036.115,4036.165,4156.765000000001,-4.899363560275325,0.0,9918.874121846682,sl,40.20000000000027,80.400000000001
2026-07-30 07:02:00+00:00,2026-07-30 08:23:00+00:00,4043.2050000000004,4061.575000000001,4033.995,4061.6250000000014,2.2532831951178767,0.0,9921.1274050418,tp,9.210000000000491,18.420000000000982
2026-07-30 09:22:00+00:00,2026-07-30 09:30:00+00:00,4071.875,4064.2149999999997,4064.265,4087.0950000000003,-0.9331798731864713,0.0,9920.194225168612,sl,7.610000000000127,15.220000000000255
2026-07-30 10:17:00+00:00,2026-07-30 13:48:00+00:00,4074.795,4100.145,4062.095,4100.195000000001,3.0857616592739996,0.0,9923.279986827887,tp,12.700000000000273,25.400000000000546
2026-07-30 15:52:00+00:00,2026-07-31 00:36:00+00:00,4107.515,4091.785,4091.835,4138.875000000001,-1.9000928078510653,0.0,9921.379894020036,sl,15.680000000000291,31.360000000000582
2026-07-31 08:58:00+00:00,2026-07-31 09:10:00+00:00,4063.6150000000002,4057.555,4057.605,4075.6350000000007,-0.7397792625256746,0.0,9920.64011475751,sl,6.010000000000218,12.020000000000437
2026-07-31 09:48:00+00:00,2026-07-31 12:23:00+00:00,4055.005,4050.075,4050.125,4064.7650000000003,-0.6030665284723129,0.0,9920.037048229038,sl,4.880000000000109,9.760000000000218
2026-07-31 14:17:00+00:00,2026-08-02 22:00:00+00:00,4033.7450000000003,4060.0950000000007,4020.545,4060.145000000001,3.240078093940479,0.0,9923.277126322979,tp,13.200000000000273,26.400000000000546
2026-08-03 07:53:00+00:00,2026-08-03 08:27:00+00:00,4061.335,4056.395,4056.445,4071.115,-0.603508316896243,0.0,9922.673618006083,sl,4.889999999999873,9.779999999999745
2026-08-03 09:13:00+00:00,2026-08-03 09:21:00+00:00,4061.135,4057.0049999999997,4057.055,4069.295000000001,-0.5045466605071084,0.0,9922.169071345576,sl,4.080000000000382,8.160000000000764
2026-08-03 12:01:00+00:00,2026-08-03 12:19:00+00:00,4063.8650000000002,4052.375,4052.425,4086.7450000000003,-1.402676056288324,0.0,9920.766395289287,sl,11.440000000000055,22.88000000000011
2026-08-03 15:47:00+00:00,2026-08-03 17:53:00+00:00,4038.8650000000002,4030.5249999999996,4030.575,4055.445000000001,-1.0242876617158363,0.0,9919.742107627571,sl,8.290000000000418,16.580000000000837
2026-08-03 18:11:00+00:00,2026-08-03 19:25:00+00:00,4037.395,4053.2049999999995,4029.465,4053.2549999999997,1.9422315963831487,0.0,9921.684339223955,tp,7.929999999999836,15.859999999999673
2026-08-03 20:25:00+00:00,2026-08-03 22:00:00+00:00,4054.155,4049.8849999999998,4049.935,4062.5950000000007,-0.5224959594353278,0.0,9921.16184326452,sl,4.220000000000255,8.44000000000051
2026-08-04 07:34:00+00:00,2026-08-04 08:27:00+00:00,4066.3050000000003,4060.515,4060.565,4077.7850000000008,-0.7063356914017236,0.0,9920.455507573117,sl,5.7400000000002365,11.480000000000473
2026-08-04 10:31:00+00:00,2026-08-04 11:31:00+00:00,4050.915,4061.9249999999993,4045.385,4061.9749999999995,1.348142520126603,0.0,9921.803650093243,tp,5.529999999999745,11.05999999999949
2026-08-04 11:44:00+00:00,2026-08-04 13:23:00+00:00,4064.965,4084.335,4055.255,4084.385,2.3639236340571816,0.0,9924.1675737273,tp,9.710000000000036,19.420000000000073
2026-08-04 13:49:00+00:00,2026-08-04 14:37:00+00:00,4092.3250000000003,4075.765,4075.815,4125.345000000001,-2.007956540853036,0.0,9922.159617186448,sl,16.51000000000022,33.02000000000089
2026-08-04 15:10:00+00:00,2026-08-04 17:06:00+00:00,4084.815,4105.964999999999,4074.215,4106.014999999999,2.568704774922307,0.0,9924.72832196137,tp,10.599999999999909,21.199999999999363
2026-08-05 07:01:00+00:00,2026-08-05 07:04:00+00:00,4178.6050000000005,4172.6449999999995,4172.695,4190.425000000002,-0.707788613650957,0.0,9924.020533347719,sl,5.910000000000764,11.820000000001528
2026-08-05 08:44:00+00:00,2026-08-05 08:46:00+00:00,4166.795,4161.875,4161.925,4176.535,-0.585896126688156,0.0,9923.434637221031,sl,4.869999999999891,9.739999999999782
2026-08-05 09:39:00+00:00,2026-08-05 09:56:00+00:00,4158.705,4154.385,4154.435,4167.244999999999,-0.5154157079282129,0.0,9922.919221513102,sl,4.269999999999527,8.539999999999054
2026-08-05 10:56:00+00:00,2026-08-05 11:12:00+00:00,4159.595,4170.705,4154.015,4170.755,1.325172673673847,0.0,9924.244394186777,tp,5.579999999999927,11.159999999999854
2026-08-05 11:28:00+00:00,2026-08-05 14:07:00+00:00,4176.455,4222.364999999999,4153.475,4222.414999999999,5.454650656323419,0.0,9929.6990448431,tp,22.979999999999563,45.95999999999913
2026-08-05 14:19:00+00:00,2026-08-07 12:30:00+00:00,4235.645,4328.335000000002,4189.275,4328.385000000002,10.86474202236638,0.0,9940.563786865467,tp,46.3700000000008,92.7400000000016
2026-08-07 13:38:00+00:00,2026-08-07 14:02:00+00:00,4359.375,4338.815,4338.865,4400.395,-2.344120332134285,0.0,9938.219666533332,sl,20.51000000000022,41.02000000000044
2026-08-07 14:19:00+00:00,2026-08-07 20:59:00+00:00,4345.685,4340.345,4327.125,4382.805000000001,-0.6106067630222788,0.0,9937.60905977031,eod,18.5600000000004,37.1200000000008
